Gene family,Product name,Class,Subclass
16S,16S ribosomal RNA,TETRACYCLINE,TETRACYCLINE
16S,16S ribosomal RNA,AMINOGLYCOSIDE,GENTAMICIN C/NEOMYCIN/PAROMOMYCIN
16S,16S ribosomal RNA,EDEINE,EDEINE
16S,16S ribosomal RNA,AMINOGLYCOSIDE,KASUGAMYCIN
16S,16S ribosomal RNA,AMINOGLYCOSIDE,KASUGAMYCIN
16S,16S ribosomal RNA,AMINOGLYCOSIDE,KASUGAMYCIN
16S,16S ribosomal RNA,AMINOGLYCOSIDE,STREPTOMYCIN
16S,16S ribosomal RNA,AMINOGLYCOSIDE,KASUGAMYCIN
16S,16S ribosomal RNA,AMINOGLYCOSIDE,KASUGAMYCIN
16S,16S ribosomal RNA,TETRACYCLINE,TETRACYCLINE
16S,16S ribosomal RNA,TETRACYCLINE,TETRACYCLINE
16S,16S ribosomal RNA,AMINOGLYCOSIDE,SPECTINOMYCIN
16S,16S ribosomal RNA,AMINOGLYCOSIDE,SPECTINOMYCIN
16S,16S ribosomal RNA,AMINOGLYCOSIDE,SPECTINOMYCIN
16S,16S ribosomal RNA,AMINOGLYCOSIDE,SPECTINOMYCIN
16S,16S ribosomal RNA,AMINOGLYCOSIDE,SPECTINOMYCIN
16S,16S ribosomal RNA,AMINOGLYCOSIDE,SPECTINOMYCIN
16S,16S ribosomal RNA,AMINOGLYCOSIDE,SPECTINOMYCIN
16S,16S ribosomal RNA,AMINOGLYCOSIDE,STREPTOMYCIN
16S,16S ribosomal RNA,TETRACYCLINE,TETRACYCLINE
16S,16S ribosomal RNA,TETRACYCLINE,TETRACYCLINE
16S,16S ribosomal RNA,AMINOGLYCOSIDE,SPECTINOMYCIN
16S,16S ribosomal RNA,AMINOGLYCOSIDE,SPECTINOMYCIN
16S,16S ribosomal RNA,AMINOGLYCOSIDE,SPECTINOMYCIN
16S,16S ribosomal RNA,AMINOGLYCOSIDE,SPECTINOMYCIN
16S,16S ribosomal RNA,AMINOGLYCOSIDE,STREPTOMYCIN
16S,16S ribosomal RNA,AMINOGLYCOSIDE,KASUGAMYCIN
16S,16S ribosomal RNA,AMINOGLYCOSIDE,KASUGAMYCIN
16S,16S ribosomal RNA,AMINOGLYCOSIDE,KASUGAMYCIN
16S,16S ribosomal RNA,AMINOGLYCOSIDE,G418/TOBRAMYCIN
pbp2,Neisseria gonorrhoeae penicillin-binding protein PBP2,BETA-LACTAM,BETA-LACTAM
23S,23S ribosomal RNA,MACROLIDE,AZITHROMYCIN/ERYTHROMYCIN/TELITHROMYCIN
23S,23S ribosomal RNA,MACROLIDE,AZITHROMYCIN/ERYTHROMYCIN/TELITHROMYCIN
23S,23S ribosomal RNA,MACROLIDE,AZITHROMYCIN
23S,23S ribosomal RNA,MACROLIDE,MACROLIDE
23S,23S ribosomal RNA,MACROLIDE,MACROLIDE
23S,23S ribosomal RNA,MACROLIDE,MACROLIDE
23S,23S ribosomal RNA,MACROLIDE,MACROLIDE
23S,23S ribosomal RNA,MACROLIDE,MACROLIDE
23S,23S ribosomal RNA,MACROLIDE,MACROLIDE
23S,23S ribosomal RNA,MACROLIDE,MACROLIDE
23S,23S ribosomal RNA,MACROLIDE,MACROLIDE
23S,23S ribosomal RNA,MACROLIDE,MACROLIDE
23S,23S ribosomal RNA,MACROLIDE,MACROLIDE
23S,23S ribosomal RNA,MACROLIDE/STREPTOGRAMIN,MACROLIDE/STREPTOGRAMIN
23S,23S ribosomal RNA,OXAZOLIDINONE,LINEZOLID
23S,23S ribosomal RNA,OXAZOLIDINONE,LINEZOLID
23S,23S ribosomal RNA,OXAZOLIDINONE,LINEZOLID
23S,23S ribosomal RNA,MACROLIDE,ERYTHROMYCIN/TELITHROMYCIN
23S,23S ribosomal RNA,MACROLIDE,AZITHROMYCIN
23S,23S ribosomal RNA,MACROLIDE,MACROLIDE
23S,23S ribosomal RNA,MACROLIDE,MACROLIDE
23S,23S ribosomal RNA,MACROLIDE,MACROLIDE
23S,23S ribosomal RNA,MACROLIDE,MACROLIDE
23S,23S ribosomal RNA,LINCOSAMIDE/MACROLIDE,CLINDAMYCIN/ERYTHROMYCIN
23S,23S ribosomal RNA,LINCOSAMIDE/OXAZOLIDINONE,CLINDAMYCIN/LINEZOLID
23S,23S ribosomal RNA,OXAZOLIDINONE,LINEZOLID
23S,23S ribosomal RNA,MACROLIDE/OXAZOLIDINONE,CLARITHROMYCIN/LINEZOLID
23S,23S ribosomal RNA,MULTIDRUG,CHLORAMPHENICOL/ERYTHROMYCIN/TELITHROMYCIN
23S,23S ribosomal RNA,OXAZOLIDINONE,LINEZOLID
23S,23S ribosomal RNA,OXAZOLIDINONE,LINEZOLID
23S,23S ribosomal RNA,OXAZOLIDINONE,LINEZOLID
23S,23S ribosomal RNA,OXAZOLIDINONE,LINEZOLID
23S,23S ribosomal RNA,OXAZOLIDINONE,LINEZOLID
23S,23S ribosomal RNA,OXAZOLIDINONE,LINEZOLID
23S,23S ribosomal RNA,OXAZOLIDINONE,LINEZOLID
23S,23S ribosomal RNA,OXAZOLIDINONE,LINEZOLID
23S,23S ribosomal RNA,OXAZOLIDINONE,LINEZOLID
23S,23S ribosomal RNA,OXAZOLIDINONE,LINEZOLID
23S,23S ribosomal RNA,OXAZOLIDINONE,LINEZOLID
23S,23S ribosomal RNA,OXAZOLIDINONE,LINEZOLID
23S,23S ribosomal RNA,OXAZOLIDINONE,LINEZOLID
23S,23S ribosomal RNA,MACROLIDE,TELITHROMYCIN
23S,23S ribosomal RNA,MACROLIDE,ERYTHROMYCIN/TELITHROMYCIN
nimB,nimB promoter region,NITROIMIDAZOLE,METRONIDAZOLE
aac(2')-I(A267),aminoglycoside N-acetyltransferase AAC(2')-I(A267),AMINOGLYCOSIDE,GENTAMICIN/TOBRAMYCIN
aac(2')-IIa,kasugamycin N-acetyltransferase AAC(2')-IIa,AMINOGLYCOSIDE,KASUGAMYCIN
aac(2')-IIb,kasugamycin N-acetyltransferase AAC(2')-IIb,AMINOGLYCOSIDE,KASUGAMYCIN
aac(2')-Ia,aminoglycoside N-acetyltransferase AAC(2')-Ia,AMINOGLYCOSIDE,GENTAMICIN/PLAZOMICIN/TOBRAMYCIN
aac(2')-Ib,aminoglycoside N-acetyltransferase AAC(2')-Ib,AMINOGLYCOSIDE,GENTAMICIN/TOBRAMYCIN
aac(2')-Ic,aminoglycoside N-acetyltransferase AAC(2')-Ic,AMINOGLYCOSIDE,GENTAMICIN/TOBRAMYCIN
aac(2')-Id,aminoglycoside N-acetyltransferase AAC(2')-Id,AMINOGLYCOSIDE,GENTAMICIN/TOBRAMYCIN
aac(2')-Ie,aminoglycoside N-acetyltransferase AAC(2')-Ie,AMINOGLYCOSIDE,GENTAMICIN/TOBRAMYCIN
aac(3)-C1264,aminoglycoside N-acetyltransferase AAC(3)-C1264,AMINOGLYCOSIDE,GENTAMICIN/KANAMYCIN/TOBRAMYCIN
aac(3)-C322,aminoglycoside N-acetyltransferase AAC(3)-C322,AMINOGLYCOSIDE,GENTAMICIN/KANAMYCIN/TOBRAMYCIN
aac(3)-IIIa,aminoglycoside N-acetyltransferase AAC(3)-IIIa,AMINOGLYCOSIDE,GENTAMICIN
aac(3)-IIIb,aminoglycoside N-acetyltransferase AAC(3)-IIIb,AMINOGLYCOSIDE,GENTAMICIN
aac(3)-IIIc,aminoglycoside N-acetyltransferase AAC(3)-IIIc,AMINOGLYCOSIDE,GENTAMICIN
aac(3)-IIa,aminoglycoside N-acetyltransferase AAC(3)-IIa,AMINOGLYCOSIDE,GENTAMICIN
aac(3)-IIb,aminoglycoside N-acetyltransferase AAC(3)-IIb,AMINOGLYCOSIDE,GENTAMICIN
aac(3)-IIc,aminoglycoside N-acetyltransferase AAC(3)-IIc,AMINOGLYCOSIDE,GENTAMICIN
aac(3)-IId,aminoglycoside N-acetyltransferase AAC(3)-IId,AMINOGLYCOSIDE,GENTAMICIN
aac(3)-IId,aminoglycoside N-acetyltransferase AAC(3)-IId,AMINOGLYCOSIDE,GENTAMICIN
aac(3)-IIe,aminoglycoside N-acetyltransferase AAC(3)-IIe,AMINOGLYCOSIDE,GENTAMICIN
aac(3)-IIe,aminoglycoside N-acetyltransferase AAC(3)-IIe,AMINOGLYCOSIDE,GENTAMICIN
aac(3)-IIe,aminoglycoside N-acetyltransferase AAC(3)-IIe,AMINOGLYCOSIDE,GENTAMICIN
aac(3)-IIe,aminoglycoside N-acetyltransferase AAC(3)-IIe,AMINOGLYCOSIDE,GENTAMICIN
aac(3)-IIg,aminoglycoside N-acetyltransferase AAC(3)-IIg,AMINOGLYCOSIDE,GENTAMICIN
aac(3)-IVa,aminoglycoside N-acetyltransferase AAC(3)-IVa,AMINOGLYCOSIDE,APRAMYCIN/GENTAMICIN/TOBRAMYCIN
aac(3)-IVb,aminoglycoside N-acetyltransferase AAC(3)-IVb,AMINOGLYCOSIDE,APRAMYCIN/GENTAMICIN/TOBRAMYCIN
aac(3)-IXa,aminoglycoside N-acetyltransferase AAC(3)-IXa,AMINOGLYCOSIDE,AMINOGLYCOSIDE
aac(3)-I,AAC(3)-I family aminoglycoside 3-N-acetyltransferase,AMINOGLYCOSIDE,GENTAMICIN
aac(3)-I,AAC(3)-I family aminoglycoside 3-N-acetyltransferase,AMINOGLYCOSIDE,GENTAMICIN
aac(3)-I,AAC(3)-I family aminoglycoside 3-N-acetyltransferase,AMINOGLYCOSIDE,GENTAMICIN
aac(3)-Ia,aminoglycoside N-acetyltransferase AAC(3)-Ia,AMINOGLYCOSIDE,GENTAMICIN
aac(3)-Ia,aminoglycoside N-acetyltransferase AAC(3)-Ia,AMINOGLYCOSIDE,GENTAMICIN
aac(3)-Ia,aminoglycoside N-acetyltransferase AAC(3)-Ia,AMINOGLYCOSIDE,GENTAMICIN
aac(3)-Ia,aminoglycoside N-acetyltransferase AAC(3)-Ia,AMINOGLYCOSIDE,GENTAMICIN
aac(3)-Ia,aminoglycoside N-acetyltransferase AAC(3)-Ia,AMINOGLYCOSIDE,GENTAMICIN
aac(3)-Ia,aminoglycoside N-acetyltransferase AAC(3)-Ia,AMINOGLYCOSIDE,GENTAMICIN
aac(3)-Ia,aminoglycoside N-acetyltransferase AAC(3)-Ia,AMINOGLYCOSIDE,GENTAMICIN
aac(3)-Ib/aac(6')-Ib'',bifunctional aminoglycoside N-acetyltransferase AAC(3)-Ib/aminoglycoside N-acetyltransferase AAC(6')-Ib'',AMINOGLYCOSIDE,GENTAMICIN/KANAMYCIN/TOBRAMYCIN
aac(3)-Ib,aminoglycoside N-acetyltransferase AAC(3)-Ib,AMINOGLYCOSIDE,GENTAMICIN
aac(3)-Ib,aminoglycoside N-acetyltransferase AAC(3)-Ib,AMINOGLYCOSIDE,GENTAMICIN
aac(3)-Ic,aminoglycoside N-acetyltransferase AAC(3)-Ic,AMINOGLYCOSIDE,GENTAMICIN
aac(3)-Id,aminoglycoside N-acetyltransferase AAC(3)-Id,AMINOGLYCOSIDE,GENTAMICIN
aac(3)-Id,aminoglycoside N-acetyltransferase AAC(3)-Id,AMINOGLYCOSIDE,GENTAMICIN
aac(3)-If,aminoglycoside N-acetyltransferase AAC(3)-If,AMINOGLYCOSIDE,GENTAMICIN
aac(3)-If,aminoglycoside N-acetyltransferase AAC(3)-If,AMINOGLYCOSIDE,GENTAMICIN
aac(3)-Ig,aminoglycoside N-acetyltransferase AAC(3)-Ig,AMINOGLYCOSIDE,GENTAMICIN
aac(3)-Ih,aminoglycoside N-acetyltransferase AAC(3)-Ih,AMINOGLYCOSIDE,GENTAMICIN
aac(3)-Ii,aminoglycoside N-acetyltransferase AAC(3)-Ii,AMINOGLYCOSIDE,GENTAMICIN
aac(3)-VIII,aminoglycoside N-acetyltransferase AAC(3)-VIII,AMINOGLYCOSIDE,AMINOGLYCOSIDE
aac(3)-VIII,aminoglycoside N-acetyltransferase AAC(3)-VIII,AMINOGLYCOSIDE,AMINOGLYCOSIDE
aac(3)-VIII,aminoglycoside N-acetyltransferase AAC(3)-VIII,AMINOGLYCOSIDE,AMINOGLYCOSIDE
aac(3)-VIIa,aminoglycoside N-acetyltransferase AAC(3)-VIIa,AMINOGLYCOSIDE,AMINOGLYCOSIDE
aac(3)-VIa,aminoglycoside N-acetyltransferase AAC(3)-VIa,AMINOGLYCOSIDE,GENTAMICIN
aac(3)-VIa,aminoglycoside N-acetyltransferase AAC(3)-VIa,AMINOGLYCOSIDE,GENTAMICIN
aac(3)-XI,aminoglycoside N-acetyltransferase AAC(3)-XI,AMINOGLYCOSIDE,AMINOGLYCOSIDE
aac(3)-Xa,aminoglycoside N-acetyltransferase AAC(3)-Xa,AMINOGLYCOSIDE,AMINOGLYCOSIDE
aac(6')-29,aminoglycoside 6'-N-acetyltransferase AAC(6')-29,AMINOGLYCOSIDE,AMINOGLYCOSIDE
aac(6')-30/aac(6')-Ib',bifunctional aminoglycoside N-acetyltransferase AAC(6')-30/aminoglycoside N-acetyltransferase AAC(6')-Ib',AMINOGLYCOSIDE,AMINOGLYCOSIDE/GENTAMICIN
aac(6')-30,aminoglycoside 6'-N-acetyltransferase AAC(6')-30,AMINOGLYCOSIDE,AMINOGLYCOSIDE
aac(6')-31,aminoglycoside N-acetyltransferase AAC(6')-31,AMINOGLYCOSIDE,AMINOGLYCOSIDE
aac(6')-31,aminoglycoside N-acetyltransferase AAC(6')-31,AMINOGLYCOSIDE,AMINOGLYCOSIDE
aac(6')-31,aminoglycoside N-acetyltransferase AAC(6')-31,AMINOGLYCOSIDE,AMINOGLYCOSIDE
aac(6')-35,aminoglycoside 6'-N-acetyltransferase AAC(6')-35,AMINOGLYCOSIDE,KANAMYCIN
aac(6')-D292,aminoglycoside 6'-N-acetyltransferase AAC(6')-D292,AMINOGLYCOSIDE,AMIKACIN/KANAMYCIN/TOBRAMYCIN
aac(6')-D42,aminoglycoside 6'-N-acetyltransferase AAC(6')-D42,AMINOGLYCOSIDE,KANAMYCIN
aac(6')-E111,aminoglycoside 6'-N-acetyltransferase AAC(6')-E111,AMINOGLYCOSIDE,AMIKACIN/KANAMYCIN/TOBRAMYCIN
aac(6')-E141,aminoglycoside 6'-N-acetyltransferase AAC(6')-E141,AMINOGLYCOSIDE,AMIKACIN/KANAMYCIN/TOBRAMYCIN
aac(6')-E449,aminoglycoside 6'-N-acetyltransferase AAC(6')-E449,AMINOGLYCOSIDE,AMIKACIN/KANAMYCIN/TOBRAMYCIN
aac(6')-E526,aminoglycoside 6'-N-acetyltransferase AAC(6')-E526,AMINOGLYCOSIDE,AMIKACIN/KANAMYCIN/TOBRAMYCIN
aac(6')-E550,aminoglycoside 6'-N-acetyltransferase AAC(6')-E550,AMINOGLYCOSIDE,AMIKACIN/KANAMYCIN/TOBRAMYCIN
aac(6')-E553,aminoglycoside 6'-N-acetyltransferase AAC(6')-E553,AMINOGLYCOSIDE,AMIKACIN/KANAMYCIN/TOBRAMYCIN
aac(6')-E606,aminoglycoside 6'-N-acetyltransferase AAC(6')-E606,AMINOGLYCOSIDE,AMIKACIN/KANAMYCIN/TOBRAMYCIN
aac(6')-E64,aminoglycoside 6'-N-acetyltransferase AAC(6')-E64,AMINOGLYCOSIDE,AMIKACIN/KANAMYCIN/TOBRAMYCIN
aac(6')-E657,aminoglycoside 6'-N-acetyltransferase AAC(6')-E657,AMINOGLYCOSIDE,TOBRAMYCIN
aac(6')-E963,aminoglycoside 6'-N-acetyltransferase AAC(6')-E963,AMINOGLYCOSIDE,KANAMYCIN/TOBRAMYCIN
aac(6')-F309,aminoglycoside 6'-N-acetyltransferase AAC(6')-F309,AMINOGLYCOSIDE,AMIKACIN/KANAMYCIN/TOBRAMYCIN
aac(6')-F72,aminoglycoside 6'-N-acetyltransferase AAC(6')-F72,AMINOGLYCOSIDE,AMIKACIN/KANAMYCIN/TOBRAMYCIN
aac(6')-III,tobramycin N-acetyltransferase AAC(6')-III,AMINOGLYCOSIDE,TOBRAMYCIN
aac(6')-III,tobramycin N-acetyltransferase AAC(6')-III,AMINOGLYCOSIDE,TOBRAMYCIN
aac(6')-III,tobramycin N-acetyltransferase AAC(6')-III,AMINOGLYCOSIDE,TOBRAMYCIN
aac(6')-IIa,aminoglycoside N-acetyltransferase AAC(6')-IIa,AMINOGLYCOSIDE,GENTAMICIN/KANAMYCIN/TOBRAMYCIN
aac(6')-IIa,aminoglycoside N-acetyltransferase AAC(6')-IIa,AMINOGLYCOSIDE,GENTAMICIN/KANAMYCIN/TOBRAMYCIN
aac(6')-IIa,aminoglycoside N-acetyltransferase AAC(6')-IIa,AMINOGLYCOSIDE,GENTAMICIN/KANAMYCIN/TOBRAMYCIN
aac(6')-IIc,aminoglycoside N-acetyltransferase AAC(6')-IIc,AMINOGLYCOSIDE,GENTAMICIN/KANAMYCIN/TOBRAMYCIN
aac(6')-IIc,aminoglycoside N-acetyltransferase AAC(6')-IIc,AMINOGLYCOSIDE,GENTAMICIN/KANAMYCIN/TOBRAMYCIN
aac(6')-I,aminoglycoside 6'-N-acetyltransferase,AMINOGLYCOSIDE,AMINOGLYCOSIDE
aac(6')-I,aminoglycoside 6'-N-acetyltransferase,AMINOGLYCOSIDE,AMINOGLYCOSIDE
aac(6')-I,aminoglycoside 6'-N-acetyltransferase,AMINOGLYCOSIDE,AMINOGLYCOSIDE
aac(6')-I,aminoglycoside 6'-N-acetyltransferase,AMINOGLYCOSIDE,AMINOGLYCOSIDE
aac(6')-I,aminoglycoside 6'-N-acetyltransferase,AMINOGLYCOSIDE,AMINOGLYCOSIDE
aac(6')-I,aminoglycoside 6'-N-acetyltransferase,AMINOGLYCOSIDE,AMINOGLYCOSIDE
aac(6')-I,aminoglycoside 6'-N-acetyltransferase,AMINOGLYCOSIDE,AMINOGLYCOSIDE
aac(6')-I,aminoglycoside 6'-N-acetyltransferase,AMINOGLYCOSIDE,AMINOGLYCOSIDE
aac(6')-I,AAC(6')-Ighjkrstuvwx family aminoglycoside N-acetyltransferase,AMINOGLYCOSIDE,AMIKACIN/KANAMYCIN/TOBRAMYCIN
aac(6')-I,aminoglycoside 6'-N-acetyltransferase,AMINOGLYCOSIDE,AMINOGLYCOSIDE
aac(6')-I,aminoglycoside 6'-N-acetyltransferase,AMINOGLYCOSIDE,AMINOGLYCOSIDE
aac(6')-I,aminoglycoside 6'-N-acetyltransferase,AMINOGLYCOSIDE,AMINOGLYCOSIDE
aac(6')-I,aminoglycoside 6'-N-acetyltransferase,AMINOGLYCOSIDE,AMINOGLYCOSIDE
aac(6')-I,aminoglycoside 6'-N-acetyltransferase,AMINOGLYCOSIDE,AMINOGLYCOSIDE
aac(6')-I,AAC(6')-Ighjkrstuvwx family aminoglycoside N-acetyltransferase,AMINOGLYCOSIDE,AMIKACIN/KANAMYCIN/TOBRAMYCIN
aac(6')-I,AAC(6')-Ighjkrstuvwx family aminoglycoside N-acetyltransferase,AMINOGLYCOSIDE,AMIKACIN/KANAMYCIN/TOBRAMYCIN
aac(6')-I,AAC(6')-Ighjkrstuvwx family aminoglycoside N-acetyltransferase,AMINOGLYCOSIDE,AMIKACIN/KANAMYCIN/TOBRAMYCIN
aac(6')-I,aminoglycoside 6'-N-acetyltransferase,AMINOGLYCOSIDE,AMINOGLYCOSIDE
aac(6')-I,aminoglycoside 6'-N-acetyltransferase,AMINOGLYCOSIDE,AMINOGLYCOSIDE
aac(6')-I,aminoglycoside 6'-N-acetyltransferase,AMINOGLYCOSIDE,AMINOGLYCOSIDE
aac(6')-I,aminoglycoside 6'-N-acetyltransferase,AMINOGLYCOSIDE,AMINOGLYCOSIDE
aac(6')-I,aminoglycoside 6'-N-acetyltransferase,AMINOGLYCOSIDE,AMINOGLYCOSIDE
aac(6')-I,aminoglycoside 6'-N-acetyltransferase,AMINOGLYCOSIDE,AMINOGLYCOSIDE
aac(6')-I,aminoglycoside 6'-N-acetyltransferase,AMINOGLYCOSIDE,AMINOGLYCOSIDE
aac(6')-I,aminoglycoside 6'-N-acetyltransferase,AMINOGLYCOSIDE,AMINOGLYCOSIDE
aac(6')-I,aminoglycoside 6'-N-acetyltransferase,AMINOGLYCOSIDE,AMINOGLYCOSIDE
aac(6')-I,AAC(6')-Ighjkrstuvwx family aminoglycoside N-acetyltransferase,AMINOGLYCOSIDE,AMIKACIN/KANAMYCIN/TOBRAMYCIN
aac(6')-I,AAC(6')-Ighjkrstuvwx family aminoglycoside N-acetyltransferase,AMINOGLYCOSIDE,AMIKACIN/KANAMYCIN/TOBRAMYCIN
aac(6')-I,AAC(6')-Ighjkrstuvwx family aminoglycoside N-acetyltransferase,AMINOGLYCOSIDE,AMIKACIN/KANAMYCIN/TOBRAMYCIN
aac(6')-I,AAC(6')-Ighjkrstuvwx family aminoglycoside N-acetyltransferase,AMINOGLYCOSIDE,AMIKACIN/KANAMYCIN/TOBRAMYCIN
aac(6')-I,AAC(6')-Ighjkrstuvwx family aminoglycoside N-acetyltransferase,AMINOGLYCOSIDE,AMIKACIN/KANAMYCIN/TOBRAMYCIN
aac(6')-I,AAC(6')-Ighjkrstuvwx family aminoglycoside N-acetyltransferase,AMINOGLYCOSIDE,AMIKACIN/KANAMYCIN/TOBRAMYCIN
aac(6')-I,AAC(6')-Ighjkrstuvwx family aminoglycoside N-acetyltransferase,AMINOGLYCOSIDE,AMIKACIN/KANAMYCIN/TOBRAMYCIN
aac(6')-I,AAC(6')-Ighjkrstuvwx family aminoglycoside N-acetyltransferase,AMINOGLYCOSIDE,AMIKACIN/KANAMYCIN/TOBRAMYCIN
aac(6')-I,AAC(6')-Ighjkrstuvwx family aminoglycoside N-acetyltransferase,AMINOGLYCOSIDE,AMIKACIN/KANAMYCIN/TOBRAMYCIN
aac(6')-I,aminoglycoside 6'-N-acetyltransferase,AMINOGLYCOSIDE,AMINOGLYCOSIDE
aac(6')-I,aminoglycoside 6'-N-acetyltransferase,AMINOGLYCOSIDE,AMINOGLYCOSIDE
aac(6')-I,AAC(6')-Ighjkrstuvwx family aminoglycoside N-acetyltransferase,AMINOGLYCOSIDE,AMIKACIN/KANAMYCIN/TOBRAMYCIN
aac(6')-I,AAC(6')-Ighjkrstuvwx family aminoglycoside N-acetyltransferase,AMINOGLYCOSIDE,AMIKACIN/KANAMYCIN/TOBRAMYCIN
aac(6')-I,aminoglycoside 6'-N-acetyltransferase,AMINOGLYCOSIDE,AMINOGLYCOSIDE
aac(6')-I,aminoglycoside 6'-N-acetyltransferase,AMINOGLYCOSIDE,AMINOGLYCOSIDE
aac(6')-I,AAC(6')-Ighjkrstuvwx family aminoglycoside N-acetyltransferase,AMINOGLYCOSIDE,AMIKACIN/KANAMYCIN/TOBRAMYCIN
aac(6')-I,AAC(6')-Ighjkrstuvwx family aminoglycoside N-acetyltransferase,AMINOGLYCOSIDE,AMIKACIN/KANAMYCIN/TOBRAMYCIN
aac(6')-I,AAC(6')-Ighjkrstuvwx family aminoglycoside N-acetyltransferase,AMINOGLYCOSIDE,AMIKACIN/KANAMYCIN/TOBRAMYCIN
aac(6')-I,AAC(6')-Ighjkrstuvwx family aminoglycoside N-acetyltransferase,AMINOGLYCOSIDE,AMIKACIN/KANAMYCIN/TOBRAMYCIN
aac(6')-I,AAC(6')-Ighjkrstuvwx family aminoglycoside N-acetyltransferase,AMINOGLYCOSIDE,AMIKACIN/KANAMYCIN/TOBRAMYCIN
aac(6')-I,AAC(6')-Ighjkrstuvwx family aminoglycoside N-acetyltransferase,AMINOGLYCOSIDE,AMIKACIN/KANAMYCIN/TOBRAMYCIN
aac(6')-I,AAC(6')-Ighjkrstuvwx family aminoglycoside N-acetyltransferase,AMINOGLYCOSIDE,AMIKACIN/KANAMYCIN/TOBRAMYCIN
aac(6')-Ia,aminoglycoside 6'-N-acetyltransferase AAC(6')-Ia,AMINOGLYCOSIDE,AMINOGLYCOSIDE
aac(6')-Ia,aminoglycoside 6'-N-acetyltransferase AAC(6')-Ia,AMINOGLYCOSIDE,AMINOGLYCOSIDE
aac(6')-Ia,aminoglycoside 6'-N-acetyltransferase AAC(6')-Ia,AMINOGLYCOSIDE,AMINOGLYCOSIDE
aac(6')-Iad,aminoglycoside N-acetyltransferase AAC(6')-Iad,AMINOGLYCOSIDE,AMIKACIN/TOBRAMYCIN
aac(6')-Iak,aminoglycoside N-acetyltransferase AAC(6')-Iak,AMINOGLYCOSIDE,AMINOGLYCOSIDE
aac(6')-Iak,aminoglycoside N-acetyltransferase AAC(6')-Iak,AMINOGLYCOSIDE,AMINOGLYCOSIDE
aac(6')-Iak,aminoglycoside N-acetyltransferase AAC(6')-Iak,AMINOGLYCOSIDE,AMINOGLYCOSIDE
aac(6')-Iak,aminoglycoside N-acetyltransferase AAC(6')-Iak,AMINOGLYCOSIDE,AMINOGLYCOSIDE
aac(6')-Iak,aminoglycoside N-acetyltransferase AAC(6')-Iak,AMINOGLYCOSIDE,AMINOGLYCOSIDE
aac(6')-Ian,aminoglycoside N-acetyltransferase AAC(6')-Ian,AMINOGLYCOSIDE,AMIKACIN/KANAMYCIN/TOBRAMYCIN
aac(6')-Ian,aminoglycoside N-acetyltransferase AAC(6')-Ian,AMINOGLYCOSIDE,AMINOGLYCOSIDE
aac(6')-Iap,aminoglycoside 6'-N-acetyltransferase AAC(6')-Iap,AMINOGLYCOSIDE,AMIKACIN/TOBRAMYCIN
aac(6')-Ib',aminoglycoside N-acetyltransferase AAC(6')-Ib',AMINOGLYCOSIDE,GENTAMICIN
aac(6')-Ib-cr,fluoroquinolone-acetylating aminoglycoside 6'-N-acetyltransferase AAC(6')-Ib-cr,AMINOGLYCOSIDE/QUINOLONE,AMIKACIN/KANAMYCIN/QUINOLONE/TOBRAMYCIN
aac(6')-Ib11,aminoglycoside N-acetyltransferase AAC(6')-Ib11,AMINOGLYCOSIDE,AMIKACIN/GENTAMICIN/KANAMYCIN/TOBRAMYCIN
aac(6')-Ib11,aminoglycoside N-acetyltransferase AAC(6')-Ib11,AMINOGLYCOSIDE,AMIKACIN/GENTAMICIN/KANAMYCIN/TOBRAMYCIN
aac(6')-Ib,AAC(6')-Ib family aminoglycoside 6'-N-acetyltransferase,AMINOGLYCOSIDE,AMIKACIN/KANAMYCIN/TOBRAMYCIN
aac(6')-Ib,AAC(6')-Ib family aminoglycoside 6'-N-acetyltransferase,AMINOGLYCOSIDE,KANAMYCIN
aac(6')-Ib,AAC(6')-Ib family aminoglycoside 6'-N-acetyltransferase,AMINOGLYCOSIDE,AMIKACIN/KANAMYCIN/TOBRAMYCIN
aac(6')-Ib,AAC(6')-Ib family aminoglycoside 6'-N-acetyltransferase,AMINOGLYCOSIDE,GENTAMICIN
aac(6')-Ib,AAC(6')-Ib family aminoglycoside 6'-N-acetyltransferase,AMINOGLYCOSIDE,AMIKACIN/KANAMYCIN/TOBRAMYCIN
aac(6')-Ib,AAC(6')-Ib family aminoglycoside 6'-N-acetyltransferase,AMINOGLYCOSIDE,GENTAMICIN
aac(6')-Ib,AAC(6')-Ib family aminoglycoside 6'-N-acetyltransferase,AMINOGLYCOSIDE,GENTAMICIN
aac(6')-Ib,AAC(6')-Ib family aminoglycoside 6'-N-acetyltransferase,AMINOGLYCOSIDE,GENTAMICIN
aac(6')-Ib,AAC(6')-Ib family aminoglycoside 6'-N-acetyltransferase,AMINOGLYCOSIDE,AMIKACIN/KANAMYCIN/TOBRAMYCIN
aac(6')-Ib,AAC(6')-Ib family aminoglycoside 6'-N-acetyltransferase,AMINOGLYCOSIDE,AMIKACIN/KANAMYCIN/TOBRAMYCIN
aac(6')-Ib,AAC(6')-Ib family aminoglycoside 6'-N-acetyltransferase,AMINOGLYCOSIDE,GENTAMICIN
aac(6')-Ib,AAC(6')-Ib family aminoglycoside 6'-N-acetyltransferase,AMINOGLYCOSIDE,AMIKACIN/KANAMYCIN/TOBRAMYCIN
aac(6')-Ib,AAC(6')-Ib family aminoglycoside 6'-N-acetyltransferase,AMINOGLYCOSIDE,AMIKACIN/KANAMYCIN/TOBRAMYCIN
aac(6')-Ib,AAC(6')-Ib family aminoglycoside 6'-N-acetyltransferase,AMINOGLYCOSIDE,AMIKACIN/GENTAMICIN/KANAMYCIN/TOBRAMYCIN
aac(6')-Ib,AAC(6')-Ib family aminoglycoside 6'-N-acetyltransferase,AMINOGLYCOSIDE,AMIKACIN/KANAMYCIN/TOBRAMYCIN
aac(6')-Ib,AAC(6')-Ib family aminoglycoside 6'-N-acetyltransferase,AMINOGLYCOSIDE,GENTAMICIN
aac(6')-Ib,AAC(6')-Ib family aminoglycoside 6'-N-acetyltransferase,AMINOGLYCOSIDE,AMIKACIN/GENTAMICIN/KANAMYCIN/TOBRAMYCIN
aac(6')-Ib,AAC(6')-Ib family aminoglycoside 6'-N-acetyltransferase,AMINOGLYCOSIDE,GENTAMICIN
aac(6')-Ib,AAC(6')-Ib family aminoglycoside 6'-N-acetyltransferase,AMINOGLYCOSIDE,GENTAMICIN
aac(6')-Ib,AAC(6')-Ib family aminoglycoside 6'-N-acetyltransferase,AMINOGLYCOSIDE,GENTAMICIN
aac(6')-Ib,AAC(6')-Ib family aminoglycoside 6'-N-acetyltransferase,AMINOGLYCOSIDE,AMIKACIN/KANAMYCIN/TOBRAMYCIN
aac(6')-Ib,AAC(6')-Ib family aminoglycoside 6'-N-acetyltransferase,AMINOGLYCOSIDE,GENTAMICIN
aac(6')-Ib,AAC(6')-Ib family aminoglycoside 6'-N-acetyltransferase,AMINOGLYCOSIDE,GENTAMICIN
aac(6')-Ib,AAC(6')-Ib family aminoglycoside 6'-N-acetyltransferase,AMINOGLYCOSIDE,AMIKACIN/KANAMYCIN/TOBRAMYCIN
aac(6')-Ib,AAC(6')-Ib family aminoglycoside 6'-N-acetyltransferase,AMINOGLYCOSIDE,GENTAMICIN
aac(6')-Ib,AAC(6')-Ib family aminoglycoside 6'-N-acetyltransferase,AMINOGLYCOSIDE,AMIKACIN/KANAMYCIN/TOBRAMYCIN
aac(6')-Ib,AAC(6')-Ib family aminoglycoside 6'-N-acetyltransferase,AMINOGLYCOSIDE,GENTAMICIN
aac(6')-Ib,AAC(6')-Ib family aminoglycoside 6'-N-acetyltransferase,AMINOGLYCOSIDE,GENTAMICIN
aac(6')-Ib,AAC(6')-Ib family aminoglycoside 6'-N-acetyltransferase,AMINOGLYCOSIDE,GENTAMICIN
aac(6')-Ib,AAC(6')-Ib family aminoglycoside 6'-N-acetyltransferase,AMINOGLYCOSIDE,GENTAMICIN
aac(6')-Ib,AAC(6')-Ib family aminoglycoside 6'-N-acetyltransferase,AMINOGLYCOSIDE,AMIKACIN/KANAMYCIN/TOBRAMYCIN
aac(6')-Ib,AAC(6')-Ib family aminoglycoside 6'-N-acetyltransferase,AMINOGLYCOSIDE,AMINOGLYCOSIDE
aac(6')-Ib,AAC(6')-Ib family aminoglycoside 6'-N-acetyltransferase,AMINOGLYCOSIDE,AMIKACIN/KANAMYCIN/TOBRAMYCIN
aac(6')-Ib,AAC(6')-Ib family aminoglycoside 6'-N-acetyltransferase,AMINOGLYCOSIDE,GENTAMICIN
aac(6')-Ib,AAC(6')-Ib family aminoglycoside 6'-N-acetyltransferase,AMINOGLYCOSIDE,AMIKACIN/KANAMYCIN/TOBRAMYCIN
aac(6')-Ib,AAC(6')-Ib family aminoglycoside 6'-N-acetyltransferase,AMINOGLYCOSIDE,GENTAMICIN
aac(6')-Ib,AAC(6')-Ib family aminoglycoside 6'-N-acetyltransferase,AMINOGLYCOSIDE,AMIKACIN/KANAMYCIN/TOBRAMYCIN
aac(6')-Ib,AAC(6')-Ib family aminoglycoside 6'-N-acetyltransferase,AMINOGLYCOSIDE,AMIKACIN/KANAMYCIN/TOBRAMYCIN
aac(6')-Ib,AAC(6')-Ib family aminoglycoside 6'-N-acetyltransferase,AMINOGLYCOSIDE,GENTAMICIN
aac(6')-Ib,AAC(6')-Ib family aminoglycoside 6'-N-acetyltransferase,AMINOGLYCOSIDE,AMIKACIN/KANAMYCIN/TOBRAMYCIN
aac(6')-Ib,AAC(6')-Ib family aminoglycoside 6'-N-acetyltransferase,AMINOGLYCOSIDE,AMIKACIN/KANAMYCIN/TOBRAMYCIN
aac(6')-Ib,AAC(6')-Ib family aminoglycoside 6'-N-acetyltransferase,AMINOGLYCOSIDE,AMINOGLYCOSIDE
aac(6')-Ib,AAC(6')-Ib family aminoglycoside 6'-N-acetyltransferase,AMINOGLYCOSIDE,GENTAMICIN
aac(6')-Ib,AAC(6')-Ib family aminoglycoside 6'-N-acetyltransferase,AMINOGLYCOSIDE,AMIKACIN/KANAMYCIN/TOBRAMYCIN
aac(6')-Ib,AAC(6')-Ib family aminoglycoside 6'-N-acetyltransferase,AMINOGLYCOSIDE,AMIKACIN/KANAMYCIN/TOBRAMYCIN
aac(6')-Ib,AAC(6')-Ib family aminoglycoside 6'-N-acetyltransferase,AMINOGLYCOSIDE,GENTAMICIN
aac(6')-Ib,AAC(6')-Ib family aminoglycoside 6'-N-acetyltransferase,AMINOGLYCOSIDE,GENTAMICIN
aac(6')-Ib,AAC(6')-Ib family aminoglycoside 6'-N-acetyltransferase,AMINOGLYCOSIDE,AMIKACIN/KANAMYCIN/TOBRAMYCIN
aac(6')-Ib,AAC(6')-Ib family aminoglycoside 6'-N-acetyltransferase,AMINOGLYCOSIDE,AMIKACIN/KANAMYCIN/TOBRAMYCIN
aac(6')-Ib,AAC(6')-Ib family aminoglycoside 6'-N-acetyltransferase,AMINOGLYCOSIDE,GENTAMICIN
aac(6')-Ib,AAC(6')-Ib family aminoglycoside 6'-N-acetyltransferase,AMINOGLYCOSIDE,AMIKACIN/KANAMYCIN/TOBRAMYCIN
aac(6')-Ib,AAC(6')-Ib family aminoglycoside 6'-N-acetyltransferase,AMINOGLYCOSIDE,GENTAMICIN
aac(6')-Ib,AAC(6')-Ib family aminoglycoside 6'-N-acetyltransferase,AMINOGLYCOSIDE,GENTAMICIN
aac(6')-Id,aminoglycoside N-acetyltransferase AAC(6')-Id,AMINOGLYCOSIDE,AMINOGLYCOSIDE
aac(6')-Ie/aph(2'')-Ia,bifunctional aminoglycoside N-acetyltransferase AAC(6')-Ie/aminoglycoside O-phosphotransferase APH(2'')-Ia,AMINOGLYCOSIDE,AMIKACIN/GENTAMICIN/KANAMYCIN/TOBRAMYCIN
aac(6')-Ie/aph(2'')-Ia,bifunctional aminoglycoside N-acetyltransferase AAC(6')-Ie/aminoglycoside O-phosphotransferase APH(2'')-Ia,AMINOGLYCOSIDE,AMIKACIN/GENTAMICIN/KANAMYCIN/TOBRAMYCIN
aac(6')-Ie/aph(2'')-Ia,bifunctional aminoglycoside N-acetyltransferase AAC(6')-Ie/aminoglycoside O-phosphotransferase APH(2'')-Ia,AMINOGLYCOSIDE,AMIKACIN/GENTAMICIN/KANAMYCIN/TOBRAMYCIN
aac(6')-Ie/aph(2'')-If2,bifunctional aminoglycoside N-acetyltransferase AAC(6')-Ie2/aminoglycoside O-phosphotransferase APH(2'')-If2,AMINOGLYCOSIDE,AMIKACIN/GENTAMICIN/KANAMYCIN/TOBRAMYCIN
aac(6')-Ie/aph(2''),bifunctional AAC(6')-Ie family aminoglycoside N-acetyltransferase/APH(2'') family aminoglycoside O-phosphotransferase,AMINOGLYCOSIDE,AMIKACIN/GENTAMICIN/KANAMYCIN/TOBRAMYCIN
aac(6')-If,aminoglycoside N-acetyltransferase AAC(6')-If,AMINOGLYCOSIDE,AMIKACIN/KANAMYCIN/TOBRAMYCIN
aac(6')-If,aminoglycoside N-acetyltransferase AAC(6')-If,AMINOGLYCOSIDE,AMIKACIN/KANAMYCIN/TOBRAMYCIN
aac(6')-Il,aminoglycoside N-acetyltransferase AAC(6')-Il,AMINOGLYCOSIDE,AMIKACIN/KANAMYCIN/TOBRAMYCIN
aac(6')-Il,aminoglycoside N-acetyltransferase AAC(6')-Il,AMINOGLYCOSIDE,AMIKACIN/KANAMYCIN/TOBRAMYCIN
aac(6')-Il,aminoglycoside N-acetyltransferase AAC(6')-Il,AMINOGLYCOSIDE,AMIKACIN/KANAMYCIN/TOBRAMYCIN
aac(6')-Il,aminoglycoside N-acetyltransferase AAC(6')-Il,AMINOGLYCOSIDE,AMINOGLYCOSIDE
aac(6')-Im,aminoglycoside N-acetyltransferase AAC(6')-Im,AMINOGLYCOSIDE,AMIKACIN/KANAMYCIN/TOBRAMYCIN
aac(6')-Im,aminoglycoside N-acetyltransferase AAC(6')-Im,AMINOGLYCOSIDE,AMINOGLYCOSIDE
aac(6')-Im,aminoglycoside N-acetyltransferase AAC(6')-Im,AMINOGLYCOSIDE,AMINOGLYCOSIDE
aac(6')-Ip,aminoglycoside 6'-N-acetyltransferase AAC(6')-Ip,AMINOGLYCOSIDE,AMINOGLYCOSIDE
aac(6')-Iq,aminoglycoside 6'-N-acetyltransferase AAC(6')-Iq,AMINOGLYCOSIDE,AMIKACIN/KANAMYCIN/TOBRAMYCIN
aac(6')-Iz,aminoglycoside N-acetyltransferase AAC(6')-Iz,AMINOGLYCOSIDE,TOBRAMYCIN
aac(6')-Iz,aminoglycoside N-acetyltransferase AAC(6')-Iz,AMINOGLYCOSIDE,AMINOGLYCOSIDE
aac(6')-Iz,aminoglycoside N-acetyltransferase AAC(6')-Iz,AMINOGLYCOSIDE,AMINOGLYCOSIDE
aac(6')-Iz,aminoglycoside N-acetyltransferase AAC(6')-Iz,AMINOGLYCOSIDE,AMINOGLYCOSIDE
aac(6')-Iz,aminoglycoside N-acetyltransferase AAC(6')-Iz,AMINOGLYCOSIDE,AMINOGLYCOSIDE
aac(6')-Iz,aminoglycoside N-acetyltransferase AAC(6')-Iz,AMINOGLYCOSIDE,TOBRAMYCIN
aac(6')-kana,aminoglycoside 6'-N-acetyltransferase,AMINOGLYCOSIDE,AMINOGLYCOSIDE
aac(6'),aminoglycoside 6'-N-acetyltransferase,AMINOGLYCOSIDE,AMINOGLYCOSIDE
aac(6'),aminoglycoside 6'-N-acetyltransferase,AMINOGLYCOSIDE,AMINOGLYCOSIDE
aac(6'),aminoglycoside 6'-N-acetyltransferase,AMINOGLYCOSIDE,AMINOGLYCOSIDE
aac(6'),aminoglycoside 6'-N-acetyltransferase,AMINOGLYCOSIDE,AMINOGLYCOSIDE
aac(6'),aminoglycoside 6'-N-acetyltransferase,AMINOGLYCOSIDE,AMINOGLYCOSIDE
aac(6'),aminoglycoside 6'-N-acetyltransferase,AMINOGLYCOSIDE,AMINOGLYCOSIDE
aac(6'),aminoglycoside 6'-N-acetyltransferase,AMINOGLYCOSIDE,AMINOGLYCOSIDE
aac(6'),aminoglycoside 6'-N-acetyltransferase,AMINOGLYCOSIDE,AMINOGLYCOSIDE
aac(6'),aminoglycoside 6'-N-acetyltransferase,AMINOGLYCOSIDE,AMINOGLYCOSIDE
aac(6'),aminoglycoside 6'-N-acetyltransferase,AMINOGLYCOSIDE,AMINOGLYCOSIDE
aac(6'),aminoglycoside 6'-N-acetyltransferase,AMINOGLYCOSIDE,AMINOGLYCOSIDE
aac(6'),aminoglycoside 6'-N-acetyltransferase,AMINOGLYCOSIDE,AMINOGLYCOSIDE
aac(6'),aminoglycoside 6'-N-acetyltransferase,AMINOGLYCOSIDE,AMINOGLYCOSIDE
aac(6'),aminoglycoside 6'-N-acetyltransferase,AMINOGLYCOSIDE,AMINOGLYCOSIDE
aac(6'),aminoglycoside 6'-N-acetyltransferase,AMINOGLYCOSIDE,AMINOGLYCOSIDE
aac(6'),aminoglycoside 6'-N-acetyltransferase,AMINOGLYCOSIDE,AMINOGLYCOSIDE
aac(6'),aminoglycoside 6'-N-acetyltransferase,AMINOGLYCOSIDE,AMINOGLYCOSIDE
aac(6'),aminoglycoside 6'-N-acetyltransferase,AMINOGLYCOSIDE,AMINOGLYCOSIDE
aac(6'),aminoglycoside 6'-N-acetyltransferase,AMINOGLYCOSIDE,AMINOGLYCOSIDE
aac(6'),aminoglycoside 6'-N-acetyltransferase,AMINOGLYCOSIDE,AMINOGLYCOSIDE
aac(6'),aminoglycoside 6'-N-acetyltransferase,AMINOGLYCOSIDE,AMINOGLYCOSIDE
aac(6'),aminoglycoside 6'-N-acetyltransferase,AMINOGLYCOSIDE,AMINOGLYCOSIDE
aac(6'),aminoglycoside 6'-N-acetyltransferase,AMINOGLYCOSIDE,AMINOGLYCOSIDE
aac(6'),aminoglycoside 6'-N-acetyltransferase,AMINOGLYCOSIDE,AMINOGLYCOSIDE
aac(6'),aminoglycoside 6'-N-acetyltransferase,AMINOGLYCOSIDE,AMINOGLYCOSIDE
aac(6'),aminoglycoside 6'-N-acetyltransferase,AMINOGLYCOSIDE,AMINOGLYCOSIDE
aac(6'),aminoglycoside 6'-N-acetyltransferase,AMINOGLYCOSIDE,AMINOGLYCOSIDE
aac(6'),aminoglycoside 6'-N-acetyltransferase,AMINOGLYCOSIDE,AMINOGLYCOSIDE
aac(6'),AAC(6')-Ia family aminoglycoside 6'-N-acetyltransferase,AMINOGLYCOSIDE,AMINOGLYCOSIDE
aac(6'),aminoglycoside 6'-N-acetyltransferase,AMINOGLYCOSIDE,AMINOGLYCOSIDE
aac(6'),aminoglycoside 6'-N-acetyltransferase,AMINOGLYCOSIDE,AMINOGLYCOSIDE
aac(6'),aminoglycoside 6'-N-acetyltransferase,AMINOGLYCOSIDE,AMINOGLYCOSIDE
aac(6'),aminoglycoside 6'-N-acetyltransferase,AMINOGLYCOSIDE,AMINOGLYCOSIDE
aac(6'),aminoglycoside 6'-N-acetyltransferase,AMINOGLYCOSIDE,AMINOGLYCOSIDE
aac(6'),aminoglycoside 6'-N-acetyltransferase,AMINOGLYCOSIDE,AMINOGLYCOSIDE
aac(6'),aminoglycoside 6'-N-acetyltransferase,AMINOGLYCOSIDE,AMINOGLYCOSIDE
aac(6'),aminoglycoside 6'-N-acetyltransferase,AMINOGLYCOSIDE,AMINOGLYCOSIDE
aac(6'),aminoglycoside 6'-N-acetyltransferase,AMINOGLYCOSIDE,AMINOGLYCOSIDE
aac(6'),aminoglycoside 6'-N-acetyltransferase,AMINOGLYCOSIDE,AMINOGLYCOSIDE
aac(6'),aminoglycoside 6'-N-acetyltransferase,AMINOGLYCOSIDE,AMINOGLYCOSIDE
aac(6'),aminoglycoside 6'-N-acetyltransferase,AMINOGLYCOSIDE,AMINOGLYCOSIDE
aac(6'),aminoglycoside 6'-N-acetyltransferase,AMINOGLYCOSIDE,AMINOGLYCOSIDE
aac(6'),aminoglycoside 6'-N-acetyltransferase,AMINOGLYCOSIDE,AMINOGLYCOSIDE
aac(6'),aminoglycoside 6'-N-acetyltransferase,AMINOGLYCOSIDE,AMINOGLYCOSIDE
aac(6'),aminoglycoside 6'-N-acetyltransferase,AMINOGLYCOSIDE,AMINOGLYCOSIDE
aac(6'),aminoglycoside 6'-N-acetyltransferase,AMINOGLYCOSIDE,AMINOGLYCOSIDE
aac(6'),aminoglycoside 6'-N-acetyltransferase,AMINOGLYCOSIDE,AMINOGLYCOSIDE
aac(6'),aminoglycoside 6'-N-acetyltransferase,AMINOGLYCOSIDE,AMINOGLYCOSIDE
aac(6'),aminoglycoside 6'-N-acetyltransferase,AMINOGLYCOSIDE,AMINOGLYCOSIDE
aac(6'),aminoglycoside 6'-N-acetyltransferase,AMINOGLYCOSIDE,AMINOGLYCOSIDE
aac(6'),aminoglycoside 6'-N-acetyltransferase,AMINOGLYCOSIDE,AMINOGLYCOSIDE
aac(6'),aminoglycoside 6'-N-acetyltransferase,AMINOGLYCOSIDE,AMINOGLYCOSIDE
aac(6'),aminoglycoside 6'-N-acetyltransferase,AMINOGLYCOSIDE,AMINOGLYCOSIDE
aac(6'),aminoglycoside 6'-N-acetyltransferase,AMINOGLYCOSIDE,AMINOGLYCOSIDE
aac(6'),aminoglycoside 6'-N-acetyltransferase,AMINOGLYCOSIDE,AMINOGLYCOSIDE
aac(6'),aminoglycoside 6'-N-acetyltransferase,AMINOGLYCOSIDE,AMINOGLYCOSIDE
aac(6'),aminoglycoside 6'-N-acetyltransferase,AMINOGLYCOSIDE,AMINOGLYCOSIDE
aac(6'),aminoglycoside 6'-N-acetyltransferase,AMINOGLYCOSIDE,AMINOGLYCOSIDE
aac(6'),aminoglycoside 6'-N-acetyltransferase,AMINOGLYCOSIDE,AMINOGLYCOSIDE
aac(6'),aminoglycoside 6'-N-acetyltransferase,AMINOGLYCOSIDE,AMINOGLYCOSIDE
aac(6'),aminoglycoside 6'-N-acetyltransferase,AMINOGLYCOSIDE,AMINOGLYCOSIDE
aac(6'),aminoglycoside 6'-N-acetyltransferase,AMINOGLYCOSIDE,AMINOGLYCOSIDE
aac(6'),aminoglycoside 6'-N-acetyltransferase,AMINOGLYCOSIDE,AMINOGLYCOSIDE
aac(6'),aminoglycoside 6'-N-acetyltransferase,AMINOGLYCOSIDE,AMINOGLYCOSIDE
aac(6'),aminoglycoside 6'-N-acetyltransferase,AMINOGLYCOSIDE,AMINOGLYCOSIDE
aac(6'),aminoglycoside 6'-N-acetyltransferase,AMINOGLYCOSIDE,AMINOGLYCOSIDE
aac(6'),aminoglycoside 6'-N-acetyltransferase,AMINOGLYCOSIDE,AMINOGLYCOSIDE
aacA10,AAC(6')-I family aminoglycoside 6'-N-acetyltransferase,AMINOGLYCOSIDE,AMIKACIN/KANAMYCIN/TOBRAMYCIN
aacA32,aminoglycoside 6'-N-acetyltransferase,AMINOGLYCOSIDE,AMINOGLYCOSIDE
aacA34,aminoglycoside 6'-N-acetyltransferase AacA34,AMINOGLYCOSIDE,KANAMYCIN/TOBRAMYCIN
aacA34,aminoglycoside 6'-N-acetyltransferase AacA34,AMINOGLYCOSIDE,KANAMYCIN/TOBRAMYCIN
aacA37,aminoglycoside 6'-N-acetyltransferase AacA37,AMINOGLYCOSIDE,AMINOGLYCOSIDE
aacA38,aminoglycoside 6'-N-acetyltransferase AacA38,AMINOGLYCOSIDE,AMINOGLYCOSIDE
aacA40,aminoglycoside 6'-N-acetyltransferase AacA40,AMINOGLYCOSIDE,AMINOGLYCOSIDE
aacA43,AAC(6')-Ia family aminoglycoside 6'-N-acetyltransferase AacA43,AMINOGLYCOSIDE,KANAMYCIN/TOBRAMYCIN
aacA43,AAC(6')-Ia family aminoglycoside 6'-N-acetyltransferase AacA43,AMINOGLYCOSIDE,AMINOGLYCOSIDE
aacA43,AAC(6')-Ia family aminoglycoside 6'-N-acetyltransferase AacA43,AMINOGLYCOSIDE,AMINOGLYCOSIDE
aacA48,aminoglycoside 6'-N-acetyltransferase AAC(6')-Iag,AMINOGLYCOSIDE,AMIKACIN/KANAMYCIN/TOBRAMYCIN
aacA49,AAC(6')-Ia family aminoglycoside 6'-N-acetyltransferase AacA49,AMINOGLYCOSIDE,AMINOGLYCOSIDE
aacA57-2,aminoglycoside N-acetyltransferase AAC(6')-Ian,AMINOGLYCOSIDE,AMIKACIN/KANAMYCIN/TOBRAMYCIN
aacA8,aminoglycoside 6'-N-acetyltransferase AacA8,AMINOGLYCOSIDE,AMINOGLYCOSIDE
aad9,ANT(9) family aminoglycoside nucleotidyltransferase,AMINOGLYCOSIDE,AMINOGLYCOSIDE
aadA10,ANT(3'')-Ia family aminoglycoside nucleotidyltransferase AadA10,AMINOGLYCOSIDE,STREPTOMYCIN
aadA10,ANT(3'')-Ia family aminoglycoside nucleotidyltransferase AadA10,AMINOGLYCOSIDE,STREPTOMYCIN
aadA10,ANT(3'')-Ia family aminoglycoside nucleotidyltransferase AadA10,AMINOGLYCOSIDE,STREPTOMYCIN
aadA10,ANT(3'')-Ia family aminoglycoside nucleotidyltransferase AadA10,AMINOGLYCOSIDE,STREPTOMYCIN
aadA10,ANT(3'')-Ia family aminoglycoside nucleotidyltransferase AadA10,AMINOGLYCOSIDE,STREPTOMYCIN
aadA11,ANT(3'')-Ia family aminoglycoside nucleotidyltransferase AadA11,AMINOGLYCOSIDE,STREPTOMYCIN
aadA11,ANT(3'')-Ia family aminoglycoside nucleotidyltransferase AadA11,AMINOGLYCOSIDE,STREPTOMYCIN
aadA11,ANT(3'')-Ia family aminoglycoside nucleotidyltransferase AadA11,AMINOGLYCOSIDE,STREPTOMYCIN
aadA11,ANT(3'')-Ia family aminoglycoside nucleotidyltransferase AadA11,AMINOGLYCOSIDE,STREPTOMYCIN
aadA11,ANT(3'')-Ia family aminoglycoside nucleotidyltransferase AadA11,AMINOGLYCOSIDE,STREPTOMYCIN
aadA12,ANT(3'')-Ia family aminoglycoside nucleotidyltransferase AadA12,AMINOGLYCOSIDE,STREPTOMYCIN
aadA12,ANT(3'')-Ia family aminoglycoside nucleotidyltransferase AadA12,AMINOGLYCOSIDE,STREPTOMYCIN
aadA13,ANT(3'')-Ia family aminoglycoside nucleotidyltransferase AadA13,AMINOGLYCOSIDE,STREPTOMYCIN
aadA13,ANT(3'')-Ia family aminoglycoside nucleotidyltransferase AadA13,AMINOGLYCOSIDE,STREPTOMYCIN
aadA13,ANT(3'')-Ia family aminoglycoside nucleotidyltransferase AadA13,AMINOGLYCOSIDE,STREPTOMYCIN
aadA15,ANT(3'')-Ia family aminoglycoside nucleotidyltransferase AadA15,AMINOGLYCOSIDE,STREPTOMYCIN
aadA15,ANT(3'')-Ia family aminoglycoside nucleotidyltransferase AadA15,AMINOGLYCOSIDE,STREPTOMYCIN
aadA15,ANT(3'')-Ia family aminoglycoside nucleotidyltransferase AadA15,AMINOGLYCOSIDE,STREPTOMYCIN
aadA16,ANT(3'')-Ia family aminoglycoside nucleotidyltransferase AadA16,AMINOGLYCOSIDE,STREPTOMYCIN
aadA16,ANT(3'')-Ia family aminoglycoside nucleotidyltransferase AadA16,AMINOGLYCOSIDE,STREPTOMYCIN
aadA1,ANT(3'')-Ia family aminoglycoside nucleotidyltransferase AadA1,AMINOGLYCOSIDE,STREPTOMYCIN
aadA1,ANT(3'')-Ia family aminoglycoside nucleotidyltransferase AadA1,AMINOGLYCOSIDE,STREPTOMYCIN
aadA1,ANT(3'')-Ia family aminoglycoside nucleotidyltransferase AadA1,AMINOGLYCOSIDE,STREPTOMYCIN
aadA1,ANT(3'')-Ia family aminoglycoside nucleotidyltransferase AadA1,AMINOGLYCOSIDE,STREPTOMYCIN
aadA1,ANT(3'')-Ia family aminoglycoside nucleotidyltransferase AadA1,AMINOGLYCOSIDE,STREPTOMYCIN
aadA1,ANT(3'')-Ia family aminoglycoside nucleotidyltransferase AadA1,AMINOGLYCOSIDE,STREPTOMYCIN
aadA1,ANT(3'')-Ia family aminoglycoside nucleotidyltransferase AadA1,AMINOGLYCOSIDE,STREPTOMYCIN
aadA1,ANT(3'')-Ia family aminoglycoside nucleotidyltransferase AadA1,AMINOGLYCOSIDE,STREPTOMYCIN
aadA1,ANT(3'')-Ia family aminoglycoside nucleotidyltransferase AadA1,AMINOGLYCOSIDE,STREPTOMYCIN
aadA1,ANT(3'')-Ia family aminoglycoside nucleotidyltransferase AadA1,AMINOGLYCOSIDE,STREPTOMYCIN
aadA1,ANT(3'')-Ia family aminoglycoside nucleotidyltransferase AadA1,AMINOGLYCOSIDE,STREPTOMYCIN
aadA1,ANT(3'')-Ia family aminoglycoside nucleotidyltransferase AadA1,AMINOGLYCOSIDE,STREPTOMYCIN
aadA1,ANT(3'')-Ia family aminoglycoside nucleotidyltransferase AadA1,AMINOGLYCOSIDE,STREPTOMYCIN
aadA1,ANT(3'')-Ia family aminoglycoside nucleotidyltransferase AadA1,AMINOGLYCOSIDE,STREPTOMYCIN
aadA1,ANT(3'')-Ia family aminoglycoside nucleotidyltransferase AadA1,AMINOGLYCOSIDE,STREPTOMYCIN
aadA1,ANT(3'')-Ia family aminoglycoside nucleotidyltransferase AadA1,AMINOGLYCOSIDE,STREPTOMYCIN
aadA1,ANT(3'')-Ia family aminoglycoside nucleotidyltransferase AadA1,AMINOGLYCOSIDE,STREPTOMYCIN
aadA1,ANT(3'')-Ia family aminoglycoside nucleotidyltransferase AadA1,AMINOGLYCOSIDE,STREPTOMYCIN
aadA1,ANT(3'')-Ia family aminoglycoside nucleotidyltransferase AadA1,AMINOGLYCOSIDE,STREPTOMYCIN
aadA1,ANT(3'')-Ia family aminoglycoside nucleotidyltransferase AadA1,AMINOGLYCOSIDE,STREPTOMYCIN
aadA1,ANT(3'')-Ia family aminoglycoside nucleotidyltransferase AadA1,AMINOGLYCOSIDE,STREPTOMYCIN
aadA1,ANT(3'')-Ia family aminoglycoside nucleotidyltransferase AadA1,AMINOGLYCOSIDE,STREPTOMYCIN
aadA1,ANT(3'')-Ia family aminoglycoside nucleotidyltransferase AadA1,AMINOGLYCOSIDE,STREPTOMYCIN
aadA1,ANT(3'')-Ia family aminoglycoside nucleotidyltransferase AadA1,AMINOGLYCOSIDE,STREPTOMYCIN
aadA1,ANT(3'')-Ia family aminoglycoside nucleotidyltransferase AadA1,AMINOGLYCOSIDE,STREPTOMYCIN
aadA1,ANT(3'')-Ia family aminoglycoside nucleotidyltransferase AadA1,AMINOGLYCOSIDE,STREPTOMYCIN
aadA1,ANT(3'')-Ia family aminoglycoside nucleotidyltransferase AadA1,AMINOGLYCOSIDE,STREPTOMYCIN
aadA1,ANT(3'')-Ia family aminoglycoside nucleotidyltransferase AadA1,AMINOGLYCOSIDE,STREPTOMYCIN
aadA1,ANT(3'')-Ia family aminoglycoside nucleotidyltransferase AadA1,AMINOGLYCOSIDE,STREPTOMYCIN
aadA1,ANT(3'')-Ia family aminoglycoside nucleotidyltransferase AadA1,AMINOGLYCOSIDE,STREPTOMYCIN
aadA1,ANT(3'')-Ia family aminoglycoside nucleotidyltransferase AadA1,AMINOGLYCOSIDE,STREPTOMYCIN
aadA1,ANT(3'')-Ia family aminoglycoside nucleotidyltransferase AadA1,AMINOGLYCOSIDE,STREPTOMYCIN
aadA1,ANT(3'')-Ia family aminoglycoside nucleotidyltransferase AadA1,AMINOGLYCOSIDE,STREPTOMYCIN
aadA1,ANT(3'')-Ia family aminoglycoside nucleotidyltransferase AadA1,AMINOGLYCOSIDE,STREPTOMYCIN
aadA1,ANT(3'')-Ia family aminoglycoside nucleotidyltransferase AadA1,AMINOGLYCOSIDE,STREPTOMYCIN
aadA1,ANT(3'')-Ia family aminoglycoside nucleotidyltransferase AadA1,AMINOGLYCOSIDE,STREPTOMYCIN
aadA1,ANT(3'')-Ia family aminoglycoside nucleotidyltransferase AadA1,AMINOGLYCOSIDE,STREPTOMYCIN
aadA1,ANT(3'')-Ia family aminoglycoside nucleotidyltransferase AadA1,AMINOGLYCOSIDE,STREPTOMYCIN
aadA1,ANT(3'')-Ia family aminoglycoside nucleotidyltransferase AadA1,AMINOGLYCOSIDE,STREPTOMYCIN
aadA1,ANT(3'')-Ia family aminoglycoside nucleotidyltransferase AadA1,AMINOGLYCOSIDE,STREPTOMYCIN
aadA1,ANT(3'')-Ia family aminoglycoside nucleotidyltransferase AadA1,AMINOGLYCOSIDE,STREPTOMYCIN
aadA1,ANT(3'')-Ia family aminoglycoside nucleotidyltransferase AadA1,AMINOGLYCOSIDE,STREPTOMYCIN
aadA1,ANT(3'')-Ia family aminoglycoside nucleotidyltransferase AadA1,AMINOGLYCOSIDE,STREPTOMYCIN
aadA1,ANT(3'')-Ia family aminoglycoside nucleotidyltransferase AadA1,AMINOGLYCOSIDE,STREPTOMYCIN
aadA1,ANT(3'')-Ia family aminoglycoside nucleotidyltransferase AadA1,AMINOGLYCOSIDE,STREPTOMYCIN
aadA1,ANT(3'')-Ia family aminoglycoside nucleotidyltransferase AadA1,AMINOGLYCOSIDE,STREPTOMYCIN
aadA1,ANT(3'')-Ia family aminoglycoside nucleotidyltransferase AadA1,AMINOGLYCOSIDE,STREPTOMYCIN
aadA1,ANT(3'')-Ia family aminoglycoside nucleotidyltransferase AadA1,AMINOGLYCOSIDE,STREPTOMYCIN
aadA1,ANT(3'')-Ia family aminoglycoside nucleotidyltransferase AadA1,AMINOGLYCOSIDE,STREPTOMYCIN
aadA1,ANT(3'')-Ia family aminoglycoside nucleotidyltransferase AadA1,AMINOGLYCOSIDE,STREPTOMYCIN
aadA1,ANT(3'')-Ia family aminoglycoside nucleotidyltransferase AadA1,AMINOGLYCOSIDE,STREPTOMYCIN
aadA1,ANT(3'')-Ia family aminoglycoside nucleotidyltransferase AadA1,AMINOGLYCOSIDE,STREPTOMYCIN
aadA1,ANT(3'')-Ia family aminoglycoside nucleotidyltransferase AadA1,AMINOGLYCOSIDE,STREPTOMYCIN
aadA1bt,ANT(3'')-Ia family aminoglycoside nucleotidyltransferase AadA1bt,AMINOGLYCOSIDE,STREPTOMYCIN
aadA1bt,ANT(3'')-Ia family aminoglycoside nucleotidyltransferase AadA1bt,AMINOGLYCOSIDE,STREPTOMYCIN
aadA21,ANT(3'')-Ia family aminoglycoside nucleotidyltransferase AadA21,AMINOGLYCOSIDE,STREPTOMYCIN
aadA21,ANT(3'')-Ia family aminoglycoside nucleotidyltransferase AadA21,AMINOGLYCOSIDE,STREPTOMYCIN
aadA22,ANT(3'')-Ia family aminoglycoside nucleotidyltransferase AadA22,AMINOGLYCOSIDE,STREPTOMYCIN
aadA22,ANT(3'')-Ia family aminoglycoside nucleotidyltransferase AadA22,AMINOGLYCOSIDE,STREPTOMYCIN
aadA22,ANT(3'')-Ia family aminoglycoside nucleotidyltransferase AadA22,AMINOGLYCOSIDE,STREPTOMYCIN
aadA25,ANT(3'')-Ia family aminoglycoside nucleotidyltransferase AadA25,AMINOGLYCOSIDE,STREPTOMYCIN
aadA25,ANT(3'')-Ia family aminoglycoside nucleotidyltransferase AadA25,AMINOGLYCOSIDE,STREPTOMYCIN
aadA25,ANT(3'')-Ia family aminoglycoside nucleotidyltransferase AadA25,AMINOGLYCOSIDE,STREPTOMYCIN
aadA27,ANT(3'')-II family aminoglycoside nucleotidyltransferase AadA27,AMINOGLYCOSIDE,SPECTINOMYCIN/STREPTOMYCIN
aadA2,ANT(3'')-Ia family aminoglycoside nucleotidyltransferase AadA2,AMINOGLYCOSIDE,STREPTOMYCIN
aadA2,ANT(3'')-Ia family aminoglycoside nucleotidyltransferase AadA2,AMINOGLYCOSIDE,STREPTOMYCIN
aadA2,ANT(3'')-Ia family aminoglycoside nucleotidyltransferase AadA2,AMINOGLYCOSIDE,STREPTOMYCIN
aadA2,ANT(3'')-Ia family aminoglycoside nucleotidyltransferase AadA2,AMINOGLYCOSIDE,STREPTOMYCIN
aadA2,ANT(3'')-Ia family aminoglycoside nucleotidyltransferase AadA2,AMINOGLYCOSIDE,STREPTOMYCIN
aadA2,ANT(3'')-Ia family aminoglycoside nucleotidyltransferase AadA2,AMINOGLYCOSIDE,STREPTOMYCIN
aadA2,ANT(3'')-Ia family aminoglycoside nucleotidyltransferase AadA2,AMINOGLYCOSIDE,STREPTOMYCIN
aadA2,ANT(3'')-Ia family aminoglycoside nucleotidyltransferase AadA2,AMINOGLYCOSIDE,STREPTOMYCIN
aadA2,ANT(3'')-Ia family aminoglycoside nucleotidyltransferase AadA2,AMINOGLYCOSIDE,STREPTOMYCIN
aadA2,ANT(3'')-Ia family aminoglycoside nucleotidyltransferase AadA2,AMINOGLYCOSIDE,STREPTOMYCIN
aadA2,ANT(3'')-Ia family aminoglycoside nucleotidyltransferase AadA2,AMINOGLYCOSIDE,STREPTOMYCIN
aadA2,ANT(3'')-Ia family aminoglycoside nucleotidyltransferase AadA2,AMINOGLYCOSIDE,STREPTOMYCIN
aadA2,ANT(3'')-Ia family aminoglycoside nucleotidyltransferase AadA2,AMINOGLYCOSIDE,STREPTOMYCIN
aadA2,ANT(3'')-Ia family aminoglycoside nucleotidyltransferase AadA2,AMINOGLYCOSIDE,STREPTOMYCIN
aadA2,ANT(3'')-Ia family aminoglycoside nucleotidyltransferase AadA2,AMINOGLYCOSIDE,STREPTOMYCIN
aadA2,ANT(3'')-Ia family aminoglycoside nucleotidyltransferase AadA2,AMINOGLYCOSIDE,STREPTOMYCIN
aadA2,ANT(3'')-Ia family aminoglycoside nucleotidyltransferase AadA2,AMINOGLYCOSIDE,STREPTOMYCIN
aadA2,ANT(3'')-Ia family aminoglycoside nucleotidyltransferase AadA2,AMINOGLYCOSIDE,STREPTOMYCIN
aadA2,ANT(3'')-Ia family aminoglycoside nucleotidyltransferase AadA2,AMINOGLYCOSIDE,STREPTOMYCIN
aadA2,ANT(3'')-Ia family aminoglycoside nucleotidyltransferase AadA2,AMINOGLYCOSIDE,STREPTOMYCIN
aadA2,ANT(3'')-Ia family aminoglycoside nucleotidyltransferase AadA2,AMINOGLYCOSIDE,STREPTOMYCIN
aadA2,ANT(3'')-Ia family aminoglycoside nucleotidyltransferase AadA2,AMINOGLYCOSIDE,STREPTOMYCIN
aadA2,ANT(3'')-Ia family aminoglycoside nucleotidyltransferase AadA2,AMINOGLYCOSIDE,STREPTOMYCIN
aadA2,ANT(3'')-Ia family aminoglycoside nucleotidyltransferase AadA2,AMINOGLYCOSIDE,STREPTOMYCIN
aadA2,ANT(3'')-Ia family aminoglycoside nucleotidyltransferase AadA2,AMINOGLYCOSIDE,STREPTOMYCIN
aadA2,ANT(3'')-Ia family aminoglycoside nucleotidyltransferase AadA2,AMINOGLYCOSIDE,STREPTOMYCIN
aadA2,ANT(3'')-Ia family aminoglycoside nucleotidyltransferase AadA2,AMINOGLYCOSIDE,STREPTOMYCIN
aadA2,ANT(3'')-Ia family aminoglycoside nucleotidyltransferase AadA2,AMINOGLYCOSIDE,STREPTOMYCIN
aadA2,ANT(3'')-Ia family aminoglycoside nucleotidyltransferase AadA2,AMINOGLYCOSIDE,STREPTOMYCIN
aadA2,ANT(3'')-Ia family aminoglycoside nucleotidyltransferase AadA2,AMINOGLYCOSIDE,STREPTOMYCIN
aadA2,ANT(3'')-Ia family aminoglycoside nucleotidyltransferase AadA2,AMINOGLYCOSIDE,STREPTOMYCIN
aadA2,ANT(3'')-Ia family aminoglycoside nucleotidyltransferase AadA2,AMINOGLYCOSIDE,STREPTOMYCIN
aadA2,ANT(3'')-Ia family aminoglycoside nucleotidyltransferase AadA2,AMINOGLYCOSIDE,STREPTOMYCIN
aadA2,ANT(3'')-Ia family aminoglycoside nucleotidyltransferase AadA2,AMINOGLYCOSIDE,STREPTOMYCIN
aadA2,ANT(3'')-Ia family aminoglycoside nucleotidyltransferase AadA2,AMINOGLYCOSIDE,STREPTOMYCIN
aadA31,ANT(3'')-Ia family aminoglycoside nucleotidyltransferase AadA31,AMINOGLYCOSIDE,STREPTOMYCIN
aadA31,ANT(3'')-Ia family aminoglycoside nucleotidyltransferase AadA31,AMINOGLYCOSIDE,STREPTOMYCIN
aadA33,ANT(3'')-I family aminoglycoside nucleotidyltransferase AadA33,AMINOGLYCOSIDE,SPECTINOMYCIN/STREPTOMYCIN
aadA36,ANT(3'')-I family aminoglycoside nucleotidyltransferase AadA36,AMINOGLYCOSIDE,SPECTINOMYCIN/STREPTOMYCIN
aadA3,ANT(3'')-Ia family aminoglycoside nucleotidyltransferase AadA3,AMINOGLYCOSIDE,STREPTOMYCIN
aadA3,ANT(3'')-Ia family aminoglycoside nucleotidyltransferase AadA3,AMINOGLYCOSIDE,STREPTOMYCIN
aadA3,ANT(3'')-Ia family aminoglycoside nucleotidyltransferase AadA3,AMINOGLYCOSIDE,STREPTOMYCIN
aadA3,ANT(3'')-Ia family aminoglycoside nucleotidyltransferase AadA3,AMINOGLYCOSIDE,STREPTOMYCIN
aadA3,ANT(3'')-Ia family aminoglycoside nucleotidyltransferase AadA3,AMINOGLYCOSIDE,STREPTOMYCIN
aadA4,ANT(3'')-Ia family aminoglycoside nucleotidyltransferase AadA4,AMINOGLYCOSIDE,STREPTOMYCIN
aadA4,ANT(3'')-Ia family aminoglycoside nucleotidyltransferase AadA4,AMINOGLYCOSIDE,STREPTOMYCIN
aadA4,ANT(3'')-Ia family aminoglycoside nucleotidyltransferase AadA4,AMINOGLYCOSIDE,STREPTOMYCIN
aadA5,ANT(3'')-Ia family aminoglycoside nucleotidyltransferase AadA5,AMINOGLYCOSIDE,STREPTOMYCIN
aadA5,ANT(3'')-Ia family aminoglycoside nucleotidyltransferase AadA5,AMINOGLYCOSIDE,STREPTOMYCIN
aadA5,ANT(3'')-Ia family aminoglycoside nucleotidyltransferase AadA5,AMINOGLYCOSIDE,STREPTOMYCIN
aadA5,ANT(3'')-Ia family aminoglycoside nucleotidyltransferase AadA5,AMINOGLYCOSIDE,STREPTOMYCIN
aadA5,ANT(3'')-Ia family aminoglycoside nucleotidyltransferase AadA5,AMINOGLYCOSIDE,STREPTOMYCIN
aadA5,ANT(3'')-Ia family aminoglycoside nucleotidyltransferase AadA5,AMINOGLYCOSIDE,STREPTOMYCIN
aadA5,ANT(3'')-Ia family aminoglycoside nucleotidyltransferase AadA5,AMINOGLYCOSIDE,STREPTOMYCIN
aadA5,ANT(3'')-Ia family aminoglycoside nucleotidyltransferase AadA5,AMINOGLYCOSIDE,STREPTOMYCIN
aadA5,ANT(3'')-Ia family aminoglycoside nucleotidyltransferase AadA5,AMINOGLYCOSIDE,STREPTOMYCIN
aadA5,ANT(3'')-Ia family aminoglycoside nucleotidyltransferase AadA5,AMINOGLYCOSIDE,STREPTOMYCIN
aadA5,ANT(3'')-Ia family aminoglycoside nucleotidyltransferase AadA5,AMINOGLYCOSIDE,STREPTOMYCIN
aadA5,ANT(3'')-Ia family aminoglycoside nucleotidyltransferase AadA5,AMINOGLYCOSIDE,STREPTOMYCIN
aadA5,ANT(3'')-Ia family aminoglycoside nucleotidyltransferase AadA5,AMINOGLYCOSIDE,STREPTOMYCIN
aadA5,ANT(3'')-Ia family aminoglycoside nucleotidyltransferase AadA5,AMINOGLYCOSIDE,STREPTOMYCIN
aadA5,ANT(3'')-Ia family aminoglycoside nucleotidyltransferase AadA5,AMINOGLYCOSIDE,STREPTOMYCIN
aadA5,ANT(3'')-Ia family aminoglycoside nucleotidyltransferase AadA5,AMINOGLYCOSIDE,STREPTOMYCIN
aadA5,ANT(3'')-Ia family aminoglycoside nucleotidyltransferase AadA5,AMINOGLYCOSIDE,STREPTOMYCIN
aadA5,ANT(3'')-Ia family aminoglycoside nucleotidyltransferase AadA5,AMINOGLYCOSIDE,STREPTOMYCIN
aadA5,ANT(3'')-Ia family aminoglycoside nucleotidyltransferase AadA5,AMINOGLYCOSIDE,STREPTOMYCIN
aadA5,ANT(3'')-Ia family aminoglycoside nucleotidyltransferase AadA5,AMINOGLYCOSIDE,STREPTOMYCIN
aadA5,ANT(3'')-Ia family aminoglycoside nucleotidyltransferase AadA5,AMINOGLYCOSIDE,STREPTOMYCIN
aadA6,ANT(3'')-Ia family aminoglycoside nucleotidyltransferase AadA6,AMINOGLYCOSIDE,STREPTOMYCIN
aadA6,ANT(3'')-Ia family aminoglycoside nucleotidyltransferase AadA6,AMINOGLYCOSIDE,STREPTOMYCIN
aadA6,ANT(3'')-Ia family aminoglycoside nucleotidyltransferase AadA6,AMINOGLYCOSIDE,STREPTOMYCIN
aadA6,ANT(3'')-Ia family aminoglycoside nucleotidyltransferase AadA6,AMINOGLYCOSIDE,STREPTOMYCIN
aadA6,ANT(3'')-Ia family aminoglycoside nucleotidyltransferase AadA6,AMINOGLYCOSIDE,STREPTOMYCIN
aadA6,ANT(3'')-Ia family aminoglycoside nucleotidyltransferase AadA6,AMINOGLYCOSIDE,STREPTOMYCIN
aadA6,ANT(3'')-Ia family aminoglycoside nucleotidyltransferase AadA6,AMINOGLYCOSIDE,STREPTOMYCIN
aadA6,ANT(3'')-Ia family aminoglycoside nucleotidyltransferase AadA6,AMINOGLYCOSIDE,STREPTOMYCIN
aadA7,ANT(3'')-Ia family aminoglycoside nucleotidyltransferase AadA7,AMINOGLYCOSIDE,STREPTOMYCIN
aadA7,ANT(3'')-Ia family aminoglycoside nucleotidyltransferase AadA7,AMINOGLYCOSIDE,STREPTOMYCIN
aadA7,ANT(3'')-Ia family aminoglycoside nucleotidyltransferase AadA7,AMINOGLYCOSIDE,STREPTOMYCIN
aadA7,ANT(3'')-Ia family aminoglycoside nucleotidyltransferase AadA7,AMINOGLYCOSIDE,STREPTOMYCIN
aadA7,ANT(3'')-Ia family aminoglycoside nucleotidyltransferase AadA7,AMINOGLYCOSIDE,STREPTOMYCIN
aadA7,ANT(3'')-Ia family aminoglycoside nucleotidyltransferase AadA7,AMINOGLYCOSIDE,STREPTOMYCIN
aadA8,ANT(3'')-Ia family aminoglycoside nucleotidyltransferase AadA8,AMINOGLYCOSIDE,STREPTOMYCIN
aadA8,ANT(3'')-Ia family aminoglycoside nucleotidyltransferase AadA8,AMINOGLYCOSIDE,STREPTOMYCIN
aadA8,ANT(3'')-Ia family aminoglycoside nucleotidyltransferase AadA8,AMINOGLYCOSIDE,STREPTOMYCIN
aadA8,ANT(3'')-Ia family aminoglycoside nucleotidyltransferase AadA8,AMINOGLYCOSIDE,STREPTOMYCIN
aadA8,ANT(3'')-Ia family aminoglycoside nucleotidyltransferase AadA8,AMINOGLYCOSIDE,STREPTOMYCIN
aadA8,ANT(3'')-Ia family aminoglycoside nucleotidyltransferase AadA8,AMINOGLYCOSIDE,STREPTOMYCIN
aadA8,ANT(3'')-Ia family aminoglycoside nucleotidyltransferase AadA8,AMINOGLYCOSIDE,STREPTOMYCIN
aadA9,ANT(3'')-Ia family aminoglycoside nucleotidyltransferase AadA9,AMINOGLYCOSIDE,STREPTOMYCIN
aadA9,ANT(3'')-Ia family aminoglycoside nucleotidyltransferase AadA9,AMINOGLYCOSIDE,STREPTOMYCIN
aadA9,ANT(3'')-Ia family aminoglycoside nucleotidyltransferase AadA9,AMINOGLYCOSIDE,STREPTOMYCIN
aadA9,ANT(3'')-Ia family aminoglycoside nucleotidyltransferase AadA9,AMINOGLYCOSIDE,STREPTOMYCIN
aadA9,ANT(3'')-Ia family aminoglycoside nucleotidyltransferase AadA9,AMINOGLYCOSIDE,STREPTOMYCIN
aadD1,aminoglycoside O-nucleotidyltransferase ANT(4')-Ia,AMINOGLYCOSIDE,KANAMYCIN/TOBRAMYCIN
aadD1,aminoglycoside O-nucleotidyltransferase ANT(4')-Ia,AMINOGLYCOSIDE,KANAMYCIN/TOBRAMYCIN
aadD1,aminoglycoside O-nucleotidyltransferase ANT(4')-Ia,AMINOGLYCOSIDE,KANAMYCIN/TOBRAMYCIN
aadD1,aminoglycoside O-nucleotidyltransferase ANT(4')-Ia,AMINOGLYCOSIDE,KANAMYCIN/TOBRAMYCIN
aadD2,aminoglycoside O-nucleotidyltransferase ANT(4')-Ib,AMINOGLYCOSIDE,AMIKACIN/KANAMYCIN/TOBRAMYCIN
aadE-Cc,aminoglycoside nucleotidyltransferase ANT(6)-Ig,AMINOGLYCOSIDE,STREPTOMYCIN
aadE,aminoglycoside 6-adenylyltransferase AadE,AMINOGLYCOSIDE,STREPTOMYCIN
aadK,aminoglycoside 6-adenylyltransferase AadK,AMINOGLYCOSIDE,STREPTOMYCIN
aadS,aminoglycoside 6-adenylyltransferase AadS,AMINOGLYCOSIDE,STREPTOMYCIN
aafA,aggregative adherence fimbria II major subunit AafA,,
aafA,aggregative adherence fimbria II major subunit AafA,,
aafA,aggregative adherence fimbria II major subunit AafA,,
aafA,aggregative adherence fimbria II major subunit AafA,,
aafA,aggregative adherence fimbria II major subunit AafA,,
aafA,aggregative adherence fimbria II major subunit AafA,,
aafB,aggregative adherence fimbria II minor subunit AafB,,
aafC,aggregative adherence fimbria II usher protein AafC,,
aafD,aggregative adherence fimbria II chaperone AafD,,
aaiC,type VI secretion system protein AaiC/Hcp2,,
aaiC,type VI secretion system protein AaiC/Hcp2,,
aalE,CS23 fimbrial major subunit AalE,,
aap,dispersin Aap,,
aap,dispersin Aap,,
aar,AggR-activated transcriptional regulator Aar,,
aar,AggR-activated transcriptional regulator Aar,,
aatA,dispersin export ABC transporter outer membrane protein AatA,,
aatA,dispersin export ABC transporter outer membrane protein AatA,,
aatA,dispersin export ABC transporter outer membrane protein AatA,,
aatA,dispersin export ABC transporter outer membrane protein AatA,,
abaF,fosfomycin efflux MFS transporter AbaF,FOSFOMYCIN,FOSFOMYCIN
acr3,arsenite efflux transporter Acr3,ARSENIC,ARSENITE
acr3,arsenite efflux transporter Acr3,ARSENIC,ARSENITE
acr3,arsenite efflux transporter Acr3,ARSENIC,ARSENITE
acrF,multidrug efflux RND transporter permease subunit AcrF,EFFLUX,EFFLUX
adeC,multidrug efflux RND transporter AdeABC outer membrane channel subunit AdeC,EFFLUX,EFFLUX
adeD,multidrug efflux RND transporter periplasmic adaptor subunit AdeD,EFFLUX,EFFLUX
adeE,multidrug efflux RND transporter permease subunit AdeE,EFFLUX,EFFLUX
afaC,AfaC-I/III family usher protein,,
afaC,AfaC-I/III family usher protein,,
agg3A,aggregative adherence fimbria 3 major subunit Agg3A,,
agg3A,aggregative adherence fimbria 3 major subunit Agg3A,,
agg3B,aggregative adherence fimbria 3 minor subunit Agg3B,,
agg3C,aggregative adherence fimbria 3 usher protein Agg3C,,
agg3C,aggregative adherence fimbria 3 usher protein Agg3C,,
agg3D,aggregative adherence fimbria 3 chaperone Agg3D,,
agg4A,aggregative adherence fimbria 4 major subunit Agg4A/HdaA,,
agg4A,aggregative adherence fimbria 4 major subunit Agg4A/HdaA,,
agg4D,aggregative adherence fimbria 4 chaperone Agg4D/HdaD,,
agg5A,aggregative adherence fimbria V major subunit Agg5A,,
agg5A,aggregative adherence fimbria V major subunit Agg5A,,
agg5A,aggregative adherence fimbria V major subunit Agg5A,,
aggA,aggregative adherence fimbria I major subunit AggA,,
aggA,aggregative adherence fimbria I major subunit AggA,,
aggA,aggregative adherence fimbria I major subunit AggA,,
aggA,aggregative adherence fimbria I major subunit AggA,,
aggA,aggregative adherence fimbria I major subunit AggA,,
aggA,aggregative adherence fimbria I major subunit AggA,,
aggB,aggregative adherence fimbria I minor subunit AggB,,
aggB,aggregative adherence fimbria I minor subunit AggB,,
aggC,aggregative adherence fimbria I usher protein AggC,,
aggD,aggregative adherence fimbria I chaperone AggD,,
aggR,aggregative adherence transcriptional regulator AggR,,
aggR,aggregative adherence transcriptional regulator AggR,,
aggR,aggregative adherence transcriptional regulator AggR,,
ail,attachment invasion locus protein Ail,,
air,inverse autotransporter adhesin EaeX/Air,,
air,inverse autotransporter adhesin EaeX/Air,,
air,inverse autotransporter adhesin EaeX/Air,,
almE,lipid A modification system glycine--protein ligase AlmE,COLISTIN,COLISTIN
almF,lipid A modification system glycine carrier protein AlmF,COLISTIN,COLISTIN
almG,glycine--lipid A transferase AlmG,COLISTIN,COLISTIN
alo,anthrolysin O/cereolysin O family cholesterol-dependent cytolysin Alo,,
alo,anthrolysin O/cereolysin O family cholesterol-dependent cytolysin Alo,,
alo,anthrolysin O/cereolysin O family cholesterol-dependent cytolysin Alo,,
ami,autolysin Ami,,
ampC,CMY2-MIR-ACT-EC family cephalosporin-hydrolyzing class C beta-lactamase,BETA-LACTAM,CEPHALOSPORIN
ampC,class C beta-lactamase,BETA-LACTAM,BETA-LACTAM
ampC,CMY2-MIR-ACT-EC family cephalosporin-hydrolyzing class C beta-lactamase,BETA-LACTAM,CEPHALOSPORIN
ampC,class C beta-lactamase,BETA-LACTAM,BETA-LACTAM
amvA,multidrug efflux MFS transporter AmvA,EFFLUX,EFFLUX
ant(2'')-Ia,aminoglycoside nucleotidyltransferase ANT(2'')-Ia,AMINOGLYCOSIDE,GENTAMICIN/KANAMYCIN/TOBRAMYCIN
ant(2'')-Ia,aminoglycoside nucleotidyltransferase ANT(2'')-Ia,AMINOGLYCOSIDE,GENTAMICIN/KANAMYCIN/TOBRAMYCIN
ant(2'')-Ia,aminoglycoside nucleotidyltransferase ANT(2'')-Ia,AMINOGLYCOSIDE,GENTAMICIN/KANAMYCIN/TOBRAMYCIN
ant(2'')-Ia,aminoglycoside nucleotidyltransferase ANT(2'')-Ia,AMINOGLYCOSIDE,GENTAMICIN/KANAMYCIN/TOBRAMYCIN
ant(2'')-Ia,aminoglycoside nucleotidyltransferase ANT(2'')-Ia,AMINOGLYCOSIDE,GENTAMICIN/KANAMYCIN/TOBRAMYCIN
ant(2'')-Ia,aminoglycoside nucleotidyltransferase ANT(2'')-Ia,AMINOGLYCOSIDE,GENTAMICIN/KANAMYCIN/TOBRAMYCIN
ant(2'')-Ia,aminoglycoside nucleotidyltransferase ANT(2'')-Ia,AMINOGLYCOSIDE,GENTAMICIN/KANAMYCIN/TOBRAMYCIN
ant(2'')-Ia,aminoglycoside nucleotidyltransferase ANT(2'')-Ia,AMINOGLYCOSIDE,GENTAMICIN/KANAMYCIN/TOBRAMYCIN
ant(2'')-Ia,aminoglycoside nucleotidyltransferase ANT(2'')-Ia,AMINOGLYCOSIDE,GENTAMICIN/KANAMYCIN/TOBRAMYCIN
ant(2'')-Ia,aminoglycoside nucleotidyltransferase ANT(2'')-Ia,AMINOGLYCOSIDE,GENTAMICIN/KANAMYCIN/TOBRAMYCIN
ant(2'')-Ia,aminoglycoside nucleotidyltransferase ANT(2'')-Ia,AMINOGLYCOSIDE,GENTAMICIN/KANAMYCIN/TOBRAMYCIN
ant(2'')-Ia,aminoglycoside nucleotidyltransferase ANT(2'')-Ia,AMINOGLYCOSIDE,GENTAMICIN/KANAMYCIN/TOBRAMYCIN
ant(2'')-Ia,aminoglycoside nucleotidyltransferase ANT(2'')-Ia,AMINOGLYCOSIDE,GENTAMICIN/KANAMYCIN/TOBRAMYCIN
ant(2'')-Ia,aminoglycoside nucleotidyltransferase ANT(2'')-Ia,AMINOGLYCOSIDE,GENTAMICIN/KANAMYCIN/TOBRAMYCIN
ant(2'')-Ia,aminoglycoside nucleotidyltransferase ANT(2'')-Ia,AMINOGLYCOSIDE,GENTAMICIN/KANAMYCIN/TOBRAMYCIN
ant(2'')-Ia,aminoglycoside nucleotidyltransferase ANT(2'')-Ia,AMINOGLYCOSIDE,GENTAMICIN/KANAMYCIN/TOBRAMYCIN
ant(2'')-Ia,aminoglycoside nucleotidyltransferase ANT(2'')-Ia,AMINOGLYCOSIDE,GENTAMICIN/KANAMYCIN/TOBRAMYCIN
ant(2'')-Ia,aminoglycoside nucleotidyltransferase ANT(2'')-Ia,AMINOGLYCOSIDE,GENTAMICIN/KANAMYCIN/TOBRAMYCIN
ant(2'')-Ia,aminoglycoside nucleotidyltransferase ANT(2'')-Ia,AMINOGLYCOSIDE,GENTAMICIN/KANAMYCIN/TOBRAMYCIN
ant(3'')-IIa,aminoglycoside nucleotidyltransferase ANT(3'')-IIa,AMINOGLYCOSIDE,SPECTINOMYCIN/STREPTOMYCIN
ant(3'')-IIa,aminoglycoside nucleotidyltransferase ANT(3'')-IIa,AMINOGLYCOSIDE,SPECTINOMYCIN/STREPTOMYCIN
ant(3'')-IIa,aminoglycoside nucleotidyltransferase ANT(3'')-IIa,AMINOGLYCOSIDE,SPECTINOMYCIN/STREPTOMYCIN
ant(3'')-IIa,aminoglycoside nucleotidyltransferase ANT(3'')-IIa,AMINOGLYCOSIDE,SPECTINOMYCIN/STREPTOMYCIN
ant(3'')-IIa,aminoglycoside nucleotidyltransferase ANT(3'')-IIa,AMINOGLYCOSIDE,SPECTINOMYCIN/STREPTOMYCIN
ant(3'')-IIb,aminoglycoside nucleotidyltransferase ANT(3'')-IIb,AMINOGLYCOSIDE,SPECTINOMYCIN/STREPTOMYCIN
ant(3'')-IIc,aminoglycoside nucleotidyltransferase ANT(3'')-IIc,AMINOGLYCOSIDE,SPECTINOMYCIN/STREPTOMYCIN
ant(3'')-IIc,aminoglycoside nucleotidyltransferase ANT(3'')-IIc,AMINOGLYCOSIDE,SPECTINOMYCIN/STREPTOMYCIN
ant(3'')-IIc,aminoglycoside nucleotidyltransferase ANT(3'')-IIc,AMINOGLYCOSIDE,SPECTINOMYCIN/STREPTOMYCIN
ant(3'')-Ia,ANT(3'')-Ia family aminoglycoside nucleotidyltransferase AadA,AMINOGLYCOSIDE,SPECTINOMYCIN/STREPTOMYCIN
ant(3'')-Ia,ANT(3'')-Ia family aminoglycoside nucleotidyltransferase AadA,AMINOGLYCOSIDE,SPECTINOMYCIN/STREPTOMYCIN
ant(3'')-Ia,ANT(3'')-Ia family aminoglycoside nucleotidyltransferase AadA,AMINOGLYCOSIDE,SPECTINOMYCIN/STREPTOMYCIN
ant(3'')-Ib,aminoglycoside nucleotidyltransferase ANT(3'')-Ib,AMINOGLYCOSIDE,SPECTINOMYCIN/STREPTOMYCIN
ant(3'')-Ih/aac(6')-IId,bifunctional aminoglycoside nucleotidyltransferase ANT(3'')-Ih/aminoglycoside N-acetyltransferase AAC(6')-Iid,AMINOGLYCOSIDE,AMINOGLYCOSIDE/SPECTINOMYCIN/STREPTOMYCIN
ant(3'')-Ij/aac(6')-IIa,bifunctional aminoglycoside nucleotidyltransferase ANT(3'')-Ia/aminoglycoside N-acetyltransferase AAC(6')-IIa,AMINOGLYCOSIDE,GENTAMICIN/KANAMYCIN/SPECTINOMYCIN/STREPTOMYCIN/TOBRAMYCIN
ant(3'')-Ij/aac(6')-Ib,bifunctional aminoglycoside nucleotidyltransferase ANT(3'')-Ij/aminoglycoside N-acetyltransferase AAC(6')-Ib,AMINOGLYCOSIDE,GENTAMICIN/SPECTINOMYCIN/STREPTOMYCIN
ant(4')-IIa,aminoglycoside nucleotidyltransferase ANT(4')-IIa,AMINOGLYCOSIDE,AMIKACIN/KANAMYCIN/TOBRAMYCIN
ant(4')-IIb,aminoglycoside nucleotidyltransferase ANT(4')-IIb,AMINOGLYCOSIDE,AMIKACIN/KANAMYCIN/TOBRAMYCIN
ant(4')-Ic,aminoglycoside O-nucleotidyltransferase ANT(4')-Ic,AMINOGLYCOSIDE,KANAMYCIN/TOBRAMYCIN
ant(6)-Ia,aminoglycoside nucleotidyltransferase ANT(6)-Ia,AMINOGLYCOSIDE,STREPTOMYCIN
ant(6)-Ia,aminoglycoside nucleotidyltransferase ANT(6)-Ia,AMINOGLYCOSIDE,STREPTOMYCIN
ant(6)-Ia,aminoglycoside nucleotidyltransferase ANT(6)-Ia,AMINOGLYCOSIDE,STREPTOMYCIN
ant(6)-Ia,aminoglycoside nucleotidyltransferase ANT(6)-Ia,AMINOGLYCOSIDE,STREPTOMYCIN
ant(6)-Ib,aminoglycoside nucleotidyltransferase ANT(6)-Ib,AMINOGLYCOSIDE,STREPTOMYCIN
ant(6)-Ic,aminoglycoside nucleotidyltransferase ANT(6)-Ic,AMINOGLYCOSIDE,STREPTOMYCIN
ant(9)-Ia,aminoglycoside nucleotidyltransferase ANT(9)-Ia,AMINOGLYCOSIDE,SPECTINOMYCIN
ant(9)-Ib,aminoglycoside nucleotidyltransferase ANT(9)-Ib,AMINOGLYCOSIDE,SPECTINOMYCIN
ant(9)-Ic,aminoglycoside nucleotidyltransferase ANT(9)-Ic,AMINOGLYCOSIDE,SPECTINOMYCIN
aph(2'')-G141,aminoglycoside O-phosphotransferase APH(2')-G141,AMINOGLYCOSIDE,GENTAMICIN/KANAMYCIN/TOBRAMYCIN
aph(2'')-IIIa,aminoglycoside O-phosphotransferase APH(2'')-IIIa,AMINOGLYCOSIDE,AMIKACIN/GENTAMICIN/KANAMYCIN/TOBRAMYCIN
aph(2'')-IIa,aminoglycoside O-phosphotransferase APH(2'')-IIa,AMINOGLYCOSIDE,AMIKACIN/GENTAMICIN/KANAMYCIN/TOBRAMYCIN
aph(2'')-IIa,aminoglycoside O-phosphotransferase APH(2'')-IIa,AMINOGLYCOSIDE,AMIKACIN/GENTAMICIN/KANAMYCIN/TOBRAMYCIN
aph(2'')-IIa,aminoglycoside O-phosphotransferase APH(2'')-IIa,AMINOGLYCOSIDE,AMIKACIN/GENTAMICIN/KANAMYCIN/TOBRAMYCIN
aph(2'')-IVa,aminoglycoside O-phosphotransferase APH(2'')-IVa,AMINOGLYCOSIDE,AMIKACIN/GENTAMICIN/KANAMYCIN/PLAZOMICIN/TOBRAMYCIN
aph(2'')-Ie,aminoglycoside O-phosphotransferase APH(2'')-Ie,AMINOGLYCOSIDE,AMIKACIN/GENTAMICIN/KANAMYCIN/TOBRAMYCIN
aph(2'')-If,aminoglycoside O-phosphotransferase APH(2'')-If,AMINOGLYCOSIDE,AMIKACIN/GENTAMICIN/KANAMYCIN/TOBRAMYCIN
aph(2'')-If,aminoglycoside O-phosphotransferase APH(2'')-If,AMINOGLYCOSIDE,AMIKACIN/GENTAMICIN/KANAMYCIN/TOBRAMYCIN
aph(2'')-Ig,aminoglycoside O-phosphotransferase APH(2'')-Ig,AMINOGLYCOSIDE,AMIKACIN/GENTAMICIN/KANAMYCIN/TOBRAMYCIN
aph(2'')-Ih,aminoglycoside O-phosphotransferase APH(2'')-Ih,AMINOGLYCOSIDE,AMIKACIN/GENTAMICIN/KANAMYCIN/TOBRAMYCIN
aph(2'')-Ii,aminoglycoside O-phosphotransferase APH(2'')-Ii,AMINOGLYCOSIDE,AMIKACIN/GENTAMICIN/KANAMYCIN/TOBRAMYCIN
aph(2'')-Ii,aminoglycoside O-phosphotransferase APH(2'')-Ii,AMINOGLYCOSIDE,AMIKACIN/GENTAMICIN/KANAMYCIN/TOBRAMYCIN
aph(3'')-Ia,aminoglycoside O-phosphotransferase APH(3'')-Ia,AMINOGLYCOSIDE,STREPTOMYCIN
aph(3'')-Ia,aminoglycoside O-phosphotransferase APH(3'')-Ia,AMINOGLYCOSIDE,STREPTOMYCIN
aph(3'')-Ia,aminoglycoside O-phosphotransferase APH(3'')-Ia,AMINOGLYCOSIDE,STREPTOMYCIN
aph(3'')-Ib,aminoglycoside O-phosphotransferase APH(3'')-Ib,AMINOGLYCOSIDE,STREPTOMYCIN
aph(3'')-Ib,aminoglycoside O-phosphotransferase APH(3'')-Ib,AMINOGLYCOSIDE,STREPTOMYCIN
aph(3'')-Ib,aminoglycoside O-phosphotransferase APH(3'')-Ib,AMINOGLYCOSIDE,STREPTOMYCIN
aph(3'')-Ib,aminoglycoside O-phosphotransferase APH(3'')-Ib,AMINOGLYCOSIDE,STREPTOMYCIN
aph(3'')-Ic,aminoglycoside O-phosphotransferase APH(3'')-Ic,AMINOGLYCOSIDE,STREPTOMYCIN
aph(3')-H48,aminoglycoside O-phosphotransferase APH(3')-H48,AMINOGLYCOSIDE,KANAMYCIN
aph(3')-H510,aminoglycoside O-phosphotransferase APH(3')-H510,AMINOGLYCOSIDE,KANAMYCIN
aph(3')-I(H957),aminoglycoside O-phosphotransferase APH(3')-I(H957),AMINOGLYCOSIDE,KANAMYCIN
aph(3')-IIIa,aminoglycoside O-phosphotransferase APH(3')-IIIa,AMINOGLYCOSIDE,AMIKACIN/KANAMYCIN
aph(3')-IIIa,aminoglycoside O-phosphotransferase APH(3')-IIIa,AMINOGLYCOSIDE,AMIKACIN/KANAMYCIN
aph(3')-IIIa,aminoglycoside O-phosphotransferase APH(3')-IIIa,AMINOGLYCOSIDE,AMIKACIN/KANAMYCIN
aph(3')-IIIa,aminoglycoside O-phosphotransferase APH(3')-IIIa,AMINOGLYCOSIDE,AMIKACIN/KANAMYCIN
aph(3')-II,APH(3')-II family aminoglycoside O-phosphotransferase,AMINOGLYCOSIDE,KANAMYCIN
aph(3')-IIa,aminoglycoside O-phosphotransferase APH(3')-IIa,AMINOGLYCOSIDE,KANAMYCIN
aph(3')-IIb,aminoglycoside O-phosphotransferase APH(3')-IIb,AMINOGLYCOSIDE,KANAMYCIN
aph(3')-IIb,aminoglycoside O-phosphotransferase APH(3')-IIb,AMINOGLYCOSIDE,KANAMYCIN
aph(3')-IIc,aminoglycoside O-phosphotransferase APH(3')-IIc,AMINOGLYCOSIDE,KANAMYCIN
aph(3')-IIc,aminoglycoside O-phosphotransferase APH(3')-IIc,AMINOGLYCOSIDE,KANAMYCIN
aph(3')-IId,aminoglycoside O-phosphotransferase APH(3')-IId,AMINOGLYCOSIDE,KANAMYCIN
aph(3')-IVa,aminoglycoside O-phosphotransferase APH(3')-IVa,AMINOGLYCOSIDE,KANAMYCIN
aph(3')-IX,aminoglycoside O-phosphotransferase APH(3')-IX,AMINOGLYCOSIDE,KANAMYCIN
aph(3')-Ia,aminoglycoside O-phosphotransferase APH(3')-Ia,AMINOGLYCOSIDE,KANAMYCIN
aph(3')-Ia,aminoglycoside O-phosphotransferase APH(3')-Ia,AMINOGLYCOSIDE,KANAMYCIN
aph(3')-Ia,aminoglycoside O-phosphotransferase APH(3')-Ia,AMINOGLYCOSIDE,KANAMYCIN
aph(3')-Ia,aminoglycoside O-phosphotransferase APH(3')-Ia,AMINOGLYCOSIDE,KANAMYCIN
aph(3')-Ia,aminoglycoside O-phosphotransferase APH(3')-Ia,AMINOGLYCOSIDE,KANAMYCIN
aph(3')-Ia,aminoglycoside O-phosphotransferase APH(3')-Ia,AMINOGLYCOSIDE,KANAMYCIN
aph(3')-Ia,aminoglycoside O-phosphotransferase APH(3')-Ia,AMINOGLYCOSIDE,KANAMYCIN
aph(3')-Ia,aminoglycoside O-phosphotransferase APH(3')-Ia,AMINOGLYCOSIDE,KANAMYCIN
aph(3')-Ia,aminoglycoside O-phosphotransferase APH(3')-Ia,AMINOGLYCOSIDE,KANAMYCIN
aph(3')-Ia,aminoglycoside O-phosphotransferase APH(3')-Ia,AMINOGLYCOSIDE,KANAMYCIN
aph(3')-Ia,aminoglycoside O-phosphotransferase APH(3')-Ia,AMINOGLYCOSIDE,KANAMYCIN
aph(3')-Ia,aminoglycoside O-phosphotransferase APH(3')-Ia,AMINOGLYCOSIDE,KANAMYCIN
aph(3')-Ib,aminoglycoside O-phosphotransferase APH(3')-Ib,AMINOGLYCOSIDE,KANAMYCIN
aph(3')-Ib,aminoglycoside O-phosphotransferase APH(3')-Ib,AMINOGLYCOSIDE,KANAMYCIN
aph(3')-Id,aminoglycoside O-phosphotransferase APH(3')-Id,AMINOGLYCOSIDE,AMIKACIN/KANAMYCIN
aph(3')-VIIIa,aminoglycoside O-phosphotransferase APH(3')-VIIIa,AMINOGLYCOSIDE,AMIKACIN/KANAMYCIN
aph(3')-VIIIb,aminoglycoside O-phosphotransferase APH(3')-VIIIb,AMINOGLYCOSIDE,AMIKACIN/KANAMYCIN
aph(3')-VIIa,aminoglycoside O-phosphotransferase APH(3')-VIIa,AMINOGLYCOSIDE,AMIKACIN/KANAMYCIN
aph(3')-VI,APH(3')-VI family aminoglycoside O-phosphotransferase,AMINOGLYCOSIDE,AMIKACIN/KANAMYCIN
aph(3')-VIa,aminoglycoside O-phosphotransferase APH(3')-VIa,AMINOGLYCOSIDE,AMIKACIN/KANAMYCIN
aph(3')-VIb,aminoglycoside O-phosphotransferase APH(3')-VIb,AMINOGLYCOSIDE,AMIKACIN/KANAMYCIN
aph(3')-Va,aminoglycoside O-phosphotransferase APH(3')-Va,AMINOGLYCOSIDE,AMINOGLYCOSIDE
aph(3')-Va,aminoglycoside O-phosphotransferase APH(3')-Va,AMINOGLYCOSIDE,AMINOGLYCOSIDE
aph(3')-Vb,aminoglycoside O-phosphotransferase APH(3')-Vb,AMINOGLYCOSIDE,AMINOGLYCOSIDE
aph(3')-Vb,aminoglycoside O-phosphotransferase APH(3')-Vb,AMINOGLYCOSIDE,AMINOGLYCOSIDE
aph(3')-Vc,aminoglycoside O-phosphotransferase APH(3')-Vc,AMINOGLYCOSIDE,AMINOGLYCOSIDE
aph(3')-XV,aminoglycoside O-phosphotransferase APH(3')-XV,AMINOGLYCOSIDE,AMIKACIN/KANAMYCIN
aph(3')-XV,aminoglycoside O-phosphotransferase APH(3')-XV,AMINOGLYCOSIDE,AMIKACIN/KANAMYCIN
aph(3')-XV,aminoglycoside O-phosphotransferase APH(3')-XV,AMINOGLYCOSIDE,AMIKACIN/KANAMYCIN
aph(4)-Ia,aminoglycoside O-phosphotransferase APH(4)-Ia,AMINOGLYCOSIDE,HYGROMYCIN
aph(6)-Ia,aminoglycoside O-phosphotransferase APH(6)-Ia,AMINOGLYCOSIDE,STREPTOMYCIN
aph(6)-Ia,aminoglycoside O-phosphotransferase APH(6)-Ia,AMINOGLYCOSIDE,STREPTOMYCIN
aph(6)-Ib,aminoglycoside O-phosphotransferase APH(6)-Ib,AMINOGLYCOSIDE,STREPTOMYCIN
aph(6)-Ic,aminoglycoside O-phosphotransferase APH(6)-Ic,AMINOGLYCOSIDE,STREPTOMYCIN
aph(6)-Id,aminoglycoside O-phosphotransferase APH(6)-Id,AMINOGLYCOSIDE,STREPTOMYCIN
aph(6)-Id,aminoglycoside O-phosphotransferase APH(6)-Id,AMINOGLYCOSIDE,STREPTOMYCIN
aph(6)-Id,aminoglycoside O-phosphotransferase APH(6)-Id,AMINOGLYCOSIDE,STREPTOMYCIN
aph(6)-Id,aminoglycoside O-phosphotransferase APH(6)-Id,AMINOGLYCOSIDE,STREPTOMYCIN
aph(6)-Id,aminoglycoside O-phosphotransferase APH(6)-Id,AMINOGLYCOSIDE,STREPTOMYCIN
aph(6),APH(6) family putative aminoglycoside O-phosphotransferase,AMINOGLYCOSIDE,AMINOGLYCOSIDE
aph(6),APH(6) family putative aminoglycoside O-phosphotransferase,AMINOGLYCOSIDE,AMINOGLYCOSIDE
aph(7'')-Ia,aminoglycoside O-phosphotransferase APH(7'')-Ia,AMINOGLYCOSIDE,HYGROMYCIN
aph(9)-Ia,aminoglycoside O-phosphotransferase APH(9)-Ia,AMINOGLYCOSIDE,SPECTINOMYCIN
aph(9)-Ia,aminoglycoside O-phosphotransferase APH(9)-Ia,AMINOGLYCOSIDE,SPECTINOMYCIN
aph(9)-Ib,aminoglycoside O-phosphotransferase APH(9)-Ib,AMINOGLYCOSIDE,SPECTINOMYCIN
aphA16,APH(3') family aminoglycoside O-phosphotransferase AphA16,AMINOGLYCOSIDE,AMIKACIN/KANAMYCIN
apmA,aminocyclitol acetyltransferase ApmA,AMINOGLYCOSIDE,APRAMYCIN
apmA,aminocyclitol acetyltransferase ApmA,AMINOGLYCOSIDE,APRAMYCIN
ariR,biofilm/acid-resistance regulator AriR,,
armA,16S rRNA (guanine(1405)-N(7))-methyltransferase ArmA,AMINOGLYCOSIDE,GENTAMICIN
arr-3,NAD(+)--rifampin ADP-ribosyltransferase Arr-3,RIFAMYCIN,RIFAMYCIN
arr-3,NAD(+)--rifampin ADP-ribosyltransferase Arr-3,RIFAMYCIN,RIFAMYCIN
arr-3,NAD(+)--rifampin ADP-ribosyltransferase Arr-3,RIFAMYCIN,RIFAMYCIN
arr,NAD(+)--rifampin ADP-ribosyltransferase Arr-2b,RIFAMYCIN,RIFAMYCIN
arr,NAD(+)--rifampin ADP-ribosyltransferase,RIFAMYCIN,RIFAMYCIN
arr,NAD(+)--rifampin ADP-ribosyltransferase Arr-6,RIFAMYCIN,RIFAMYCIN
arr,NAD(+)--rifampin ADP-ribosyltransferase,RIFAMYCIN,RIFAMYCIN
arr,NAD(+)--rifampin ADP-ribosyltransferase Arr-6,RIFAMYCIN,RIFAMYCIN
arsA,arsenite efflux transporter ATPase subunit ArsA,ARSENIC,ARSENITE
arsA,arsenite efflux transporter ATPase subunit ArsA,ARSENIC,ARSENITE
arsA,arsenite efflux transporter ATPase subunit ArsA,ARSENIC,ARSENITE
arsA,arsenite efflux transporter ATPase subunit ArsA,ARSENIC,ARSENITE
arsA,arsenite efflux transporter ATPase subunit ArsA,ARSENIC,ARSENITE
arsA,arsenite efflux transporter ATPase subunit ArsA,ARSENIC,ARSENITE
arsB,arsenite efflux transporter membrane subunit ArsB,ARSENIC,ARSENITE
arsB,arsenite efflux transporter membrane subunit ArsB,ARSENIC,ARSENITE
arsB,arsenite efflux transporter membrane subunit ArsB,ARSENIC,ARSENITE
arsB,arsenite efflux transporter membrane subunit ArsB,ARSENIC,ARSENITE
arsB,arsenite efflux transporter membrane subunit ArsB,ARSENIC,ARSENITE
arsB,arsenite efflux transporter membrane subunit ArsB,ARSENIC,ARSENITE
arsB,arsenite efflux transporter membrane subunit ArsB,ARSENIC,ARSENITE
arsB,arsenite efflux transporter membrane subunit ArsB,ARSENIC,ARSENITE
arsB,arsenite efflux transporter membrane subunit ArsB,ARSENIC,ARSENITE
arsC,thioredoxin-dependent arsenate reductase,ARSENIC,ARSENATE
arsC,glutaredoxin-dependent arsenate reductase,ARSENIC,ARSENATE
arsC,thioredoxin-dependent arsenate reductase,ARSENIC,ARSENATE
arsC,thioredoxin-dependent arsenate reductase,ARSENIC,ARSENATE
arsC,glutaredoxin-dependent arsenate reductase,ARSENIC,ARSENATE
arsC,glutaredoxin-dependent arsenate reductase,ARSENIC,ARSENATE
arsC,glutaredoxin-dependent arsenate reductase,ARSENIC,ARSENATE
arsC,thioredoxin-dependent arsenate reductase,ARSENIC,ARSENATE
arsD2,arsenite efflux transporter metallochaperone ArsD-related protein,ARSENIC,ARSENITE
arsD,arsenite efflux transporter metallochaperone ArsD,ARSENIC,ARSENITE
arsD,arsenite efflux transporter metallochaperone ArsD,ARSENIC,ARSENITE
arsD,arsenite efflux transporter metallochaperone ArsD,ARSENIC,ARSENITE
arsD,arsenite efflux transporter metallochaperone ArsD,ARSENIC,ARSENITE
arsD,arsenite efflux transporter metallochaperone ArsD,ARSENIC,ARSENITE
arsH,arsenic resistance NADPH-dependent reductase ArsH,ARSENIC,ARSENIC
arsN1,arsinothricin resistance N-acetyltransferase ArsN1 family B,ARSENIC,ARSENIC
arsN1,arsinothricin resistance N-acetyltransferase ArsN1 family A,ARSENIC,ARSENIC
arsN1,arsinothricin resistance N-acetyltransferase ArsN1 family A,ARSENIC,ARSENIC
arsN1,arsinothricin resistance N-acetyltransferase ArsN1 family A,ARSENIC,ARSENIC
arsN2,arsenic resistance N-acetyltransferase ArsN2,ARSENIC,ARSENIC
arsN2,arsenic resistance N-acetyltransferase ArsN2,ARSENIC,ARSENIC
arsN2,arsenic resistance N-acetyltransferase ArsN2,ARSENIC,ARSENIC
arsN2,arsenic resistance N-acetyltransferase ArsN2,ARSENIC,ARSENIC
arsN2,arsenic resistance N-acetyltransferase ArsN2,ARSENIC,ARSENIC
arsP,organoarsenical efflux permease ArsP,ARSENIC,ORGANOARSENIC
arsR,As(III)-sensing metalloregulatory transcriptional repressor ArsR,ARSENIC,ARSENIC
arsR,As(III)-sensing metalloregulatory transcriptional repressor ArsR,ARSENIC,ARSENIC
arsR,As(III)-sensing metalloregulatory transcriptional repressor ArsR,ARSENIC,ARSENIC
arsR,As(III)-sensing metalloregulatory transcriptional repressor ArsR,ARSENIC,ARSENITE
arsR,As(III)-sensing metalloregulatory transcriptional repressor ArsR,ARSENIC,ARSENITE
arsR,As(III)-sensing metalloregulatory transcriptional repressor ArsR,ARSENIC,ARSENIC
arsR,As(III)-sensing metalloregulatory transcriptional repressor ArsR,ARSENIC,ARSENITE
arsR,As(III)-sensing metalloregulatory transcriptional repressor ArsR,ARSENIC,ARSENIC
arsR,As(III)-sensing metalloregulatory transcriptional repressor ArsR,ARSENIC,ARSENIC
asr,acid resistance repetitive basic protein Asr,,
astA,heat-stable enterotoxin EAST1,,
astA,heat-stable enterotoxin EAST1,,
astA,heat-stable enterotoxin EAST1,,
astA,heat-stable enterotoxin EAST1,,
astA,heat-stable enterotoxin EAST1,,
atxA,anthrax toxin expression trans-acting transcriptional regulator AtxA,,
aur,zinc metalloproteinase aureolysin,,
aut,peptidoglycan hydrolase Auto,,
avrA,type III secretion system YopJ family effector AvrA,,
bc2h,C2 toxin component II,,
bc2l,C2 toxin component I,,
bcrA,bacitracin resistance ABC transporter ATP-binding subunit BcrA,BACITRACIN,BACITRACIN
bcrB,quaternary ammonium compound efflux SMR transporter BcrB,BACITRACIN,BACITRACIN
bcrC,quaternary ammonium compound efflux SMR transporter BcrC,BACITRACIN,BACITRACIN
becA,ADP-ribosylating binary toxin enzymatic subunit BecA,,
becB,ADP-ribosylating binary toxin binding subunit BecB,,
bepC,multidrug efflux RND transporter outer membrane subunit BepC,EFFLUX,EFFLUX
bepD,multidrug efflux RND transporter periplasmic adaptor subunit BepD,EFFLUX,EFFLUX
bepE,multidrug efflux RND transporter permease subunit BepE,EFFLUX,EFFLUX
bepF,multidrug efflux RND transporter periplasmic adaptor subunit BepF,EFFLUX,EFFLUX
bepG,multidrug efflux RND transporter permease subunit BepG,EFFLUX,EFFLUX
bexA,multidrug efflux MATE transporter BexA,EFFLUX,EFFLUX
bfpA,bundle-forming pilus major subunit BfpA,,
bfpA,bundle-forming pilus major subunit BfpA,,
bfpA,bundle-forming pilus major subunit BfpA,,
bfpA,bundle-forming pilus major subunit BfpA,,
bfpA,bundle-forming pilus major subunit BfpA,,
bimA,trimeric autotransporter actin-nucleating factor BimA,,
bla2,BcII family subclass B1 metallo-beta-lactamase,BETA-LACTAM,CARBAPENEM
bla2,BcII family subclass B1 metallo-beta-lactamase,BETA-LACTAM,CARBAPENEM
bla2,BcII family subclass B1 metallo-beta-lactamase,BETA-LACTAM,CARBAPENEM
bla2,BcII family subclass B1 metallo-beta-lactamase,BETA-LACTAM,CARBAPENEM
bla2,BcII family subclass B1 metallo-beta-lactamase,BETA-LACTAM,CARBAPENEM
bla2,BcII family subclass B1 metallo-beta-lactamase,BETA-LACTAM,CARBAPENEM
bla2a,Exo family class A beta-lactamase,BETA-LACTAM,BETA-LACTAM
blaAQU,AQU family class C beta-lactamase,BETA-LACTAM,BETA-LACTAM
blaAQU,AQU family class C beta-lactamase,BETA-LACTAM,BETA-LACTAM
blaAQU,AQU family class C beta-lactamase,BETA-LACTAM,BETA-LACTAM
blaA,class A beta-lactamase BlaA,BETA-LACTAM,BETA-LACTAM
blaA,class A beta-lactamase BlaA,BETA-LACTAM,BETA-LACTAM
blaA,class A beta-lactamase BlaA,BETA-LACTAM,BETA-LACTAM
blaBBI,BBI family class A beta-lactamase,BETA-LACTAM,BETA-LACTAM
blaBJP,BJP family subclass B3 metallo-beta-lactamase,BETA-LACTAM,CARBAPENEM
blaC,class A beta-lactamase BlaC,BETA-LACTAM,BETA-LACTAM
blaEC,BlaEC family class C beta-lactamase,BETA-LACTAM,BETA-LACTAM
blaEC,BlaEC family class C beta-lactamase,BETA-LACTAM,BETA-LACTAM
blaEC,BlaEC family class C beta-lactamase,BETA-LACTAM,BETA-LACTAM
blaE,class C beta-lactamase,BETA-LACTAM,BETA-LACTAM
blaF,class A beta-lactamase,BETA-LACTAM,BETA-LACTAM
blaIII,class A beta-lactamase BlaIII,BETA-LACTAM,BETA-LACTAM
blaI,penicillinase repressor BlaI,BETA-LACTAM,BETA-LACTAM
blaL1,L1 family subclass B3 metallo-beta-lactamase,BETA-LACTAM,CARBAPENEM
blaL1,L1 family subclass B3 metallo-beta-lactamase,BETA-LACTAM,CARBAPENEM
blaL1,L1 family subclass B3 metallo-beta-lactamase,BETA-LACTAM,CARBAPENEM
blaL1,L1 family subclass B3 metallo-beta-lactamase,BETA-LACTAM,CARBAPENEM
blaL1,L1 family subclass B3 metallo-beta-lactamase,BETA-LACTAM,CARBAPENEM
blaL1,L1 family subclass B3 metallo-beta-lactamase,BETA-LACTAM,CARBAPENEM
blaL1,L1 family subclass B3 metallo-beta-lactamase,BETA-LACTAM,CARBAPENEM
blaL1,L1 family subclass B3 metallo-beta-lactamase,BETA-LACTAM,CARBAPENEM
blaL1,L1 family subclass B3 metallo-beta-lactamase,BETA-LACTAM,CARBAPENEM
blaL1,L1 family subclass B3 metallo-beta-lactamase,BETA-LACTAM,CARBAPENEM
blaL1,L1 family subclass B3 metallo-beta-lactamase,BETA-LACTAM,CARBAPENEM
blaL1,L1 family subclass B3 metallo-beta-lactamase,BETA-LACTAM,CARBAPENEM
blaL1,L1 family subclass B3 metallo-beta-lactamase,BETA-LACTAM,CARBAPENEM
blaL1,L1 family subclass B3 metallo-beta-lactamase,BETA-LACTAM,CARBAPENEM
blaL1,L1 family subclass B3 metallo-beta-lactamase,BETA-LACTAM,CARBAPENEM
blaL1,L1 family subclass B3 metallo-beta-lactamase,BETA-LACTAM,CARBAPENEM
blaL1,L1 family subclass B3 metallo-beta-lactamase,BETA-LACTAM,CARBAPENEM
blaL1,L1 family subclass B3 metallo-beta-lactamase,BETA-LACTAM,CARBAPENEM
blaL2,L2 family extended-spectrum class A beta-lactamase,BETA-LACTAM,CEPHALOSPORIN
blaLRA10,LRA10 family class C beta-lactamase,BETA-LACTAM,BETA-LACTAM
blaLRA12,LRA12 family subclass B3 metallo-beta-lactamase,BETA-LACTAM,BETA-LACTAM
blaLRA17,LRA17 family subclass B3 metallo-beta-lactamase,BETA-LACTAM,BETA-LACTAM
blaLRA18,LRA18 family class C beta-lactamase,BETA-LACTAM,BETA-LACTAM
blaLRA19,LRA19 family subclass B3 metallo-beta-lactamase,BETA-LACTAM,BETA-LACTAM
blaLRA1,LRA1 family class A beta-lactamase,BETA-LACTAM,BETA-LACTAM
blaLRA2,LRA2 family subclass B3 metallo-beta-lactamase,BETA-LACTAM,BETA-LACTAM
blaLRA3,LRA3 family subclass B3 metallo-beta-lactamase,BETA-LACTAM,BETA-LACTAM
blaLRA5,LRA5 family class A beta-lactamase,BETA-LACTAM,BETA-LACTAM
blaLRA7,LRA7 family subclass B3 metallo-beta-lactamase,BETA-LACTAM,BETA-LACTAM
blaLRA8,LRA8 family subclass B3 metallo-beta-lactamase,BETA-LACTAM,BETA-LACTAM
blaLRA9,LRA9 family subclass B3 metallo-beta-lactamase,BETA-LACTAM,BETA-LACTAM
blaL,BlaL family class A beta-lactamase,BETA-LACTAM,BETA-LACTAM
blaL,BlaL family class A beta-lactamase,BETA-LACTAM,BETA-LACTAM
blaL,BlaL family class A beta-lactamase,BETA-LACTAM,BETA-LACTAM
blaMAB,MAB family class A beta-lactamase,BETA-LACTAM,CARBAPENEM
blaMCA,MCA family class C beta-lactamase,BETA-LACTAM,BETA-LACTAM
blaM,class A beta-lactamase,BETA-LACTAM,BETA-LACTAM
blaOCH,OCH family extended-spectrum class C beta-lactamase,BETA-LACTAM,CEPHALOSPORIN
blaOCH,OCH family extended-spectrum class C beta-lactamase,BETA-LACTAM,CEPHALOSPORIN
blaOCH,OCH family extended-spectrum class C beta-lactamase,BETA-LACTAM,CEPHALOSPORIN
blaOCH,OCH family extended-spectrum class C beta-lactamase,BETA-LACTAM,CEPHALOSPORIN
blaOCH,OCH family extended-spectrum class C beta-lactamase,BETA-LACTAM,CEPHALOSPORIN
blaOCH,OCH family extended-spectrum class C beta-lactamase,BETA-LACTAM,CEPHALOSPORIN
blaOCH,OCH family extended-spectrum class C beta-lactamase,BETA-LACTAM,CEPHALOSPORIN
blaOXA/blaLRA13,bifunctional class C beta-lactamase/class D beta-lactamase fusion protein LRA-13,BETA-LACTAM,BETA-LACTAM
blaPEN-E,PEN-E family class A beta-lactamase,BETA-LACTAM,BETA-LACTAM
blaPEN-F,PEN-F family class A beta-lactamase,BETA-LACTAM,BETA-LACTAM
blaPEN-G,PEN-G family class A beta-lactamase,BETA-LACTAM,BETA-LACTAM
blaPEN-H,PEN-H family class A beta-lactamase,BETA-LACTAM,BETA-LACTAM
blaPEN-I,PEN-I family class A beta-lactamase,BETA-LACTAM,BETA-LACTAM
blaPEN-J,PEN-J family class A beta-lactamase,BETA-LACTAM,BETA-LACTAM
blaPEN-L,PEN-L family class A beta-lactamase,BETA-LACTAM,BETA-LACTAM
blaPEN-M,PEN-M family class A beta-lactamase,BETA-LACTAM,BETA-LACTAM
blaPEN-N,PEN-N family class A beta-lactamase,BETA-LACTAM,BETA-LACTAM
blaPEN-bcc,"PEN family class A beta-lactamase, Bcc-type",BETA-LACTAM,BETA-LACTAM
blaP,class A beta-lactamase BlaP,BETA-LACTAM,BETA-LACTAM
blaP,class A beta-lactamase BlaP,BETA-LACTAM,BETA-LACTAM
blaR1,beta-lactam sensor/signal transducer BlaR1,BETA-LACTAM,BETA-LACTAM
blaR1,beta-lactam sensor/signal transducer BlaR1,BETA-LACTAM,BETA-LACTAM
blaR1,beta-lactam sensor/signal transducer BlaR1,BETA-LACTAM,BETA-LACTAM
blaR1,BlaR1 family beta-lactam sensor/signal transducer,BETA-LACTAM,BETA-LACTAM
blaR1,beta-lactam sensor/signal transducer BlaR1,BETA-LACTAM,BETA-LACTAM
blaR39,class A beta-lactamase,BETA-LACTAM,BETA-LACTAM
blaRCP,RCP family class A beta-lactamase,BETA-LACTAM,BETA-LACTAM
blaRHO,RHO family class C beta-lactamase,BETA-LACTAM,BETA-LACTAM
blaRSA1,RSA1 family class A beta-lactamase,BETA-LACTAM,CEPHALOSPORIN
blaRm3,subclass B3 metallo-beta-lactamase Rm3,BETA-LACTAM,CARBAPENEM
blaSRT,SRT/SST family class C beta-lactamase,BETA-LACTAM,CEPHALOSPORIN
blaSRT,SRT/SST family class C beta-lactamase,BETA-LACTAM,CEPHALOSPORIN
blaSRT,SRT/SST family class C beta-lactamase,BETA-LACTAM,CEPHALOSPORIN
blaSRT,SRT/SST family class C beta-lactamase,BETA-LACTAM,CEPHALOSPORIN
blaS,class A beta-lactamase,BETA-LACTAM,BETA-LACTAM
blaTHIN-B,subclass B3 metallo-beta-lactamase THIN-B,BETA-LACTAM,CARBAPENEM
blaZ,penicillin-hydrolyzing class A beta-lactamase BlaZ,BETA-LACTAM,BETA-LACTAM
blaZ,penicillin-hydrolyzing class A beta-lactamase BlaZ,BETA-LACTAM,BETA-LACTAM
blaZ,penicillin-hydrolyzing class A beta-lactamase BlaZ,BETA-LACTAM,BETA-LACTAM
blaZ,mecC-type penicillin-hydrolyzing class A beta-lactamase BlaZ,BETA-LACTAM,BETA-LACTAM
blaZ,penicillin-hydrolyzing class A beta-lactamase BlaZ,BETA-LACTAM,BETA-LACTAM
blaZ,mecC-type penicillin-hydrolyzing class A beta-lactamase BlaZ,BETA-LACTAM,BETA-LACTAM
blaZ,penicillin-hydrolyzing class A beta-lactamase BlaZ,BETA-LACTAM,BETA-LACTAM
blaZ,penicillin-hydrolyzing class A beta-lactamase BlaZ,BETA-LACTAM,BETA-LACTAM
blaZ,penicillin-hydrolyzing class A beta-lactamase BlaZ,BETA-LACTAM,BETA-LACTAM
bla,class A beta-lactamase Bla1,BETA-LACTAM,BETA-LACTAM
bla,class A beta-lactamase,BETA-LACTAM,BETA-LACTAM
bla,"class A beta-lactamase, subclass A2",BETA-LACTAM,BETA-LACTAM
bla,class A beta-lactamase,BETA-LACTAM,BETA-LACTAM
bla,class A beta-lactamase Bla1,BETA-LACTAM,BETA-LACTAM
ble-Sh,phleomycin/bleomycin binding protein Ble-Sh,BLEOMYCIN,BLEOMYCIN
bleO,bleomycin binding protein,BLEOMYCIN,BLEOMYCIN
ble,BLMA family bleomycin binding protein,BLEOMYCIN,BLEOMYCIN
ble,BLMA family bleomycin binding protein,BLEOMYCIN,BLEOMYCIN
ble,bleomycin binding protein BLMT,BLEOMYCIN,BLEOMYCIN
ble,bleomycin binding protein Ble-MBL,BLEOMYCIN,BLEOMYCIN
blmA,bleomycin binding protein BLMA,BLEOMYCIN,BLEOMYCIN
blmB,bleomycin family antibiotic N-acetyltransferase BlmB,BLEOMYCIN,BLEOMYCIN
bmaE,M agglutinin-type afimbrial adhesin BmaE/AfaE-8,,
bonA,bongkrekic acid type I polyketide synthase BonA,,
bont_A1,botulinum neurotoxin subtype A1,,
bont_A2,botulinum neurotoxin subtype A2,,
bont_A3,botulinum neurotoxin subtype A3,,
bont_A4,botulinum neurotoxin subtype A4,,
bont_A5,botulinum neurotoxin subtype A5,,
bont_A6,botulinum neurotoxin subtype A6,,
bont_A7,botulinum neurotoxin subtype A7,,
bont_A8,botulinum neurotoxin subtype A8,,
bont_B1,botulinum neurotoxin subtype B1,,
bont_B2,botulinum neurotoxin subtype B2,,
bont_B3,botulinum neurotoxin subtype B3,,
bont_B4,botulinum neurotoxin subtype B4,,
bont_B5,botulinum neurotoxin subtype B5,,
bont_B6,botulinum neurotoxin subtype B6,,
bont_B7,botulinum neurotoxin subtype B7,,
bont_B8,botulinum neurotoxin subtype B8,,
bont_C1,botulinum neurotoxin subtype C1,,
bont_CD,botulinum neurotoxin subtype CD,,
bont_DC,botulinum neurotoxin mosaic type DC,,
bont_D,botulinum neurotoxin type D,,
bont_E10,botulinum neurotoxin subtype E10,,
bont_E11,botulinum neurotoxin subtype E11,,
bont_E12,botulinum neurotoxin subtype E12,,
bont_E1,botulinum neurotoxin subtype E1,,
bont_E2,botulinum neurotoxin subtype E2,,
bont_E3,botulinum neurotoxin subtype E3,,
bont_E4,botulinum neurotoxin subtype E4,,
bont_E5,botulinum neurotoxin subtype E5,,
bont_E6,botulinum neurotoxin subtype E6,,
bont_E7,botulinum neurotoxin subtype E7,,
bont_E8,botulinum neurotoxin subtype E8,,
bont_E9,botulinum neurotoxin subtype E9,,
bont_F1,botulinum neurotoxin subtype F1,,
bont_F2,botulinum neurotoxin subtype F2,,
bont_F3,botulinum neurotoxin subtype F3,,
bont_F4,botulinum neurotoxin subtype F4,,
bont_F5,botulinum neurotoxin subtype F5,,
bont_F6,botulinum neurotoxin subtype F6,,
bont_F7,botulinum neurotoxin subtype F7,,
bont_F8,botulinum neurotoxin subtype F8,,
bont_G,botulinum neurotoxin type G,,
bont_H,botulinum neurotoxin type H,,
bont_X,botulinum neurotoxin type X,,
bpsA,chain length determinant family protein BpsA,,
bpsB,tyrosine-protein kinase BpsB,,
bpsC,UTP--glucose-1-phosphate uridylyltransferase BpsC,,
bpsD,sugar transferase BpsD,,
bpsE,N-acetylneuraminate synthase family protein BpsE,,
bpsF,UDP-N-acetylglucosamine 2-epimerase BpsF,,
bpsG,acylneuraminate cytidylyltransferase family protein BpsG,,
bpsH,oligosaccharide flippase family protein BpsH,,
bpsX,LytR family transcriptional regulator BpsX,,
c3bot1,C3 toxin,,
c3bot2,C3 toxin,,
cadA,cadmium-translocating P-type ATPase CadA,CADMIUM,CADMIUM
cadA,cadmium-translocating P-type ATPase CadA,CADMIUM,CADMIUM
cadC,Cd(II)/Pb(II)/Zn(II)-sensing metalloregulatory transcriptional repressor CadC,CADMIUM/LEAD/ZINC,CADMIUM/LEAD/ZINC
cadC,Cd(II)-sensing metalloregulatory transcriptional repressor CadC,CADMIUM,CADMIUM
cadC,Cd(II)-sensing metalloregulatory transcriptional repressor CadC,CADMIUM,CADMIUM
cadC,Cd(II)-sensing metalloregulatory transcriptional repressor CadC,CADMIUM,CADMIUM
cadD,cadmium resistance transporter CadD,CADMIUM,CADMIUM
cadR,cadmium resistance transcriptional regulator CadR,CADMIUM,CADMIUM
capA,capsular polyglutamate synthetase CapA,,
capB,capsule biosynthesis protein CapB,,
capC,capsular polyglutamate amide ligase/translocase CapC,,
capD,capsule biosynthesis gamma-glutamyltransferase CapD,,
capE,capsule biosynthesis protein CapE,,
capU,putative hexosyltransferase CapU,,
capU,putative hexosyltransferase CapU,,
capU,putative hexosyltransferase CapU,,
capU,putative hexosyltransferase CapU,,
capU,putative hexosyltransferase CapU,,
car(A),ABC-F type ribosomal protection protein Car(A),MACROLIDE,MACROLIDE
cat-TC,type A-9 chloramphenicol O-acetyltransferase Cat-TC,PHENICOL,CHLORAMPHENICOL
cat86,type A-6 chloramphenicol O-acetyltransferase Cat86,PHENICOL,CHLORAMPHENICOL
catA13,type A-13 chloramphenicol O-acetyltransferase,PHENICOL,CHLORAMPHENICOL
catA13,type A-13 chloramphenicol O-acetyltransferase,PHENICOL,CHLORAMPHENICOL
catA15,type A-15 chloramphenicol acetyltransferase CatA15,PHENICOL,CHLORAMPHENICOL
catA16,type A-16 chloramphenicol O-acetyltransferase CatQ,PHENICOL,CHLORAMPHENICOL
catA16,type A-16 chloramphenicol O-acetyltransferase CatQ,PHENICOL,CHLORAMPHENICOL
catA1,type A-1 chloramphenicol O-acetyltransferase,PHENICOL,CHLORAMPHENICOL
catA1,type A-1 chloramphenicol O-acetyltransferase,PHENICOL,CHLORAMPHENICOL
catA1,type A-1 chloramphenicol O-acetyltransferase,PHENICOL,CHLORAMPHENICOL
catA1,type A-1 chloramphenicol O-acetyltransferase,PHENICOL,CHLORAMPHENICOL
catA1,type A-1 chloramphenicol O-acetyltransferase,PHENICOL,CHLORAMPHENICOL
catA1,type A-1 chloramphenicol O-acetyltransferase,PHENICOL,CHLORAMPHENICOL
catA2,type A-2 chloramphenicol O-acetyltransferase CatII,PHENICOL,CHLORAMPHENICOL
catA2,type A-2 chloramphenicol O-acetyltransferase CatII,PHENICOL,CHLORAMPHENICOL
catA2,type A-2 chloramphenicol O-acetyltransferase CatII,PHENICOL,CHLORAMPHENICOL
catA2,type A-2 chloramphenicol O-acetyltransferase CatII,PHENICOL,CHLORAMPHENICOL
catA2,type A-2 chloramphenicol O-acetyltransferase CatII,PHENICOL,CHLORAMPHENICOL
catA3,type A-3 chloramphenicol O-acetyltransferase CatIII,PHENICOL,CHLORAMPHENICOL
catA3,type A-3 chloramphenicol O-acetyltransferase CatIII,PHENICOL,CHLORAMPHENICOL
catA,type A-9 chloramphenicol O-acetyltransferase,PHENICOL,CHLORAMPHENICOL
catA,type A-7 chloramphenicol O-acetyltransferase,PHENICOL,CHLORAMPHENICOL
catA,type A-7 chloramphenicol O-acetyltransferase,PHENICOL,CHLORAMPHENICOL
catA,type A-7 chloramphenicol O-acetyltransferase,PHENICOL,CHLORAMPHENICOL
catA,type A-7 chloramphenicol O-acetyltransferase,PHENICOL,CHLORAMPHENICOL
catA,type A-4 chloramphenicol O-acetyltransferase,PHENICOL,CHLORAMPHENICOL
catA,type A-8 chloramphenicol O-acetyltransferase,PHENICOL,CHLORAMPHENICOL
catA,type A-8 chloramphenicol O-acetyltransferase,PHENICOL,CHLORAMPHENICOL
catA,type A-7 chloramphenicol O-acetyltransferase,PHENICOL,CHLORAMPHENICOL
catA,type A-14 chloramphenicol O-acetyltransferase,PHENICOL,CHLORAMPHENICOL
catA,type A-8 chloramphenicol O-acetyltransferase,PHENICOL,CHLORAMPHENICOL
catA,type A-7 chloramphenicol O-acetyltransferase,PHENICOL,CHLORAMPHENICOL
catA,type A-9 chloramphenicol O-acetyltransferase,PHENICOL,CHLORAMPHENICOL
catA,type A-9 chloramphenicol O-acetyltransferase,PHENICOL,CHLORAMPHENICOL
catA,type A-8 chloramphenicol O-acetyltransferase,PHENICOL,CHLORAMPHENICOL
catA,type A-8 chloramphenicol O-acetyltransferase,PHENICOL,CHLORAMPHENICOL
catA,type A-9 chloramphenicol O-acetyltransferase,PHENICOL,CHLORAMPHENICOL
catA,type A-5 chloramphenicol O-acetyltransferase,PHENICOL,CHLORAMPHENICOL
catA,type A-10 chloramphenicol O-acetyltransferase,PHENICOL,CHLORAMPHENICOL
catB10,type B chloramphenicol O-acetyltransferase CatB10,PHENICOL,CHLORAMPHENICOL
catB10,type B chloramphenicol O-acetyltransferase CatB10,PHENICOL,CHLORAMPHENICOL
catB1,type B-1 chloramphenicol O-acetyltransferase CatB1,PHENICOL,CHLORAMPHENICOL
catB2,type B-2 chloramphenicol O-acetyltransferase CatB2,PHENICOL,CHLORAMPHENICOL
catB2,type B-2 chloramphenicol O-acetyltransferase CatB2,PHENICOL,CHLORAMPHENICOL
catB3,type B-3 chloramphenicol O-acetyltransferase CatB3,PHENICOL,CHLORAMPHENICOL
catB3,type B-3 chloramphenicol O-acetyltransferase CatB3,PHENICOL,CHLORAMPHENICOL
catB3,type B-3 chloramphenicol O-acetyltransferase CatB3,PHENICOL,CHLORAMPHENICOL
catB3,type B-3 chloramphenicol O-acetyltransferase CatB3,PHENICOL,CHLORAMPHENICOL
catB3,type B-3 chloramphenicol O-acetyltransferase CatB3,PHENICOL,CHLORAMPHENICOL
catB3,type B-3 chloramphenicol O-acetyltransferase CatB3,PHENICOL,CHLORAMPHENICOL
catB3,type B-3 chloramphenicol O-acetyltransferase CatB3,PHENICOL,CHLORAMPHENICOL
catB3,type B-3 chloramphenicol O-acetyltransferase CatB3,PHENICOL,CHLORAMPHENICOL
catB3,type B-3 chloramphenicol O-acetyltransferase CatB3,PHENICOL,CHLORAMPHENICOL
catB3,type B-3 chloramphenicol O-acetyltransferase CatB3,PHENICOL,CHLORAMPHENICOL
catB3,type B-3 chloramphenicol O-acetyltransferase CatB3,PHENICOL,CHLORAMPHENICOL
catB3,type B-3 chloramphenicol O-acetyltransferase CatB3,PHENICOL,CHLORAMPHENICOL
catB3,type B-3 chloramphenicol O-acetyltransferase CatB3,PHENICOL,CHLORAMPHENICOL
catB3,type B-3 chloramphenicol O-acetyltransferase CatB3,PHENICOL,CHLORAMPHENICOL
catB3,type B-3 chloramphenicol O-acetyltransferase CatB3,PHENICOL,CHLORAMPHENICOL
catB7,type B-4 chloramphenicol O-acetyltransferase CatB7,PHENICOL,CHLORAMPHENICOL
catB8/aac(6')-Ib',bifunctional type B-3 chloramphenicol O-acetyltransferase CatB8/aminoglycoside N-acetyltransferase AAC(6')-Ib,AMINOGLYCOSIDE/PHENICOL,AMINOGLYCOSIDE/CHLORAMPHENICOL/GENTAMICIN
catB8,type B-3 chloramphenicol O-acetyltransferase CatB8,PHENICOL,CHLORAMPHENICOL
catB8,type B-3 chloramphenicol O-acetyltransferase CatB8,PHENICOL,CHLORAMPHENICOL
catB8,type B-3 chloramphenicol O-acetyltransferase CatB8,PHENICOL,CHLORAMPHENICOL
catB8,type B-3 chloramphenicol O-acetyltransferase CatB8,PHENICOL,CHLORAMPHENICOL
catB8,type B-3 chloramphenicol O-acetyltransferase CatB8,PHENICOL,CHLORAMPHENICOL
catB8,type B-3 chloramphenicol O-acetyltransferase CatB8,PHENICOL,CHLORAMPHENICOL
catB8,type B-3 chloramphenicol O-acetyltransferase CatB8,PHENICOL,CHLORAMPHENICOL
catB8,type B-3 chloramphenicol O-acetyltransferase CatB8,PHENICOL,CHLORAMPHENICOL
catB8,type B-3 chloramphenicol O-acetyltransferase CatB8,PHENICOL,CHLORAMPHENICOL
catB8,type B-3 chloramphenicol O-acetyltransferase CatB8,PHENICOL,CHLORAMPHENICOL
catB9,type B-5 chloramphenicol O-acetyltransferase CatB9,PHENICOL,CHLORAMPHENICOL
catB,type B chloramphenicol O-acetyltransferase,PHENICOL,CHLORAMPHENICOL
catC,type C chloramphenicol O-acetyltransferase,PHENICOL,CHLORAMPHENICOL
catD,type A-11 chloramphenicol O-acetyltransferase CatD,PHENICOL,CHLORAMPHENICOL
catP,type A-11 chloramphenicol O-acetyltransferase CatP,PHENICOL,CHLORAMPHENICOL
catU,type A chloramphenicol O-acetyltransferase,PHENICOL,CHLORAMPHENICOL
catV,type A chloramphenicol O-acetyltransferase CatV,PHENICOL,CHLORAMPHENICOL
cblA,CblA family class A beta-lactamase,BETA-LACTAM,CEPHALOSPORIN
cblA,cable pilus major pilin CblA,,
cbpA,type I collagen-binding adhesin CbpA,,
cdtA,ADP-ribosylating binary toxin enzymatic subunit CdtA,,
cdtB,cytolethal distending toxin type I nuclease subunit CdtB,,
cdtB,cytolethal distending toxin type IV nuclease subunit CdtB,,
cdtB,cytolethal distending toxin type III/V nuclease subunit CdtB,,
cdtB,cytolethal distending toxin type III/V nuclease subunit CdtB,,
cdtB,cytolethal distending toxin nuclease subunit CdtB,,
cdtB,cytolethal distending toxin S-CDT,,
cdtB,ADP-ribosylating binary toxin binding subunit CdtB,,
cdtB,cytolethal distending toxin type II nuclease subunit CdtB,,
cdtB,cytolethal distending toxin nuclease subunit CdtB,,
cdtB,cytolethal distending toxin type II nuclease subunit CdtB,,
cdtB,cytolethal distending toxin nuclease subunit CdtB,,
cdtB,cytolethal distending toxin nuclease subunit CdtB,,
cdtR,LytTR family response regulator CdtR,,
cepA,CepA family extended-spectrum class A beta-lactamase,BETA-LACTAM,CEPHALOSPORIN
cepA,CepA family extended-spectrum class A beta-lactamase,BETA-LACTAM,CEPHALOSPORIN
cepA,CepA family extended-spectrum class A beta-lactamase,BETA-LACTAM,CEPHALOSPORIN
cepH,cephalosporin-hydrolyzing class C beta-lactamase CepH,BETA-LACTAM,CEPHALOSPORIN
cepS,cephalosporin-hydrolyzing class C beta-lactamase CepS,BETA-LACTAM,CEPHALOSPORIN
cerA,phospholipase CerA,,
cerB,sphingomyelinase CerB,,
cesA,cereulide non-ribosomal peptide synthetase CesA,,
cesB,cereulide non-ribosomal peptide synthetase CesB,,
cesC,cereulide export ABC transporter permease ATP-binding protein CesC,,
cesD,cereulide export ABC transporter permease subunit CesD,,
cfaC,CFA/I pilus usher protein CfaC,,
cfaC,CFA/I pilus usher protein CfaC,,
cfaC,CFA/I pilus usher protein CfaC,,
cfr(B),23S rRNA (adenine(2503)-C(8))-methyltransferase Cfr(B),LINCOSAMIDE/OXAZOLIDINONE/PHENICOL/PLEUROMUTILIN/STREPTOGRAMIN,CHLORAMPHENICOL/CLINDAMYCIN/LINEZOLID/RETAPAMULIN/STREPTOGRAMIN B/VIRGINIAMYCIN
cfr(B),23S rRNA (adenine(2503)-C(8))-methyltransferase Cfr(B),LINCOSAMIDE/OXAZOLIDINONE/PHENICOL/PLEUROMUTILIN/STREPTOGRAMIN,CHLORAMPHENICOL/CLINDAMYCIN/LINEZOLID/RETAPAMULIN/STREPTOGRAMIN B/VIRGINIAMYCIN
cfr(B),23S rRNA (adenine(2503)-C(8))-methyltransferase Cfr(B),LINCOSAMIDE/OXAZOLIDINONE/PHENICOL/PLEUROMUTILIN/STREPTOGRAMIN,CHLORAMPHENICOL/CLINDAMYCIN/LINEZOLID/RETAPAMULIN/STREPTOGRAMIN B/VIRGINIAMYCIN
cfr(C),23S rRNA (adenine(2503)-C(8))-methyltransferase Cfr(C),LINCOSAMIDE/OXAZOLIDINONE/PHENICOL/PLEUROMUTILIN/STREPTOGRAMIN,CHLORAMPHENICOL/CLINDAMYCIN/FLORFENICOL/LINEZOLID/STREPTOGRAMIN/TIAMULIN
cfr(D),23S rRNA (adenine(2503)-C(8))-methyltransferase Cfr(D),LINCOSAMIDE/OXAZOLIDINONE/PHENICOL/PLEUROMUTILIN/STREPTOGRAMIN,CHLORAMPHENICOL/CLINDAMYCIN/LINEZOLID/STREPTOGRAMIN B/TEDIZOLID/TIAMULIN
cfr(E),23S rRNA (adenine(2503)-C(8))-methyltransferase Cfr(E),LINCOSAMIDE/OXAZOLIDINONE/PHENICOL/PLEUROMUTILIN/STREPTOGRAMIN,LINCOSAMIDE/LINEZOLID/THIAMPHENICOL/TIAMULIN/VIRGINIAMYCIN
cfr,23S rRNA (adenine(2503)-C(8))-methyltransferase Cfr,LINCOSAMIDE/OXAZOLIDINONE/PHENICOL/PLEUROMUTILIN/STREPTOGRAMIN,CHLORAMPHENICOL/CLINDAMYCIN/FLORFENICOL/LINEZOLID/STREPTOGRAMIN B/TIAMULIN/VIRGINIAMYCIN
cfr,23S rRNA (adenine(2503)-C(8))-methyltransferase Cfr,LINCOSAMIDE/OXAZOLIDINONE/PHENICOL/PLEUROMUTILIN/STREPTOGRAMIN,CHLORAMPHENICOL/CLINDAMYCIN/FLORFENICOL/LINEZOLID/STREPTOGRAMIN B/TIAMULIN/VIRGINIAMYCIN
cfr,Cfr family 23S rRNA (adenine(2503)-C(8))-methyltransferase,LINCOSAMIDE/OXAZOLIDINONE/PHENICOL/PLEUROMUTILIN/STREPTOGRAMIN,CHLORAMPHENICOL/CLINDAMYCIN/FLORFENICOL/LINEZOLID/STREPTOGRAMIN A/TIAMULIN
cfsA,CS5 fimbrial major subunit CsfA,,
cfxA2,extended-spectrum class A beta-lactamase CfxA2,BETA-LACTAM,BETA-LACTAM
cfxA2,extended-spectrum class A beta-lactamase CfxA2,BETA-LACTAM,BETA-LACTAM
cfxA3,extended-spectrum class A beta-lactamase CfxA3,BETA-LACTAM,CEPHALOSPORIN
cfxA4,extended-spectrum class A beta-lactamase CfxA4,BETA-LACTAM,CEPHALOSPORIN
cfxA5,broad-spectrum class A beta-lactamase CfxA5,BETA-LACTAM,CEPHALOSPORIN
cfxA6,broad-spectrum class A beta-lactamase CfxA6,BETA-LACTAM,BETA-LACTAM
cfxA,broad-spectrum class A beta-lactamase CfxA,BETA-LACTAM,BETA-LACTAM
cfxA,CfxA family broad-spectrum class A beta-lactamase,BETA-LACTAM,BETA-LACTAM
cfxA,CfxA family broad-spectrum class A beta-lactamase,BETA-LACTAM,BETA-LACTAM
cfxA,CfxA family broad-spectrum class A beta-lactamase,BETA-LACTAM,BETA-LACTAM
cfxA,CfxA family broad-spectrum class A beta-lactamase,BETA-LACTAM,BETA-LACTAM
cfxA,CfxA family broad-spectrum class A beta-lactamase,BETA-LACTAM,BETA-LACTAM
chrA,chromate resistance efflux protein ChrA,CHROMATE,CHROMATE
chrB,23S rRNA (guanine(748)-N(1))-methyltransferase ChrB,MACROLIDE,MACROLIDE
chrR,class I chromate reductase ChrR,CHROMATE,CHROMATE
cif,type III secretion system effector Cif,,
cif,type III secretion system effector Cif,,
cipA,23S rRNA (adenine(2503)-C(8))-methyltransferase CipA,LINCOSAMIDE/MACROLIDE/STREPTOGRAMIN,LINCOSAMIDE/MACROLIDE/STREPTOGRAMIN
clbA,23S rRNA (adenine(2503)-C(8))-methyltransferase ClbA,LINCOSAMIDE/MACROLIDE/STREPTOGRAMIN,LINCOSAMIDE/MACROLIDE/STREPTOGRAMIN
clbB,23S rRNA (adenine(2503)-C(8))-methyltransferase ClbB,LINCOSAMIDE/MACROLIDE/STREPTOGRAMIN,LINCOSAMIDE/MACROLIDE/STREPTOGRAMIN
clbB,colibactin hybrid non-ribosomal peptide synthetase/type I polyketide synthase ClbB,,
clbC,23S rRNA (adenine(2503)-C(8))-methyltransferase ClbC,LINCOSAMIDE/MACROLIDE/STREPTOGRAMIN,LINCOSAMIDE/MACROLIDE/STREPTOGRAMIN
clbN,colibactin non-ribosomal peptide synthetase ClbN,,
clpK,heat shock survival AAA family ATPase ClpK,,
clpL,ATP-dependent protease ClpL,,
cmeB,"multidrug efflux RND transporter permease subunit CmeB, ciprofloxacin and florfenicol resistance type",PHENICOL/QUINOLONE,FLORFENICOL/QUINOLONE
cmlA1,chloramphenicol efflux MFS transporter CmlA1,PHENICOL,CHLORAMPHENICOL
cmlA1,chloramphenicol efflux MFS transporter CmlA1,PHENICOL,CHLORAMPHENICOL
cmlA1,chloramphenicol efflux MFS transporter CmlA1,PHENICOL,CHLORAMPHENICOL
cmlA4,chloramphenicol efflux MFS transporter CmlA4,PHENICOL,CHLORAMPHENICOL
cmlA4,chloramphenicol efflux MFS transporter CmlA4,PHENICOL,CHLORAMPHENICOL
cmlA4,chloramphenicol efflux MFS transporter CmlA4,PHENICOL,CHLORAMPHENICOL
cmlA5,chloramphenicol efflux MFS transporter CmlA5,PHENICOL,CHLORAMPHENICOL
cmlA5,chloramphenicol efflux MFS transporter CmlA5,PHENICOL,CHLORAMPHENICOL
cmlA,CmlA family chloramphenicol efflux MFS transporter,PHENICOL,CHLORAMPHENICOL
cmlA,CmlA family chloramphenicol efflux MFS transporter,PHENICOL,CHLORAMPHENICOL
cmlB1,chloramphenicol efflux MFS transporter CmlB1,PHENICOL,CHLORAMPHENICOL
cmlB,chloramphenicol efflux MFS transporter CmlB,PHENICOL,CHLORAMPHENICOL
cmlR,chloramphenicol efflux MFS transporter CmlR,PHENICOL,CHLORAMPHENICOL
cmlV,chloramphenicol efflux MFS transporter CmlV,PHENICOL,CHLORAMPHENICOL
cml,CmlA/FloR family chloramphenicol efflux MFS transporter,PHENICOL,CHLORAMPHENICOL
cml,Cml family chloramphenicol efflux MFS transporter,PHENICOL,CHLORAMPHENICOL
cml,Cml family chloramphenicol efflux MFS transporter,PHENICOL,CHLORAMPHENICOL
cml,Cml family chloramphenicol efflux MFS transporter,PHENICOL,CHLORAMPHENICOL
cmrA,chloramphenicol efflux MFS transporter CmrA,PHENICOL,CHLORAMPHENICOL
cmrA,chloramphenicol efflux MFS transporter CmrA,PHENICOL,CHLORAMPHENICOL
cmx,chloramphenicol efflux MFS transporter Cmx,PHENICOL,CHLORAMPHENICOL
cmx,chloramphenicol efflux MFS transporter Cmx,PHENICOL,CHLORAMPHENICOL
cmx,chloramphenicol efflux MFS transporter Cmx,PHENICOL,CHLORAMPHENICOL
cna,collagen adhesin Cna,,
cnf1,cytotoxic necrotizing factor CNF1,,
cnf1,cytotoxic necrotizing factor CNF1,,
cnf1,cytotoxic necrotizing factor CNF1,,
cnf1,cytotoxic necrotizing factor CNF1,,
cnf1,cytotoxic necrotizing factor CNF1,,
cnf1,cytotoxic necrotizing factor CNF1,,
cnf2,cytotoxic necrotizing factor CNF2,,
cnf3,cytotoxic necrotizing factor CNF3,,
cnrA,nickel efflux RND transporter permease subunit CnrA,NICKEL,NICKEL
cnrC,nickel efflux RND transporter outer membrane subunit CnrC,NICKEL,NICKEL
cnrT,nickel diffusion facilitator CnrT,NICKEL,NICKEL
cnrY,nickel resistance system anti-sigma factor CnrY,NICKEL,NICKEL
cofA,type 4b pilus CFA/III major pilin CofA,,
cooA,CS1 fimbrial major subunit CooA,,
copA,copper-translocating P-type ATPase CopA,COPPER,COPPER
copA,laccase-like oxidase CopA,COPPER,COPPER
copA,laccase-like oxidase CopA,COPPER,COPPER
copA,laccase-like oxidase CopA,COPPER,COPPER
copA,laccase-like oxidase CopA,COPPER,COPPER
copB,copper-binding protein CopB,COPPER,COPPER
copB,copper/silver-translocating P-type ATPase CopB,COPPER/SILVER,COPPER/SILVER
copB,copper-binding protein CopB,COPPER,COPPER
copB,copper-binding protein CopB,COPPER,COPPER
copC,copper homeostasis periplasmic binding protein CopC,COPPER,COPPER
copL,transcriptional regulator CopL,COPPER,COPPER
copP,copper-binding metallochaperone CopP,COPPER,COPPER
copP,copper-binding metallochaperone CopP,COPPER,COPPER
copR,heavy metal response regulator transcription factor CopR,COPPER,COPPER
copR,heavy metal response regulator transcription factor CopR,COPPER,COPPER
copS,copper resistance membrane spanning protein CopS,COPPER,COPPER
copS,copper resistance membrane spanning protein CopS,COPPER,COPPER
cosA,PCF071 fimbrial major subunit CosA,,
cotA,CS2 fimbrial major subunit CotA,,
cpa,alpha-toxin,,
cpa,omptin family outer membrane protease Cpa,,
cpb2,beta-2 toxin CPB2,,
cpb2,beta-2 toxin CPB2,,
cpb2,beta-2 toxin CPB2,,
cpb,beta-channel forming cytolysin CPB,,
cpd,beta-channel forming cytolysin CPD,,
cpe,enterotoxin CPE,,
cphA1,subclass B2 metallo-beta-lactamase CphA1,BETA-LACTAM,CARBAPENEM
cphA1,subclass B2 metallo-beta-lactamase CphA1,BETA-LACTAM,CARBAPENEM
cphA1,subclass B2 metallo-beta-lactamase CphA1,BETA-LACTAM,CARBAPENEM
cphA1,subclass B2 metallo-beta-lactamase CphA1,BETA-LACTAM,CARBAPENEM
cphA1,subclass B2 metallo-beta-lactamase CphA1,BETA-LACTAM,CARBAPENEM
cph,capreomycin phosphotransferase,TUBERACTINOMYCIN,CAPREOMYCIN/VIOMYCIN
cplR,ABC-F type ribosomal protection protein CplR,LINCOSAMIDE/PLEUROMUTILIN/STREPTOGRAMIN,CLINDAMYCIN/LINCOMYCIN/RETAPAMULIN/VIRGINIAMYCIN
cplR,ABC-F type ribosomal protection protein CplR,LINCOSAMIDE/PLEUROMUTILIN/STREPTOGRAMIN,CLINDAMYCIN/LINCOMYCIN/RETAPAMULIN/VIRGINIAMYCIN
cpt,chloramphenicol phosphotransferase CPT,PHENICOL,CHLORAMPHENICOL
cpt,chloramphenicol phosphotransferase CPT,PHENICOL,CHLORAMPHENICOL
crcB,fluoride efflux transporter CrcB,FLUORIDE,FLUORIDE
crpP,ICE-associated protein CrpP,FLUOROQUINOLONE,FLUOROQUINOLONE
crsA,CS26 fimbrial major subunit CrsA,,
crxA,CrxA family subclass B1 metallo-beta-lactamase,BETA-LACTAM,CARBAPENEM
csaB,CS4 pilus major pilin CsaB,,
csbA,CS17 fimbrial major subunit CsbA,,
csdA,CS19 fimbria major subunit CsdA,,
cseA,C22 fimbrial major subunit CseA,,
cshE,CS13 fimbrial major subunit CshE,,
csnA,CS20 fimbrial major subunit CsnA,,
cssA,CS6 fimbrial subunit A CssA,,
cstB,CS3 fimbrial usher protein CstB,,
csuC,CS14 pilus usher protein CsuC,,
csvA,CS7 fimbrial major subunit CsvA,,
cswA,CS12 fimbrial major subunit CswA,,
ctxA,cholera enterotoxin catalytic subunit CtxA,,
ctxB,cholera enterotoxin binding subunit CtxB,,
cueA,copper resistance metal-translocating P1-type ATPase CueA,COPPER,COPPER
cvaB,colicin V export peptidase/ABC transporter CvaB,,
cvaB,colicin V export peptidase/ABC transporter CvaB,,
cvaB,colicin V export peptidase/ABC transporter CvaB,,
cvaC,colicin V,,
cxpE,chloramphenicol efflux transporter CxpE,PHENICOL,CHLORAMPHENICOL
cya,anthrax toxin edema factor,,
cytK1,beta-channel forming cytolysin CytK1,,
cytK2,beta-channel forming cytolysin CytK2,,
dfrA10,trimethoprim-resistant dihydrofolate reductase DfrA10,TRIMETHOPRIM,TRIMETHOPRIM
dfrA12,trimethoprim-resistant dihydrofolate reductase DfrA12,TRIMETHOPRIM,TRIMETHOPRIM
dfrA12,trimethoprim-resistant dihydrofolate reductase DfrA12,TRIMETHOPRIM,TRIMETHOPRIM
dfrA12,trimethoprim-resistant dihydrofolate reductase DfrA12,TRIMETHOPRIM,TRIMETHOPRIM
dfrA12,trimethoprim-resistant dihydrofolate reductase DfrA12,TRIMETHOPRIM,TRIMETHOPRIM
dfrA12,trimethoprim-resistant dihydrofolate reductase DfrA12,TRIMETHOPRIM,TRIMETHOPRIM
dfrA12,trimethoprim-resistant dihydrofolate reductase DfrA12,TRIMETHOPRIM,TRIMETHOPRIM
dfrA12,trimethoprim-resistant dihydrofolate reductase DfrA12,TRIMETHOPRIM,TRIMETHOPRIM
dfrA12,trimethoprim-resistant dihydrofolate reductase DfrA12,TRIMETHOPRIM,TRIMETHOPRIM
dfrA12,trimethoprim-resistant dihydrofolate reductase DfrA12,TRIMETHOPRIM,TRIMETHOPRIM
dfrA12,trimethoprim-resistant dihydrofolate reductase DfrA12,TRIMETHOPRIM,TRIMETHOPRIM
dfrA12,trimethoprim-resistant dihydrofolate reductase DfrA12,TRIMETHOPRIM,TRIMETHOPRIM
dfrA12,trimethoprim-resistant dihydrofolate reductase DfrA12,TRIMETHOPRIM,TRIMETHOPRIM
dfrA14,trimethoprim-resistant dihydrofolate reductase DfrA14,TRIMETHOPRIM,TRIMETHOPRIM
dfrA14,trimethoprim-resistant dihydrofolate reductase DfrA14,TRIMETHOPRIM,TRIMETHOPRIM
dfrA14,trimethoprim-resistant dihydrofolate reductase DfrA14,TRIMETHOPRIM,TRIMETHOPRIM
dfrA14,trimethoprim-resistant dihydrofolate reductase DfrA14,TRIMETHOPRIM,TRIMETHOPRIM
dfrA14,trimethoprim-resistant dihydrofolate reductase DfrA14,TRIMETHOPRIM,TRIMETHOPRIM
dfrA15,trimethoprim-resistant dihydrofolate reductase DfrA15,TRIMETHOPRIM,TRIMETHOPRIM
dfrA15,trimethoprim-resistant dihydrofolate reductase DfrA15,TRIMETHOPRIM,TRIMETHOPRIM
dfrA15,trimethoprim-resistant dihydrofolate reductase DfrA15,TRIMETHOPRIM,TRIMETHOPRIM
dfrA15,trimethoprim-resistant dihydrofolate reductase DfrA15,TRIMETHOPRIM,TRIMETHOPRIM
dfrA16,trimethoprim-resistant dihydrofolate reductase DfrA16,TRIMETHOPRIM,TRIMETHOPRIM
dfrA16,trimethoprim-resistant dihydrofolate reductase DfrA16,TRIMETHOPRIM,TRIMETHOPRIM
dfrA16,trimethoprim-resistant dihydrofolate reductase DfrA16,TRIMETHOPRIM,TRIMETHOPRIM
dfrA16,trimethoprim-resistant dihydrofolate reductase DfrA16,TRIMETHOPRIM,TRIMETHOPRIM
dfrA17,trimethoprim-resistant dihydrofolate reductase DfrA17,TRIMETHOPRIM,TRIMETHOPRIM
dfrA17,trimethoprim-resistant dihydrofolate reductase DfrA17,TRIMETHOPRIM,TRIMETHOPRIM
dfrA17,trimethoprim-resistant dihydrofolate reductase DfrA17,TRIMETHOPRIM,TRIMETHOPRIM
dfrA17,trimethoprim-resistant dihydrofolate reductase DfrA17,TRIMETHOPRIM,TRIMETHOPRIM
dfrA17,trimethoprim-resistant dihydrofolate reductase DfrA17,TRIMETHOPRIM,TRIMETHOPRIM
dfrA17,trimethoprim-resistant dihydrofolate reductase DfrA17,TRIMETHOPRIM,TRIMETHOPRIM
dfrA17,trimethoprim-resistant dihydrofolate reductase DfrA17,TRIMETHOPRIM,TRIMETHOPRIM
dfrA17,trimethoprim-resistant dihydrofolate reductase DfrA17,TRIMETHOPRIM,TRIMETHOPRIM
dfrA17,trimethoprim-resistant dihydrofolate reductase DfrA17,TRIMETHOPRIM,TRIMETHOPRIM
dfrA17,trimethoprim-resistant dihydrofolate reductase DfrA17,TRIMETHOPRIM,TRIMETHOPRIM
dfrA17,trimethoprim-resistant dihydrofolate reductase DfrA17,TRIMETHOPRIM,TRIMETHOPRIM
dfrA17,trimethoprim-resistant dihydrofolate reductase DfrA17,TRIMETHOPRIM,TRIMETHOPRIM
dfrA17,trimethoprim-resistant dihydrofolate reductase DfrA17,TRIMETHOPRIM,TRIMETHOPRIM
dfrA18,trimethoprim-resistant dihydrofolate reductase DfrA18,TRIMETHOPRIM,TRIMETHOPRIM
dfrA19,trimethoprim-resistant dihydrofolate reductase DfrA19,TRIMETHOPRIM,TRIMETHOPRIM
dfrA19,trimethoprim-resistant dihydrofolate reductase DfrA19,TRIMETHOPRIM,TRIMETHOPRIM
dfrA1,trimethoprim-resistant dihydrofolate reductase DfrA1,TRIMETHOPRIM,TRIMETHOPRIM
dfrA1,trimethoprim-resistant dihydrofolate reductase DfrA1,TRIMETHOPRIM,TRIMETHOPRIM
dfrA1,trimethoprim-resistant dihydrofolate reductase DfrA1,TRIMETHOPRIM,TRIMETHOPRIM
dfrA1,trimethoprim-resistant dihydrofolate reductase DfrA1,TRIMETHOPRIM,TRIMETHOPRIM
dfrA1,trimethoprim-resistant dihydrofolate reductase DfrA1,TRIMETHOPRIM,TRIMETHOPRIM
dfrA1,trimethoprim-resistant dihydrofolate reductase DfrA1,TRIMETHOPRIM,TRIMETHOPRIM
dfrA1,trimethoprim-resistant dihydrofolate reductase DfrA1,TRIMETHOPRIM,TRIMETHOPRIM
dfrA1,trimethoprim-resistant dihydrofolate reductase DfrA1,TRIMETHOPRIM,TRIMETHOPRIM
dfrA1,trimethoprim-resistant dihydrofolate reductase DfrA1,TRIMETHOPRIM,TRIMETHOPRIM
dfrA1,trimethoprim-resistant dihydrofolate reductase DfrA1,TRIMETHOPRIM,TRIMETHOPRIM
dfrA1,trimethoprim-resistant dihydrofolate reductase DfrA1,TRIMETHOPRIM,TRIMETHOPRIM
dfrA1,trimethoprim-resistant dihydrofolate reductase DfrA1,TRIMETHOPRIM,TRIMETHOPRIM
dfrA1,trimethoprim-resistant dihydrofolate reductase DfrA1,TRIMETHOPRIM,TRIMETHOPRIM
dfrA1,trimethoprim-resistant dihydrofolate reductase DfrA1,TRIMETHOPRIM,TRIMETHOPRIM
dfrA1,trimethoprim-resistant dihydrofolate reductase DfrA1,TRIMETHOPRIM,TRIMETHOPRIM
dfrA1,trimethoprim-resistant dihydrofolate reductase DfrA1,TRIMETHOPRIM,TRIMETHOPRIM
dfrA1,trimethoprim-resistant dihydrofolate reductase DfrA1,TRIMETHOPRIM,TRIMETHOPRIM
dfrA20,trimethoprim-resistant dihydrofolate reductase DfrA20,TRIMETHOPRIM,TRIMETHOPRIM
dfrA21,trimethoprim-resistant dihydrofolate reductase DfrA21,TRIMETHOPRIM,TRIMETHOPRIM
dfrA22,trimethoprim-resistant dihydrofolate reductase DfrA22,TRIMETHOPRIM,TRIMETHOPRIM
dfrA22,trimethoprim-resistant dihydrofolate reductase DfrA22,TRIMETHOPRIM,TRIMETHOPRIM
dfrA23,trimethoprim-resistant dihydrofolate reductase DfrA23,TRIMETHOPRIM,TRIMETHOPRIM
dfrA24,trimethoprim-resistant dihydrofolate reductase DfrA24,TRIMETHOPRIM,TRIMETHOPRIM
dfrA25,trimethoprim-resistant dihydrofolate reductase DfrA25,TRIMETHOPRIM,TRIMETHOPRIM
dfrA25,trimethoprim-resistant dihydrofolate reductase DfrA25,TRIMETHOPRIM,TRIMETHOPRIM
dfrA26,trimethoprim-resistant dihydrofolate reductase DfrA26,TRIMETHOPRIM,TRIMETHOPRIM
dfrA27,trimethoprim-resistant dihydrofolate reductase DfrA27,TRIMETHOPRIM,TRIMETHOPRIM
dfrA29,trimethoprim-resistant dihydrofolate reductase DfrA29,TRIMETHOPRIM,TRIMETHOPRIM
dfrA30,trimethoprim-resistant dihydrofolate reductase DfrA30,TRIMETHOPRIM,TRIMETHOPRIM
dfrA31,trimethoprim-resistant dihydrofolate reductase DfrA31,TRIMETHOPRIM,TRIMETHOPRIM
dfrA32,trimethoprim-resistant dihydrofolate reductase DfrA32,TRIMETHOPRIM,TRIMETHOPRIM
dfrA33,trimethoprim-resistant dihydrofolate reductase DfrA33,TRIMETHOPRIM,TRIMETHOPRIM
dfrA33,trimethoprim-resistant dihydrofolate reductase DfrA33,TRIMETHOPRIM,TRIMETHOPRIM
dfrA34,trimethoprim-resistant dihydrofolate reductase DfrA34,TRIMETHOPRIM,TRIMETHOPRIM
dfrA35,trimethoprim-resistant dihydrofolate reductase DfrA35,TRIMETHOPRIM,TRIMETHOPRIM
dfrA36,trimethoprim-resistant dihydrofolate reductase DfrA36,TRIMETHOPRIM,TRIMETHOPRIM
dfrA37,trimethoprim-resistant dihydrofolate reductase DfrA37,TRIMETHOPRIM,TRIMETHOPRIM
dfrA38,trimethoprim-resistant dihydrofolate reductase DfrA38,TRIMETHOPRIM,TRIMETHOPRIM
dfrA39,trimethoprim-resistant dihydrofolate reductase DfrA39,TRIMETHOPRIM,TRIMETHOPRIM
dfrA3,trimethoprim-resistant dihydrofolate reductase DfrA3,TRIMETHOPRIM,TRIMETHOPRIM
dfrA3b,trimethoprim-resistant dihydrofolate reductase DfrA3b,TRIMETHOPRIM,TRIMETHOPRIM
dfrA40,trimethoprim-resistant dihydrofolate reductase DfrA40,TRIMETHOPRIM,TRIMETHOPRIM
dfrA41,trimethoprim-resistant dihydrofolate reductase DfrA41,TRIMETHOPRIM,TRIMETHOPRIM
dfrA42,trimethoprim-resistant dihydrofolate reductase DfrA42,TRIMETHOPRIM,TRIMETHOPRIM
dfrA43,trimethoprim-resistant dihydrofolate reductase DfrA43,TRIMETHOPRIM,TRIMETHOPRIM
dfrA44,trimethoprim-resistant dihydrofolate reductase DfrA44,TRIMETHOPRIM,TRIMETHOPRIM
dfrA45,trimethoprim-resistant dihydrofolate reductase DfrA45,TRIMETHOPRIM,TRIMETHOPRIM
dfrA46,trimethoprim-resistant dihydrofolate reductase DfrA46,TRIMETHOPRIM,TRIMETHOPRIM
dfrA47,trimethoprim-resistant dihydrofolate reductase DfrA47,TRIMETHOPRIM,TRIMETHOPRIM
dfrA48,trimethoprim-resistant dihydrofolate reductase DfrA48,TRIMETHOPRIM,TRIMETHOPRIM
dfrA49,trimethoprim-resistant dihydrofolate reductase DfrA49,TRIMETHOPRIM,TRIMETHOPRIM
dfrA4,trimethoprim-resistant dihydrofolate reductase DfrA4,TRIMETHOPRIM,TRIMETHOPRIM
dfrA50,trimethoprim-resistant dihydrofolate reductase DfrA50,TRIMETHOPRIM,TRIMETHOPRIM
dfrA50,trimethoprim-resistant dihydrofolate reductase DfrA50,TRIMETHOPRIM,TRIMETHOPRIM
dfrA51,trimethoprim-resistant dihydrofolate reductase DfrA51,TRIMETHOPRIM,TRIMETHOPRIM
dfrA5,trimethoprim-resistant dihydrofolate reductase DfrA5,TRIMETHOPRIM,TRIMETHOPRIM
dfrA5,trimethoprim-resistant dihydrofolate reductase DfrA5,TRIMETHOPRIM,TRIMETHOPRIM
dfrA5,trimethoprim-resistant dihydrofolate reductase DfrA5,TRIMETHOPRIM,TRIMETHOPRIM
dfrA5,trimethoprim-resistant dihydrofolate reductase DfrA5,TRIMETHOPRIM,TRIMETHOPRIM
dfrA6,trimethoprim-resistant dihydrofolate reductase DfrA6,TRIMETHOPRIM,TRIMETHOPRIM
dfrA7,trimethoprim-resistant dihydrofolate reductase DfrA7,TRIMETHOPRIM,TRIMETHOPRIM
dfrA7,trimethoprim-resistant dihydrofolate reductase DfrA7,TRIMETHOPRIM,TRIMETHOPRIM
dfrA7,trimethoprim-resistant dihydrofolate reductase DfrA7,TRIMETHOPRIM,TRIMETHOPRIM
dfrA7,trimethoprim-resistant dihydrofolate reductase DfrA7,TRIMETHOPRIM,TRIMETHOPRIM
dfrA7,trimethoprim-resistant dihydrofolate reductase DfrA7,TRIMETHOPRIM,TRIMETHOPRIM
dfrA8,trimethoprim-resistant dihydrofolate reductase DfrA8,TRIMETHOPRIM,TRIMETHOPRIM
dfrA9,trimethoprim-resistant dihydrofolate reductase DfrA9,TRIMETHOPRIM,TRIMETHOPRIM
dfrA,trimethoprim-resistant repeat-containing dihydrofolate reductase DfrA1,TRIMETHOPRIM,TRIMETHOPRIM
dfrB1,trimethoprim-resistant dihydrofolate reductase DfrB1,TRIMETHOPRIM,TRIMETHOPRIM
dfrB1,trimethoprim-resistant dihydrofolate reductase DfrB1,TRIMETHOPRIM,TRIMETHOPRIM
dfrB2,trimethoprim-resistant dihydrofolate reductase DfrB2,TRIMETHOPRIM,TRIMETHOPRIM
dfrB2,trimethoprim-resistant dihydrofolate reductase DfrB2,TRIMETHOPRIM,TRIMETHOPRIM
dfrB4,trimethoprim-resistant dihydrofolate reductase DfrB4,TRIMETHOPRIM,TRIMETHOPRIM
dfrB4,trimethoprim-resistant dihydrofolate reductase DfrB4,TRIMETHOPRIM,TRIMETHOPRIM
dfrB4,trimethoprim-resistant dihydrofolate reductase DfrB4,TRIMETHOPRIM,TRIMETHOPRIM
dfrB5,trimethoprim-resistant dihydrofolate reductase DfrB5,TRIMETHOPRIM,TRIMETHOPRIM
dfrD,trimethoprim-resistant dihydrofolate reductase DfrD,TRIMETHOPRIM,TRIMETHOPRIM
dfrE,trimethoprim-resistant dihydrofolate reductase DfrE,TRIMETHOPRIM,TRIMETHOPRIM
dfrF,trimethoprim-resistant dihydrofolate reductase DfrF,TRIMETHOPRIM,TRIMETHOPRIM
dfrG,trimethoprim-resistant dihydrofolate reductase DfrG,TRIMETHOPRIM,TRIMETHOPRIM
dfrI,trimethoprim-resistant dihydrofolate reductase DfrI,TRIMETHOPRIM,TRIMETHOPRIM
dfrK,trimethoprim-resistant dihydrofolate reductase DfrK,TRIMETHOPRIM,TRIMETHOPRIM
dfrK,trimethoprim-resistant dihydrofolate reductase DfrK,TRIMETHOPRIM,TRIMETHOPRIM
dfrK,trimethoprim-resistant dihydrofolate reductase DfrK,TRIMETHOPRIM,TRIMETHOPRIM
dfrL,trimethoprim-resistant dihydrofolate reductase DfrL,TRIMETHOPRIM,TRIMETHOPRIM
dpsA,non-specific DNA-binding protein DpsA,,
drcA,daptomycin efflux ABC transporter ATP-binding protein DrcA,,
drcB,daptomycin efflux ABC transporter permease DrcB,,
drcR,daptomycin efflux response regulator transcription factor DrcR,,
drcS,daptomycin efflux sensor histidine kinase DrcS,,
eae,intimin type epsilon,INTIMIN,EPSILON
eae,intimin type epsilon,INTIMIN,EPSILON
eae,intimin type epsilon,INTIMIN,EPSILON
eae,intimin type gamma,INTIMIN,GAMMA
eae,intimin type gamma,INTIMIN,GAMMA
eae,intimin type gamma,INTIMIN,GAMMA
eae,intimin type epsilon,INTIMIN,EPSILON
eae,intimin type zeta,INTIMIN,ZETA
eae,intimin type alpha,INTIMIN,ALPHA
eae,intimin type kappa,INTIMIN,KAPPA
eae,intimin type beta,INTIMIN,BETA
eae,intimin type epsilon,INTIMIN,EPSILON
eae,intimin type iota,INTIMIN,IOTA
eae,intimin type beta,INTIMIN,BETA
eae,intimin type alpha,INTIMIN,ALPHA
eae,intimin type gamma,INTIMIN,GAMMA
eae,intimin type epsilon,INTIMIN,EPSILON
eae,intimin type xi,INTIMIN,XI
eae,intimin type lambda,INTIMIN,LAMBDA
eae,intimin type beta,INTIMIN,BETA
eae,intimin type zeta,INTIMIN,ZETA
eae,intimin type theta,INTIMIN,THETA
eae,intimin type epsilon,INTIMIN,EPSILON
eae,intimin type gamma,INTIMIN,GAMMA
eae,intimin type epsilon,INTIMIN,EPSILON
eae,intimin type gamma,INTIMIN,GAMMA
eae,intimin type ypsilon,INTIMIN,YPSILON
eae,intimin type alpha,INTIMIN,ALPHA
eae,intimin type epsilon,INTIMIN,EPSILON
eae,intimin type rho,INTIMIN,RHO
eae,intimin type alpha,INTIMIN,ALPHA
eae,intimin type epsilon,INTIMIN,EPSILON
eae,intimin type beta,INTIMIN,BETA
eae,intimin type alpha,INTIMIN,ALPHA
eae,intimin type gamma,INTIMIN,GAMMA
eae,intimin type gamma,INTIMIN,GAMMA
eae,intimin type epsilon,INTIMIN,EPSILON
eae,intimin type epsilon,INTIMIN,EPSILON
eae,intimin type gamma,INTIMIN,GAMMA
eae,intimin type gamma,INTIMIN,GAMMA
eae,intimin type nu,INTIMIN,NU
eae,intimin type rho,INTIMIN,RHO
eae,intimin type alpha,INTIMIN,ALPHA
eat(A),ABC-F type ribosomal protection protein Eat(A),PLEUROMUTILIN,PLEUROMUTILIN
eatA,serine protease autotransporter toxin EatA,,
eatA,serine protease autotransporter toxin EatA,,
eatA,serine protease autotransporter toxin EatA,,
ednB,epidermal cell differentiation inhibitor EdnB,,
efa1,lymphostatin Efa1/LifA,,
efa1,lymphostatin Efa1/LifA,,
efa1,lymphostatin Efa1/LifA,,
efa1,lymphostatin Efa1/LifA,,
efa1,lymphostatin Efa1/LifA,,
efa1,lymphostatin Efa1/LifA,,
efa1,lymphostatin Efa1/LifA,,
ehxA,enterohemolysin EhxA,,
ehxA,enterohemolysin EhxA,,
ehxA,enterohemolysin EhxA,,
ehxA,enterohemolysin EhxA,,
ehxA,enterohemolysin EhxA,,
ehxA,enterohemolysin EhxA,,
ehxA,enterohemolysin EhxA,,
ehxA,enterohemolysin EhxA,,
ehxA,enterohemolysin EhxA,,
ehxA,enterohemolysin EhxA,,
ehxA,enterohemolysin EhxA,,
eilA,HilA family transcriptional regulator EilA,,
eilA,HilA family transcriptional regulator EilA,,
eilA,HilA family transcriptional regulator EilA,,
emhA,efflux RND transporter periplasmic adaptor subunit EmhA,EFFLUX,EFFLUX
emhB,efflux RND transporter permease subunit EmhB,EFFLUX,EFFLUX
emhC,efflux RND transporter outer membrane subunit EmhC,EFFLUX,EFFLUX
emhC,efflux RND transporter outer membrane subunit EmhC,EFFLUX,EFFLUX
emrA,multidrug efflux MFS transporter periplasmic adaptor subunit EmrA,EFFLUX,EFFLUX
emrB,multidrug efflux MFS transporter permease subunit EmrB,EFFLUX,EFFLUX
emrC,multidrug efflux transporter outer membrane subunit EmrC,EFFLUX,EFFLUX
emrC,multidrug efflux transporter outer membrane subunit EmrC,QUATERNARY AMMONIUM,QUATERNARY AMMONIUM
emrD3,multidrug efflux MFS transporter EmrD-3,EFFLUX,EFFLUX
emrD,multidrug efflux MFS transporter EmrD,EFFLUX,EFFLUX
emrD,multidrug efflux MFS transporter EmrD,EFFLUX,EFFLUX
emrD,multidrug efflux MFS transporter EmrD,EFFLUX,EFFLUX
emrE,multidrug efflux SMR transporter EmrE,EFFLUX,EFFLUX
emrE,quaternary ammonium compound efflux SMR transporter EmrE,QUATERNARY AMMONIUM,QUATERNARY AMMONIUM
emtA,23S rRNA (guanine(2470)) methyltransferase EmtA,AVILAMYCIN,AVILAMYCIN
entFM,enterotoxin EntFM,,
entFM,enterotoxin EntFM,,
entFM,enterotoxin EntFM,,
entFM,enterotoxin EntFM,,
entFM,enterotoxin EntFM,,
entFM,enterotoxin EntFM,,
entFM,enterotoxin EntFM,,
entFM,enterotoxin EntFM,,
entFM,enterotoxin EntFM,,
entFM,enterotoxin EntFM,,
epeA,serine protease autotransporter EpeA,,
ere(A),EreA family erythromycin esterase,MACROLIDE,ERYTHROMYCIN
ere(A),EreA family erythromycin esterase,MACROLIDE,ERYTHROMYCIN
ere(A),EreA family erythromycin esterase,MACROLIDE,ERYTHROMYCIN
ere(A),EreA family erythromycin esterase,MACROLIDE,ERYTHROMYCIN
ere(A),EreA family erythromycin esterase,MACROLIDE,ERYTHROMYCIN
ere(A),EreA family erythromycin esterase,MACROLIDE,MACROLIDE
ere(A),EreA family erythromycin esterase,MACROLIDE,MACROLIDE
ere(A),EreA family erythromycin esterase,MACROLIDE,MACROLIDE
ere(B),EreB family erythromycin esterase,MACROLIDE,AZITHROMYCIN/ERYTHROMYCIN
ere(B),EreB family erythromycin esterase,MACROLIDE,AZITHROMYCIN/ERYTHROMYCIN
ere(D),EreD family erythromycin esterase,MACROLIDE,AZITHROMYCIN/ERYTHROMYCIN
erm(30),23S rRNA (adenine(2058)-N(6))-methyltransferase Erm(30),LINCOSAMIDE/MACROLIDE/STREPTOGRAMIN,LINCOSAMIDE/MACROLIDE/STREPTOGRAMIN
erm(31),23S rRNA (adenine(2058)-N(6))-methyltransferase Erm(31),LINCOSAMIDE/MACROLIDE/STREPTOGRAMIN,LINCOSAMIDE/MACROLIDE/STREPTOGRAMIN
erm(32),23S rRNA (guanine(748)-N(1))-methyltransferase Erm(32),LINCOSAMIDE/STREPTOGRAMIN,LINCOSAMIDE/STREPTOGRAMIN
erm(32),23S rRNA (guanine(748)-N(1))-methyltransferase Erm(32),LINCOSAMIDE/STREPTOGRAMIN,LINCOSAMIDE/STREPTOGRAMIN
erm(33),23S rRNA (adenine(2058)-N(6))-methyltransferase Erm(33),LINCOSAMIDE/MACROLIDE,CLINDAMYCIN/ERYTHROMYCIN/LINCOMYCIN
erm(34),23S rRNA (adenine(2058)-N(6))-methyltransferase Erm(34),LINCOSAMIDE/MACROLIDE,CLINDAMYCIN/ERYTHROMYCIN/LINCOMYCIN
erm(35),23S rRNA (adenine(2058)-N(6))-methyltransferase Erm(35),LINCOSAMIDE/MACROLIDE,CLINDAMYCIN/ERYTHROMYCIN
erm(36),23S rRNA (adenine(2058)-N(6))-methyltransferase Erm(36),LINCOSAMIDE/MACROLIDE,CLINDAMYCIN/ERYTHROMYCIN
erm(37),23S rRNA (adenine(2058)-N(6))-methyltransferase Erm(37),LINCOSAMIDE/MACROLIDE,AZITHROMYCIN/CLARITHROMYCIN/CLINDAMYCIN/ERYTHROMYCIN/TELITHROMYCIN
erm(38),23S rRNA (adenine(2058)-N(6))-methyltransferase Erm(38),LINCOSAMIDE/MACROLIDE,CLARITHROMYCIN/CLINDAMYCIN/ERYTHROMYCIN
erm(39),23S rRNA (adenine(2058)-N(6))-methyltransferase Erm(39),LINCOSAMIDE/MACROLIDE,CLARITHROMYCIN/CLINDAMYCIN/ERYTHROMYCIN
erm(40),23S rRNA (adenine(2058)-N(6))-methyltransferase Erm(40),LINCOSAMIDE/MACROLIDE,CLARITHROMYCIN/CLINDAMYCIN/ERYTHROMYCIN
erm(42),23S rRNA (adenine(2058)-N(6))-methyltransferase Erm(42),LINCOSAMIDE/MACROLIDE,CLINDAMYCIN/ERYTHROMYCIN
erm(42),23S rRNA (adenine(2058)-N(6))-methyltransferase Erm(42),LINCOSAMIDE/MACROLIDE,CLINDAMYCIN/ERYTHROMYCIN
erm(43),23S rRNA (adenine(2058)-N(6))-methyltransferase Erm(43),LINCOSAMIDE/MACROLIDE/STREPTOGRAMIN,CLINDAMYCIN/ERYTHROMYCIN/PRISTINAMYCIN
erm(44),23S rRNA (adenine(2058)-N(6))-methyltransferase Erm(44),LINCOSAMIDE/MACROLIDE/STREPTOGRAMIN,CLINDAMYCIN/ERYTHROMYCIN/PRISTINAMYCIN
erm(44)v,23S rRNA (adenine(2058)-N(6))-methyltransferase Erm(44)v,LINCOSAMIDE/MACROLIDE,CLINDAMYCIN/ERYTHROMYCIN
erm(45),23S rRNA (adenine(2058)-N(6))-methyltransferase Erm(45),LINCOSAMIDE/MACROLIDE/STREPTOGRAMIN,CLINDAMYCIN/ERYTHROMYCIN/PRISTINAMYCIN
erm(46),23S rRNA (adenine(2058)-N(6))-methyltransferase Erm(46),LINCOSAMIDE/MACROLIDE/STREPTOGRAMIN,AZITHROMYCIN/CLINDAMYCIN/ERYTHROMYCIN/STREPTOGRAMIN B/VIRGINIAMYCIN
erm(47),23S rRNA (adenine(2058)-N(6))-methyltransferase Erm(47),LINCOSAMIDE/MACROLIDE/STREPTOGRAMIN,AZITHROMYCIN/CLINDAMYCIN/ERYTHROMYCIN/LINCOMYCIN/STREPTOGRAMIN
erm(48),23S rRNA (adenine(2058)-N(6))-methyltransferase Erm(48),LINCOSAMIDE/MACROLIDE/STREPTOGRAMIN,AZITHROMYCIN/CLINDAMYCIN/PRISTINAMYCIN
erm(49),23S rRNA (adenine(2058)-N(6))-methyltransferase Erm(49),LINCOSAMIDE/MACROLIDE,CLINDAMYCIN/ERYTHROMYCIN
erm(50),23S rRNA (adenine(2058)-N(6))-methyltransferase Erm(50),LINCOSAMIDE/MACROLIDE,CLARITHROMYCIN/CLINDAMYCIN
erm(51),23S rRNA (adenine(2058)-N(6))-methyltransferase Erm(51),LINCOSAMIDE/MACROLIDE/STREPTOGRAMIN,AZITHROMYCIN/CLARITHROMYCIN/CLINDAMYCIN/ERYTHROMYCIN/VIRGINIAMYCIN
erm(52),23S rRNA (adenine(2058)-N(6))-methyltransferase Erm(52),MACROLIDE,MACROLIDE
erm(53),23S rRNA (adenine(2058)-N(6))-methyltransferase Erm(53),MACROLIDE,MACROLIDE
erm(54),23S rRNA (adenine(2058)-N(6))-methyltransferase Erm(54),LINCOSAMIDE/MACROLIDE,CLINDAMYCIN/ERYTHROMYCIN
erm(55),23S rRNA (adenine(2058)-N(6))-methyltransferase Erm(55),MACROLIDE,CLARITHROMYCIN
erm(55),23S rRNA (adenine(2058)-N(6))-methyltransferase Erm(55),MACROLIDE,CLARITHROMYCIN
erm(55),23S rRNA (adenine(2058)-N(6))-methyltransferase Erm(55),MACROLIDE,CLARITHROMYCIN
erm(56),23S rRNA (adenine(2058)-N(6))-methyltransferase Erm(56),LINCOSAMIDE/MACROLIDE/STREPTOGRAMIN,CLINDAMYCIN/ERYTHROMYCIN/PRISTINAMYCIN
erm(A),23S rRNA (adenine(2058)-N(6))-methyltransferase Erm(A),LINCOSAMIDE/MACROLIDE,AZITHROMYCIN/CLARITHROMYCIN/CLINDAMYCIN/ERYTHROMYCIN/TELITHROMYCIN
erm(A),23S rRNA (adenine(2058)-N(6))-methyltransferase Erm(A),LINCOSAMIDE/MACROLIDE,AZITHROMYCIN/CLARITHROMYCIN/CLINDAMYCIN/ERYTHROMYCIN/TELITHROMYCIN
erm(A),23S rRNA (adenine(2058)-N(6))-methyltransferase Erm(A),LINCOSAMIDE/MACROLIDE,AZITHROMYCIN/CLARITHROMYCIN/CLINDAMYCIN/ERYTHROMYCIN/TELITHROMYCIN
erm(B),23S rRNA (adenine(2058)-N(6))-methyltransferase Erm(B),LINCOSAMIDE/MACROLIDE/STREPTOGRAMIN,CLINDAMYCIN/ERYTHROMYCIN/STREPTOGRAMIN B
erm(B),23S rRNA (adenine(2058)-N(6))-methyltransferase Erm(B),LINCOSAMIDE/MACROLIDE/STREPTOGRAMIN,CLINDAMYCIN/ERYTHROMYCIN/STREPTOGRAMIN B
erm(B),23S rRNA (adenine(2058)-N(6))-methyltransferase Erm(B),LINCOSAMIDE/MACROLIDE/STREPTOGRAMIN,CLINDAMYCIN/ERYTHROMYCIN/STREPTOGRAMIN B
erm(B),23S rRNA (adenine(2058)-N(6))-methyltransferase Erm(B),LINCOSAMIDE/MACROLIDE/STREPTOGRAMIN,CLINDAMYCIN/ERYTHROMYCIN/STREPTOGRAMIN B
erm(B),23S rRNA (adenine(2058)-N(6))-methyltransferase Erm(B),LINCOSAMIDE/MACROLIDE/STREPTOGRAMIN,CLINDAMYCIN/ERYTHROMYCIN/STREPTOGRAMIN B
erm(B),23S rRNA (adenine(2058)-N(6))-methyltransferase Erm(B),LINCOSAMIDE/MACROLIDE/STREPTOGRAMIN,CLINDAMYCIN/ERYTHROMYCIN/STREPTOGRAMIN B
erm(B),23S rRNA (adenine(2058)-N(6))-methyltransferase Erm(B),LINCOSAMIDE/MACROLIDE/STREPTOGRAMIN,CLINDAMYCIN/ERYTHROMYCIN/STREPTOGRAMIN B
erm(B),23S rRNA (adenine(2058)-N(6))-methyltransferase Erm(B),LINCOSAMIDE/MACROLIDE/STREPTOGRAMIN,CLINDAMYCIN/ERYTHROMYCIN/STREPTOGRAMIN B
erm(B),23S rRNA (adenine(2058)-N(6))-methyltransferase Erm(B),LINCOSAMIDE/MACROLIDE/STREPTOGRAMIN,CLINDAMYCIN/ERYTHROMYCIN/STREPTOGRAMIN B
erm(B),23S rRNA (adenine(2058)-N(6))-methyltransferase Erm(B),LINCOSAMIDE/MACROLIDE/STREPTOGRAMIN,CLINDAMYCIN/ERYTHROMYCIN/STREPTOGRAMIN B
erm(B),23S rRNA (adenine(2058)-N(6))-methyltransferase Erm(B),LINCOSAMIDE/MACROLIDE/STREPTOGRAMIN,CLINDAMYCIN/ERYTHROMYCIN/STREPTOGRAMIN B
erm(B),23S rRNA (adenine(2058)-N(6))-methyltransferase Erm(B),LINCOSAMIDE/MACROLIDE/STREPTOGRAMIN,CLINDAMYCIN/ERYTHROMYCIN/STREPTOGRAMIN B
erm(B),23S rRNA (adenine(2058)-N(6))-methyltransferase Erm(B),LINCOSAMIDE/MACROLIDE/STREPTOGRAMIN,CLINDAMYCIN/ERYTHROMYCIN/STREPTOGRAMIN B
erm(B),23S rRNA (adenine(2058)-N(6))-methyltransferase Erm(B),LINCOSAMIDE/MACROLIDE/STREPTOGRAMIN,CLINDAMYCIN/ERYTHROMYCIN/STREPTOGRAMIN B
erm(C),23S rRNA (adenine(2058)-N(6))-methyltransferase Erm(C),LINCOSAMIDE/MACROLIDE/STREPTOGRAMIN,CLINDAMYCIN/ERYTHROMYCIN/STREPTOGRAMIN B/TYLOSIN
erm(C),23S rRNA (adenine(2058)-N(6))-methyltransferase Erm(C),LINCOSAMIDE/MACROLIDE/STREPTOGRAMIN,CLINDAMYCIN/ERYTHROMYCIN/STREPTOGRAMIN B/TYLOSIN
erm(C),23S rRNA (adenine(2058)-N(6))-methyltransferase Erm(C),LINCOSAMIDE/MACROLIDE/STREPTOGRAMIN,CLINDAMYCIN/ERYTHROMYCIN/STREPTOGRAMIN B/TYLOSIN
erm(C),23S rRNA (adenine(2058)-N(6))-methyltransferase Erm(C),LINCOSAMIDE/MACROLIDE/STREPTOGRAMIN,CLINDAMYCIN/ERYTHROMYCIN/STREPTOGRAMIN B/TYLOSIN
erm(C),23S rRNA (adenine(2058)-N(6))-methyltransferase Erm(C),LINCOSAMIDE/MACROLIDE/STREPTOGRAMIN,CLINDAMYCIN/ERYTHROMYCIN/STREPTOGRAMIN B/TYLOSIN
erm(C),23S rRNA (adenine(2058)-N(6))-methyltransferase Erm(C),LINCOSAMIDE/MACROLIDE/STREPTOGRAMIN,CLINDAMYCIN/ERYTHROMYCIN/STREPTOGRAMIN B/TYLOSIN
erm(C),23S rRNA (adenine(2058)-N(6))-methyltransferase Erm(C),LINCOSAMIDE/MACROLIDE/STREPTOGRAMIN,CLINDAMYCIN/ERYTHROMYCIN/STREPTOGRAMIN B/TYLOSIN
erm(C),23S rRNA (adenine(2058)-N(6))-methyltransferase Erm(C),LINCOSAMIDE/MACROLIDE/STREPTOGRAMIN,CLINDAMYCIN/ERYTHROMYCIN/STREPTOGRAMIN B/TYLOSIN
erm(C),23S rRNA (adenine(2058)-N(6))-methyltransferase Erm(C),LINCOSAMIDE/MACROLIDE/STREPTOGRAMIN,CLINDAMYCIN/ERYTHROMYCIN/STREPTOGRAMIN B/TYLOSIN
erm(C),23S rRNA (adenine(2058)-N(6))-methyltransferase Erm(C),LINCOSAMIDE/MACROLIDE/STREPTOGRAMIN,CLINDAMYCIN/ERYTHROMYCIN/STREPTOGRAMIN B/TYLOSIN
erm(C),23S rRNA (adenine(2058)-N(6))-methyltransferase Erm(C),LINCOSAMIDE/MACROLIDE/STREPTOGRAMIN,CLINDAMYCIN/ERYTHROMYCIN/STREPTOGRAMIN B/TYLOSIN
erm(C),23S rRNA (adenine(2058)-N(6))-methyltransferase Erm(C),LINCOSAMIDE/MACROLIDE/STREPTOGRAMIN,CLINDAMYCIN/ERYTHROMYCIN/STREPTOGRAMIN B/TYLOSIN
erm(C),23S rRNA (adenine(2058)-N(6))-methyltransferase Erm(C),LINCOSAMIDE/MACROLIDE/STREPTOGRAMIN,CLINDAMYCIN/ERYTHROMYCIN/STREPTOGRAMIN B/TYLOSIN
erm(C),23S rRNA (adenine(2058)-N(6))-methyltransferase Erm(C),LINCOSAMIDE/MACROLIDE/STREPTOGRAMIN,CLINDAMYCIN/ERYTHROMYCIN/STREPTOGRAMIN B/TYLOSIN
erm(C),23S rRNA (adenine(2058)-N(6))-methyltransferase Erm(C),LINCOSAMIDE/MACROLIDE/STREPTOGRAMIN,CLINDAMYCIN/ERYTHROMYCIN/STREPTOGRAMIN B/TYLOSIN
erm(D),23S rRNA (adenine(2058)-N(6))-methyltransferase Erm(D),LINCOSAMIDE/MACROLIDE/STREPTOGRAMIN,ERYTHROMYCIN/LINCOSAMIDE/STREPTOGRAMIN
erm(D),23S rRNA (adenine(2058)-N(6))-methyltransferase Erm(D),LINCOSAMIDE/MACROLIDE/STREPTOGRAMIN,ERYTHROMYCIN/LINCOSAMIDE/STREPTOGRAMIN
erm(D),23S rRNA (adenine(2058)-N(6))-methyltransferase Erm(D),LINCOSAMIDE/MACROLIDE/STREPTOGRAMIN,ERYTHROMYCIN/LINCOSAMIDE/STREPTOGRAMIN
erm(E),23S rRNA (adenine(2058)-N(6))-methyltransferase Erm(E),LINCOSAMIDE/MACROLIDE/STREPTOGRAMIN,ERYTHROMYCIN/LINCOSAMIDE/STREPTOGRAMIN
erm(E),23S rRNA (adenine(2058)-N(6))-methyltransferase Erm(E),LINCOSAMIDE/MACROLIDE/STREPTOGRAMIN,ERYTHROMYCIN/LINCOSAMIDE/STREPTOGRAMIN
erm(F),23S rRNA (adenine(2058)-N(6))-methyltransferase Erm(F),LINCOSAMIDE/MACROLIDE/STREPTOGRAMIN,CLINDAMYCIN/MACROLIDE/STREPTOGRAMIN
erm(F),23S rRNA (adenine(2058)-N(6))-methyltransferase Erm(F),LINCOSAMIDE/MACROLIDE/STREPTOGRAMIN,CLINDAMYCIN/MACROLIDE/STREPTOGRAMIN
erm(F),23S rRNA (adenine(2058)-N(6))-methyltransferase Erm(F),LINCOSAMIDE/MACROLIDE/STREPTOGRAMIN,CLINDAMYCIN/MACROLIDE/STREPTOGRAMIN
erm(F),23S rRNA (adenine(2058)-N(6))-methyltransferase Erm(F),LINCOSAMIDE/MACROLIDE/STREPTOGRAMIN,CLINDAMYCIN/MACROLIDE/STREPTOGRAMIN
erm(G),23S rRNA (adenine(2058)-N(6))-methyltransferase Erm(G),LINCOSAMIDE/MACROLIDE/STREPTOGRAMIN,ERYTHROMYCIN/LINCOSAMIDE/STREPTOGRAMIN/TYLOSIN
erm(G),23S rRNA (adenine(2058)-N(6))-methyltransferase Erm(G),LINCOSAMIDE/MACROLIDE/STREPTOGRAMIN,ERYTHROMYCIN/LINCOSAMIDE/STREPTOGRAMIN/TYLOSIN
erm(G),23S rRNA (adenine(2058)-N(6))-methyltransferase Erm(G),LINCOSAMIDE/MACROLIDE/STREPTOGRAMIN,ERYTHROMYCIN/LINCOSAMIDE/STREPTOGRAMIN/TYLOSIN
erm(H),23S rRNA (adenine(2058)-N(6))-methyltransferase Erm(H),LINCOSAMIDE/MACROLIDE/STREPTOGRAMIN,ERYTHROMYCIN/LINCOMYCIN/TYLOSIN/VERNAMYCIN B
erm(K),23S rRNA (adenine(2058)-N(6))-methyltransferase Erm(K),LINCOSAMIDE/MACROLIDE/STREPTOGRAMIN,ERYTHROMYCIN/LINCOSAMIDE/STREPTOGRAMIN/TYLOSIN
erm(N),23S rRNA (adenine(2058)-N(6))-methyltransferase Erm(N),LINCOSAMIDE/MACROLIDE/STREPTOGRAMIN,ERYTHROMYCIN/LINCOSAMIDE/STREPTOGRAMIN/TYLOSIN
erm(O),23S rRNA (adenine(2058)-N(6))-methyltransferase Erm(O),LINCOSAMIDE/MACROLIDE/STREPTOGRAMIN,ERYTHROMYCIN/LINCOMYCIN/PRISTINAMYCIN/TYLOSIN
erm(O),23S rRNA (adenine(2058)-N(6))-methyltransferase Erm(O),LINCOSAMIDE/MACROLIDE/STREPTOGRAMIN,ERYTHROMYCIN/LINCOMYCIN/PRISTINAMYCIN/TYLOSIN
erm(Q),23S rRNA (adenine(2058)-N(6))-methyltransferase Erm(Q),LINCOSAMIDE/MACROLIDE/STREPTOGRAMIN,ERYTHROMYCIN/LINCOSAMIDE/STREPTOGRAMIN
erm(R),23S rRNA (adenine(2058)-N(6))-methyltransferase Erm(R),MACROLIDE,ERYTHROMYCIN
erm(S),23S rRNA (adenine(2058)-N(6))-methyltransferase Erm(S),LINCOSAMIDE/MACROLIDE/STREPTOGRAMIN,CLINDAMYCIN/ERYTHROMYCIN/OSTREOGRYCIN/TYLOSIN
erm(T),23S rRNA (adenine(2058)-N(6))-methyltransferase Erm(T),LINCOSAMIDE/MACROLIDE/STREPTOGRAMIN,ERYTHROMYCIN/LINCOSAMIDE/STREPTOGRAMIN/TYLOSIN
erm(T),23S rRNA (adenine(2058)-N(6))-methyltransferase Erm(T),LINCOSAMIDE/MACROLIDE/STREPTOGRAMIN,ERYTHROMYCIN/LINCOSAMIDE/STREPTOGRAMIN/TYLOSIN
erm(T),23S rRNA (adenine(2058)-N(6))-methyltransferase Erm(T),LINCOSAMIDE/MACROLIDE/STREPTOGRAMIN,ERYTHROMYCIN/LINCOSAMIDE/STREPTOGRAMIN/TYLOSIN
erm(T),23S rRNA (adenine(2058)-N(6))-methyltransferase Erm(T),LINCOSAMIDE/MACROLIDE/STREPTOGRAMIN,ERYTHROMYCIN/LINCOSAMIDE/STREPTOGRAMIN/TYLOSIN
erm(U),23S rRNA (adenine(2058)-N(6))-methyltransferase Erm(U),LINCOSAMIDE/MACROLIDE/STREPTOGRAMIN,LINCOMYCIN/MACROLIDE/STREPTOGRAMIN
erm(U),23S rRNA (adenine(2058)-N(6))-methyltransferase Erm(U),LINCOSAMIDE/MACROLIDE/STREPTOGRAMIN,LINCOMYCIN/MACROLIDE/STREPTOGRAMIN
erm(V),23S rRNA (adenine(2058)-N(6))-methyltransferase Erm(V),LINCOSAMIDE/MACROLIDE/STREPTOGRAMIN,CLINDAMYCIN/ERYTHROMYCIN/TYLOSIN/VERNAMYCIN B
erm(W),23S rRNA (adenine(2058)-N(6))-methyltransferase Erm(W),LINCOSAMIDE/MACROLIDE/STREPTOGRAMIN,ERYTHROMYCIN/LINCOSAMIDE/STREPTOGRAMIN/TYLOSIN
erm(X),23S rRNA (adenine(2058)-N(6))-methyltransferase Erm(X),LINCOSAMIDE/MACROLIDE/STREPTOGRAMIN,AZITHROMYCIN/CLINDAMYCIN/ERYTHROMYCIN/LINCOMYCIN/STREPTOGRAMIN B/TYLOSIN
erm(X),23S rRNA (adenine(2058)-N(6))-methyltransferase Erm(X),LINCOSAMIDE/MACROLIDE/STREPTOGRAMIN,AZITHROMYCIN/CLINDAMYCIN/ERYTHROMYCIN/LINCOMYCIN/STREPTOGRAMIN B/TYLOSIN
erm(X),23S rRNA (adenine(2058)-N(6))-methyltransferase Erm(X),LINCOSAMIDE/MACROLIDE/STREPTOGRAMIN,AZITHROMYCIN/CLINDAMYCIN/ERYTHROMYCIN/LINCOMYCIN/STREPTOGRAMIN B/TYLOSIN
erm(X),23S rRNA (adenine(2058)-N(6))-methyltransferase Erm(X),LINCOSAMIDE/MACROLIDE/STREPTOGRAMIN,AZITHROMYCIN/CLINDAMYCIN/ERYTHROMYCIN/LINCOMYCIN/STREPTOGRAMIN B/TYLOSIN
erm(X),23S rRNA (adenine(2058)-N(6))-methyltransferase Erm(X),LINCOSAMIDE/MACROLIDE/STREPTOGRAMIN,AZITHROMYCIN/CLINDAMYCIN/ERYTHROMYCIN/LINCOMYCIN/STREPTOGRAMIN B/TYLOSIN
erm(X),23S rRNA (adenine(2058)-N(6))-methyltransferase Erm(X),LINCOSAMIDE/MACROLIDE/STREPTOGRAMIN,AZITHROMYCIN/CLINDAMYCIN/ERYTHROMYCIN/LINCOMYCIN/STREPTOGRAMIN B/TYLOSIN
erm(X),23S rRNA (adenine(2058)-N(6))-methyltransferase Erm(X),LINCOSAMIDE/MACROLIDE/STREPTOGRAMIN,AZITHROMYCIN/CLINDAMYCIN/ERYTHROMYCIN/LINCOMYCIN/STREPTOGRAMIN B/TYLOSIN
erm(X),23S rRNA (adenine(2058)-N(6))-methyltransferase Erm(X),LINCOSAMIDE/MACROLIDE/STREPTOGRAMIN,AZITHROMYCIN/CLINDAMYCIN/ERYTHROMYCIN/LINCOMYCIN/STREPTOGRAMIN B/TYLOSIN
erm(Y),23S rRNA (adenine(2058)-N(6))-methyltransferase Erm(Y),LINCOSAMIDE/MACROLIDE/STREPTOGRAMIN,AZITHROMYCIN/CLINDAMYCIN/ERYTHROMYCIN/STREPTOGRAMIN B
erm(Z),23S rRNA (adenine(2058)-N(6))-methyltransferase Erm(Z),LINCOSAMIDE/MACROLIDE/STREPTOGRAMIN,LINCOSAMIDE/MACROLIDE/STREPTOGRAMIN
espA,type III secretion system LEE translocon filament protein EspA,,
espA,type III secretion system LEE translocon filament protein EspA,,
espA,type III secretion system LEE translocon filament protein EspA,,
espA,type III secretion system LEE translocon filament protein EspA,,
espA,type III secretion system LEE translocon filament protein EspA,,
espA,type III secretion system LEE translocon filament protein EspA,,
espA,type III secretion system LEE translocon filament protein EspA,,
espA,type III secretion system LEE translocon filament protein EspA,,
espA,type III secretion system LEE translocon filament protein EspA,,
espA,type III secretion system LEE translocon filament protein EspA,,
espA,type III secretion system LEE translocon filament protein EspA,,
espA,type III secretion system LEE translocon filament protein EspA,,
espA,type III secretion system LEE translocon filament protein EspA,,
espA,type III secretion system LEE translocon filament protein EspA,,
espA,type III secretion system LEE translocon filament protein EspA,,
espA,type III secretion system LEE translocon filament protein EspA,,
espA,type III secretion system LEE translocon filament protein EspA,,
espA,type III secretion system LEE translocon filament protein EspA,,
espA,type III secretion system LEE translocon filament protein EspA,,
espB,type III secretion system LEE translocon pore-forming subunit EspB,,
espB,type III secretion system LEE translocon pore-forming subunit EspB,,
espB,type III secretion system LEE translocon pore-forming subunit EspB,,
espB,type III secretion system LEE translocon pore-forming subunit EspB,,
espB,type III secretion system LEE translocon pore-forming subunit EspB,,
espB,type III secretion system LEE translocon pore-forming subunit EspB,,
espB,type III secretion system LEE translocon pore-forming subunit EspB,,
espB,type III secretion system LEE translocon pore-forming subunit EspB,,
espB,type III secretion system LEE translocon pore-forming subunit EspB,,
espB,type III secretion system LEE translocon pore-forming subunit EspB,,
espB,type III secretion system LEE translocon pore-forming subunit EspB,,
espC,serine protease autotransporter toxin EspC,,
espC,serine protease autotransporter toxin EspC,,
espC,serine protease autotransporter toxin EspC,,
espF,type III secretion system LEE effector EspF,,
espF,type III secretion system LEE effector EspF,,
espF,type III secretion system LEE effector EspF,,
espF,type III secretion system LEE effector EspF,,
espF,type III secretion system LEE effector EspF,,
espF,type III secretion system LEE effector EspF,,
espF,type III secretion system LEE effector EspF,,
espF,type III secretion system LEE effector EspF,,
espI,serine protease autotransporter EspI,,
espI,serine protease autotransporter EspI,,
espJ,type III secretion system effector ADP-ribosyltransferase EspJ,,
espJ,type III secretion system effector ADP-ribosyltransferase EspJ,,
espK,type III secretion system effector EspK,,
espP,serine protease autotransporter EspP,,
espP,serine protease autotransporter EspP,,
espX1,type III secretion system effector EspX1,,
estDL136,chloramphenicol hydrolase,PHENICOL,CHLORAMPHENICOL/FLORFENICOL
estT,macrolide hydrolase EstT,MACROLIDE,TYLOSIN
estX/sat2,bifunctional putative esterase EstX/streptothricin N-acetyltransferase Sat1,STREPTOTHRICIN,STREPTOTHRICIN
eta,exfoliative toxin A,,
etb,exfoliative toxin B,,
etpD,variant type II secretion system secretin EtpD,,
etx,epsilon toxin type B,,
f17a,F17A fimbrial adhesin,,
f17a,F17A fimbrial adhesin,,
f17a,F17A fimbrial adhesin,,
f17a,F17A fimbrial adhesin,,
f17a,F17A fimbrial adhesin,,
f17a,F17A fimbrial adhesin,,
f17a,F17A fimbrial adhesin,,
f17a,F17A fimbrial adhesin,,
f17g,F17G fimbrial adhesin,,
f17g,F17G fimbrial adhesin,,
f17g,F17G fimbrial adhesin,,
f17g,F17G fimbrial adhesin,,
f17g,F17G fimbrial adhesin,,
f17g,F17G fimbrial adhesin,,
f17g,F17G fimbrial adhesin,,
f17g,F17G fimbrial adhesin,,
faeG,F4 (K88) fimbria major subunit/adhesin FaeG,,
faeG,F4 (K88) fimbria major subunit/adhesin FaeG,,
faeG,F4 (K88) fimbria major subunit/adhesin FaeG,,
faeG,F4 (K88) fimbria major subunit/adhesin FaeG,,
faeG,F4 (K88) fimbria major subunit/adhesin FaeG,,
faeG,F4 (K88) fimbria major subunit/adhesin FaeG,,
faeG,F4 (K88) fimbria major subunit/adhesin FaeG,,
faeG,F4 (K88) fimbria major subunit/adhesin FaeG,,
faeG,F4 (K88) fimbria major subunit/adhesin FaeG,,
fanC,F5 fimbrial major subunit protein FanC,,
farB,fatty acid resistance MFS efflux transporter permease subunit FarB,EFFLUX,EFFLUX
farB,fatty acid resistance MFS efflux transporter permease subunit FarB,EFFLUX,EFFLUX
fasA,F6 fimbrial major subunit FasA,,
fdeC,inverse autotransporter adhesin FdeC,,
fedA,F18 fimbrial major subunit FedA,,
fedA,F18 fimbrial major subunit FedA,,
fedF,F18 fimbrial adhesin subunit FedF,,
fedF,F18 fimbrial adhesin subunit FedF,,
fedF,F18 fimbrial adhesin subunit FedF,,
fedF,F18 fimbrial adhesin subunit FedF,,
fedF,F18 fimbrial adhesin subunit FedF,,
fedF,F18 fimbrial adhesin subunit FedF,,
fexA,chloramphenicol/florfenicol efflux MFS transporter FexA,PHENICOL,CHLORAMPHENICOL/FLORFENICOL
fexA,chloramphenicol/florfenicol efflux MFS transporter FexA,PHENICOL,CHLORAMPHENICOL/FLORFENICOL
fexA,chloramphenicol/florfenicol efflux MFS transporter FexA,PHENICOL,CHLORAMPHENICOL/FLORFENICOL
fexB,chloramphenicol/florfenicol efflux MFS transporter FexB,PHENICOL,CHLORAMPHENICOL/FLORFENICOL
fieF,CDF family cation-efflux transporter FieF,,
fieF,CDF family cation-efflux transporter FieF,,
fim41a,fimbrial adhesin F41 protein Fim41a,,
fim41a,fimbrial adhesin F41 protein Fim41a,,
floR2,chloramphenicol/florfenicol efflux MFS transporter FloR2,PHENICOL,CHLORAMPHENICOL/FLORFENICOL
floR,chloramphenicol/florfenicol efflux MFS transporter FloR,PHENICOL,CHLORAMPHENICOL/FLORFENICOL
floR,chloramphenicol/florfenicol efflux MFS transporter FloR,PHENICOL,CHLORAMPHENICOL/FLORFENICOL
floR,chloramphenicol/florfenicol efflux MFS transporter FloR,PHENICOL,CHLORAMPHENICOL/FLORFENICOL
floR,chloramphenicol/florfenicol efflux MFS transporter FloR,PHENICOL,CHLORAMPHENICOL/FLORFENICOL
floR,chloramphenicol/florfenicol efflux MFS transporter FloR,PHENICOL,CHLORAMPHENICOL/FLORFENICOL
floR,chloramphenicol/florfenicol efflux MFS transporter FloR,PHENICOL,CHLORAMPHENICOL/FLORFENICOL
floR,chloramphenicol/florfenicol efflux MFS transporter FloR,PHENICOL,CHLORAMPHENICOL/FLORFENICOL
floR,chloramphenicol/florfenicol efflux MFS transporter FloR,PHENICOL,CHLORAMPHENICOL/FLORFENICOL
floR,chloramphenicol/florfenicol efflux MFS transporter FloR,PHENICOL,CHLORAMPHENICOL/FLORFENICOL
floR,chloramphenicol/florfenicol efflux MFS transporter FloR,PHENICOL,CHLORAMPHENICOL/FLORFENICOL
floR,chloramphenicol/florfenicol efflux MFS transporter FloR,PHENICOL,CHLORAMPHENICOL/FLORFENICOL
floR,chloramphenicol/florfenicol efflux MFS transporter FloR,PHENICOL,CHLORAMPHENICOL/FLORFENICOL
floR,chloramphenicol/florfenicol efflux MFS transporter FloR,PHENICOL,CHLORAMPHENICOL/FLORFENICOL
floR,chloramphenicol/florfenicol efflux MFS transporter FloR,PHENICOL,CHLORAMPHENICOL/FLORFENICOL
floR,chloramphenicol/florfenicol efflux MFS transporter FloR,PHENICOL,CHLORAMPHENICOL/FLORFENICOL
floR,chloramphenicol/florfenicol efflux MFS transporter FloR,PHENICOL,CHLORAMPHENICOL/FLORFENICOL
floR,chloramphenicol/florfenicol efflux MFS transporter FloR,PHENICOL,CHLORAMPHENICOL/FLORFENICOL
floR,chloramphenicol/florfenicol efflux MFS transporter FloR,PHENICOL,CHLORAMPHENICOL/FLORFENICOL
focG,F1C fimbria minor subunit FocG,,
fomA,fosfomycin resistance kinase FomA,FOSFOMYCIN,FOSFOMYCIN
fomB,FomB family phosphonate monophosphate kinase,FOSFOMYCIN,FOSFOMYCIN
fosA,FosA5 family fosfomycin resistance glutathione transferase,FOSFOMYCIN,FOSFOMYCIN
fosA,FosA5 family fosfomycin resistance glutathione transferase,FOSFOMYCIN,FOSFOMYCIN
fosA,FosA family fosfomycin resistance glutathione transferase,FOSFOMYCIN,FOSFOMYCIN
fosA,FosA family fosfomycin resistance glutathione transferase,FOSFOMYCIN,FOSFOMYCIN
fosB,FosB family fosfomycin resistance bacillithiol transferase,FOSFOMYCIN,FOSFOMYCIN
fosB,FosB family fosfomycin resistance bacillithiol transferase,FOSFOMYCIN,FOSFOMYCIN
fosB,FosB family fosfomycin resistance bacillithiol transferase,FOSFOMYCIN,FOSFOMYCIN
fosB,FosBx1 family fosfomycin resistance bacillithiol transferase,FOSFOMYCIN,FOSFOMYCIN
fosB,FosB/FosD family fosfomycin resistance bacillithiol transferase,FOSFOMYCIN,FOSFOMYCIN
fosC2,FosC2 family fosfomycin resistance glutathione transferase,FOSFOMYCIN,FOSFOMYCIN
fosC,fosfomycin resistance kinase FosC,FOSFOMYCIN,FOSFOMYCIN
fosD,fosfomycin resistance bacillithiol transferase FosD,FOSFOMYCIN,FOSFOMYCIN
fosE,fosfomycin resistance hydrolase FosE,FOSFOMYCIN,FOSFOMYCIN
fosF,fosfomycin resistance glutathione transferase FosF,FOSFOMYCIN,FOSFOMYCIN
fosG,FosG family fosfomycin resistance glutathione transferase,FOSFOMYCIN,FOSFOMYCIN
fosI,fosfomycin resistance hydrolase FosI,FOSFOMYCIN,FOSFOMYCIN
fosK,fosfomycin resistance glutathione transferase FosK,FOSFOMYCIN,FOSFOMYCIN
fosM1,fosfomycin resistance protein FosM1,FOSFOMYCIN,FOSFOMYCIN
fosM2,fosfomycin resistance protein FosM2,FOSFOMYCIN,FOSFOMYCIN
fosM3,fosfomycin resistance protein FosM3,FOSFOMYCIN,FOSFOMYCIN
fosXCC,fosfomycin resistance hydrolase FosXCC,FOSFOMYCIN,FOSFOMYCIN
fosX,fosfomycin resistance hydrolase FosX,FOSFOMYCIN,FOSFOMYCIN
fosX,FosX/FosE/FosI family fosfomycin resistance hydrolase,FOSFOMYCIN,FOSFOMYCIN
fosX,fosfomycin resistance hydrolase FosX,FOSFOMYCIN,FOSFOMYCIN
fosY,fosfomycin resistance bacillithiol transferase FosY,FOSFOMYCIN,FOSFOMYCIN
fos,FosG/FosC2-related fosfomycin resistance glutathione transferase,FOSFOMYCIN,FOSFOMYCIN
fos,Fos family putative thiol transferase,FOSFOMYCIN,FOSFOMYCIN
fos,FosA family fosfomycin resistance glutathione transferase,FOSFOMYCIN,FOSFOMYCIN
fos,fosfomycin resistance glutathione transferase FosLL,FOSFOMYCIN,FOSFOMYCIN
fotA,CS18 fimbrial major subunit FotA,,
fusB,fusidic acid resistance EF-G-binding protein FusB,FUSIDIC ACID,FUSIDIC ACID
fusB,fusidic acid resistance EF-G-binding protein FusB,FUSIDIC ACID,FUSIDIC ACID
fusD,FusD family fusidic acid resistance EF-G-binding protein,FUSIDIC ACID,FUSIDIC ACID
fusF,fusidic acid resistance EF-G-binding protein FusF,FUSIDIC ACID,FUSIDIC ACID
fusF,fusidic acid resistance EF-G-binding protein FusF,FUSIDIC ACID,FUSIDIC ACID
fusH,fusidic acid esterase FusH,FUSIDIC ACID,FUSIDIC ACID
gadD1,glutamate decarboxylase GadD1,,
gar,gentamicin resistance ATP-binding protein Gar,AMINOGLYCOSIDE,GENTAMICIN
gar,gentamicin resistance ATP-binding protein Gar,AMINOGLYCOSIDE,GENTAMICIN
golS,Au(I) sensor transcriptional regulator GolS,GOLD,GOLD
golT,gold/copper-translocating P-type ATPase GolT,COPPER/GOLD,COPPER/GOLD
grdA,gentamicin resistance ATP-binding protein GrdA,AMINOGLYCOSIDE,GENTAMICIN/PLAZOMICIN
grm,Grm family 16S rRNA (guanine(1405)-N(7))-methyltransferase,AMINOGLYCOSIDE,AMINOGLYCOSIDE
gtgA,type III secretion system effector protease GtgA,,
hasA,hyaluronan synthase HasA,,
hblA,hemolytic enterotoxin HBL binding subunit HblA,,
hblB,hemolytic enterotoxin HBL binding subunit HblB,,
hblC,hemolytic enterotoxin HBL lytic component L2,,
hblD,hemolytic enterotoxin HBL lytic component L1,,
hdeD-GI,heat resistance membrane protein HdeD-GI,,
helR,RNA polymerase recycling motor ATPase HelR,RIFAMYCIN,RIFAMYCIN
hld,delta-hemolysin,,
hld,delta-hemolysin,,
hlgA,bi-component gamma-hemolysin HlgAB subunit A,,
hlgB,bi-component gamma-hemolysin HlgAB/HlgCB subunit B,,
hlgC,bi-component gamma-hemolysin HlgCB subunit C,,
hlyA-alpha,RTX toxin hemolysin HlyA,,
hlyE,hemolysin HlyE,,
hlyIIR,hemolysin II regulator HlyIIR,,
hlyII,hemolysin II HlyII,,
hmrM,sodium-coupled multidrug efflux MATE transporter HmrM,EFFLUX,EFFLUX
hmrM,sodium-coupled multidrug efflux MATE transporter HmrM,EFFLUX,EFFLUX
hreP,subtilisin/kexin-like serine protease HreP,,
hsp20,small heat shock protein sHSP20,,
hugA,class A beta-lactamase,BETA-LACTAM,BETA-LACTAM
hugA,class A beta-lactamase,BETA-LACTAM,BETA-LACTAM
hugA,class A beta-lactamase,BETA-LACTAM,BETA-LACTAM
iap,ADP-ribosylating binary toxin iota enzymatic subunit Ia,,
ibeA,putative intracellular survival FAD-dependent oxidoreductase IbeA,,
ibp,ADP-ribosylating binary toxin iota binding subunit Ib,,
icaC,polysaccharide intercellular adhesin biosynthesis/export protein IcaC,,
icr-Mo,phosphoethanolamine--lipid A transferase ICR-Mo,COLISTIN,COLISTIN
iha,bifunctional siderophore receptor/adhesin Iha,,
iha,bifunctional siderophore receptor/adhesin Iha,,
iha,bifunctional siderophore receptor/adhesin Iha,,
iha,bifunctional siderophore receptor/adhesin Iha,,
iha,bifunctional siderophore receptor/adhesin Iha,,
iha,bifunctional siderophore receptor/adhesin Iha,,
iha,bifunctional siderophore receptor/adhesin Iha,,
iha,bifunctional siderophore receptor/adhesin Iha,,
iha,bifunctional siderophore receptor/adhesin Iha,,
iha,bifunctional siderophore receptor/adhesin Iha,,
iha,bifunctional siderophore receptor/adhesin Iha,,
iha,bifunctional siderophore receptor/adhesin Iha,,
iha,bifunctional siderophore receptor/adhesin Iha,,
iha,bifunctional siderophore receptor/adhesin Iha,,
iha,bifunctional siderophore receptor/adhesin Iha,,
inhA1,M6 family metalloprotease immune inhibitor InhA1,,
inhA2,M6 family metalloprotease immune inhibitor InhA2,,
inhA2,M6 family metalloprotease immune inhibitor InhA2,,
inl-lmo0514,lmo0514 family class 1 internalin Inl-lmo0514,,
inl-lmo0610,lmo0610 family class 1 internalin Inl-lmo0610,,
inlB,GW domain-containing class 2 internalin InlB,,
inlC,class 3 internalin InlC,,
inlC,class 1 internalin InlC2,,
inlD,class 1 internalin InlD,,
inlE,class 1 internalin InlE,,
inlF,class 1 internalin InlF,,
inlG,class 1 internalin InlG,,
inlH,class 1 internalin InlH,,
inlI,class 1 internalin InlI,,
inlK,class 1 internalin InlK,,
inlL,class 1 internalin InlL,,
inlP,class 3 internalin InlP,,
invA,type III secretion system export apparatus protein InvA,,
inv,inverse autotransporter invasin Inv,,
ipaD,type III secretion system needle tip complex protein IpaD,,
ipaD,type III secretion system needle tip complex protein IpaD,,
ipaD,type III secretion system needle tip complex protein IpaD,,
ipaD,type III secretion system needle tip complex protein IpaD,,
ipaD,type III secretion system needle tip complex protein IpaD,,
ipaD,type III secretion system needle tip complex protein IpaD,,
ipaD,type III secretion system needle tip complex protein IpaD,,
ipaH1.4,T3SS effector E3 ubiquitin-protein ligase IpaH1.4,,
ipaH2.5,T3SS effector E3 ubiquitin-protein ligase IpaH2.5,,
ipaH3,T3SS effector E3 ubiquitin-protein ligase IpaH3/Hc,,
ipaH3,T3SS effector E3 ubiquitin-protein ligase IpaH3/Hc,,
ipaH3,T3SS effector E3 ubiquitin-protein ligase IpaH3/Hc,,
ipaH3,T3SS effector E3 ubiquitin-protein ligase IpaH3/Hc,,
ipaH3,T3SS effector E3 ubiquitin-protein ligase IpaH3/Hc,,
ipaH3,T3SS effector E3 ubiquitin-protein ligase IpaH3/Hc,,
ipaH4.5,T3SS effector E3 ubiquitin-protein ligase IpaH4.5,,
ipaH7.8,T3SS effector E3 ubiquitin-protein ligase IpaH7.8,,
ipaH9.8,T3SS effector E3 ubiquitin-protein ligase IpaH9.8,,
ipaHa,T3SS effector E3 ubiquitin-protein ligase IpaHa,,
ipaHa,T3SS effector E3 ubiquitin-protein ligase IpaHa,,
ipaHb,T3SS effector E3 ubiquitin-protein ligase IpaHb,,
ipaHd,T3SS effector E3 ubiquitin-protein ligase IpaHd,,
ipaHd,T3SS effector E3 ubiquitin-protein ligase IpaHd,,
ipaHd,T3SS effector E3 ubiquitin-protein ligase IpaHd,,
ipaHd,T3SS effector E3 ubiquitin-protein ligase IpaHd,,
ipaHd,T3SS effector E3 ubiquitin-protein ligase IpaHd,,
ipaHd,T3SS effector E3 ubiquitin-protein ligase IpaHd,,
ipaHe,T3SS effector E3 ubiquitin-protein ligase IpaHe,,
ireA,TonB-dependent siderophore receptor IreA,,
ireA,TonB-dependent siderophore receptor IreA,,
ireA,TonB-dependent siderophore receptor IreA,,
iri,rifampin monooxygenase Iri,RIFAMYCIN,RIFAMPIN
iroB,salmochelin biosynthesis C-glycosyltransferase IroB,,
iroC,salmochelin/enterobactin export ABC transporter IroC,,
iroD,catecholate siderophore esterase IroD,,
iroD,catecholate siderophore esterase IroD,,
iroE,catecholate siderophore esterase IroE,,
iroN,siderophore salmochelin receptor IroN,,
iroN,siderophore salmochelin receptor IroN,,
iroN,siderophore salmochelin receptor IroN,,
iroN,siderophore salmochelin receptor IroN,,
iroN,siderophore salmochelin receptor IroN,,
iroN,siderophore salmochelin receptor IroN,,
iroN,siderophore salmochelin receptor IroN,,
iroN,siderophore salmochelin receptor IroN,,
iroN,siderophore salmochelin receptor IroN,,
iss,increased serum survival lipoprotein Iss,,
iss,increased serum survival lipoprotein Iss,,
iss,increased serum survival lipoprotein Iss,,
iss,increased serum survival lipoprotein Iss,,
iss,increased serum survival lipoprotein Iss,,
iucA,aerobactin synthase IucA,,
iucB,N(6)-hydroxylysine O-acetyltransferase IucB,,
iucC,NIS family aerobactin synthetase IucC,,
iucD,NADPH-dependent L-lysine N(6)-monooxygenase IucD,,
iutA,ferric aerobactin receptor IutA,,
kamB,16S rRNA (adenine(1408)-N(1))-methyltransferase KamB,AMINOGLYCOSIDE,AMINOGLYCOSIDE
kamB,16S rRNA (adenine(1408)-N(1))-methyltransferase KamB,AMINOGLYCOSIDE,AMINOGLYCOSIDE
katP,catalase/peroxidase KatP,,
kdeA,multidrug efflux MFS transporter KdeA,EFFLUX,EFFLUX
kefB-GI,heat resistance system K+/H+ antiporter KefB-GI,,
klaB,tellurium resistance system protein klaB,TELLURIUM,TELLURIUM
klaC,tellurium resistance system protein klaC,TELLURIUM,TELLURIUM
lcrV,type III secretion system needle tip protein LcrV,,
lef,anthrax toxin lethal factor,,
lmrC,ABC-F type ribosomal protection protein LmrC,FOSFOMYCIN,FOSFOMYCIN
lmrS,multidrug efflux MFS transporter LmrS,MACROLIDE/PHENICOL,CHLORAMPHENICOL/ERYTHROMYCIN
lngA,type IV pilus longus major pilin,,
lngA,type IV pilus longus major pilin,,
lntA,nuclear targeted protein LntA,,
lnu(A),lincosamide nucleotidyltransferase Lnu(A),LINCOSAMIDE,LINCOSAMIDE
lnu(A),lincosamide nucleotidyltransferase Lnu(A),LINCOSAMIDE,LINCOSAMIDE
lnu(A),lincosamide nucleotidyltransferase Lnu(A),LINCOSAMIDE,LINCOSAMIDE
lnu(A),lincosamide nucleotidyltransferase Lnu(A),LINCOSAMIDE,LINCOSAMIDE
lnu(A),lincosamide nucleotidyltransferase Lnu(A),LINCOSAMIDE,LINCOSAMIDE
lnu(A),lincosamide nucleotidyltransferase Lnu(A),LINCOSAMIDE,LINCOSAMIDE
lnu(A),lincosamide nucleotidyltransferase Lnu(A),LINCOSAMIDE,LINCOSAMIDE
lnu(AN2),lincosamide nucleotidyltransferase Lnu(AN2),LINCOSAMIDE,LINCOSAMIDE
lnu(B),lincosamide nucleotidyltransferase Lnu(B),LINCOSAMIDE,LINCOSAMIDE
lnu(B),lincosamide nucleotidyltransferase Lnu(B),LINCOSAMIDE,LINCOSAMIDE
lnu(C),lincosamide nucleotidyltransferase Lnu(C),LINCOSAMIDE,LINCOSAMIDE
lnu(D),lincosamide nucleotidyltransferase Lnu(D),LINCOSAMIDE,LINCOSAMIDE
lnu(E),lincosamide nucleotidyltransferase Lnu(E),LINCOSAMIDE,LINCOSAMIDE
lnu(F),lincosamide nucleotidyltransferase Lnu(F),LINCOSAMIDE,LINCOSAMIDE
lnu(F),lincosamide nucleotidyltransferase Lnu(F),LINCOSAMIDE,LINCOSAMIDE
lnu(F),lincosamide nucleotidyltransferase Lnu(F),LINCOSAMIDE,LINCOSAMIDE
lnu(F),lincosamide nucleotidyltransferase Lnu(F),LINCOSAMIDE,LINCOSAMIDE
lnu(F),lincosamide nucleotidyltransferase Lnu(F),LINCOSAMIDE,LINCOSAMIDE
lnu(F),lincosamide nucleotidyltransferase Lnu(F),LINCOSAMIDE,LINCOSAMIDE
lnu(G),lincosamide nucleotidyltransferase Lnu(G),LINCOSAMIDE,LINCOSAMIDE
lnu(H),lincosamide nucleotidyltransferase Lnu(H),LINCOSAMIDE,LINCOSAMIDE
lnu(I),lincosamide nucleotidyltransferase Lnu(I),LINCOSAMIDE,LINCOSAMIDE
lnu(P),lincosamide nucleotidyltransferase Lnu(P),LINCOSAMIDE,LINCOSAMIDE
lpfA-O113,long polar fimbria major subunit LpfA-O113,,
lpfA-O113,long polar fimbria major subunit LpfA-O113,,
lpfA-O113,long polar fimbria major subunit LpfA-O113,,
lpfA-O113,long polar fimbria major subunit LpfA-O113,,
lpfA1,long polar fimbria major subunit LpfA1,,
lpfA1,long polar fimbria major subunit LpfA1,,
lpfA2,long polar fimbria major subunit LpfA2,,
lpfA,long polar fimbria major subunit LpfA,,
lpfB,long polar fimbrial chaperone LpfB,,
lsa(A),ABC-F type ribosomal protection protein Lsa(A),LINCOSAMIDE/STREPTOGRAMIN,LINCOSAMIDE/STREPTOGRAMIN
lsa(A),ABC-F type ribosomal protection protein Lsa(A),LINCOSAMIDE/STREPTOGRAMIN,LINCOSAMIDE/STREPTOGRAMIN
lsa(A),ABC-F type ribosomal protection protein Lsa(A),LINCOSAMIDE/STREPTOGRAMIN,LINCOSAMIDE/STREPTOGRAMIN
lsa(A),ABC-F type ribosomal protection protein Lsa(A),LINCOSAMIDE/STREPTOGRAMIN,LINCOSAMIDE/STREPTOGRAMIN
lsa(B),ABC-F type ribosomal protection protein Lsa(B),LINCOSAMIDE/STREPTOGRAMIN,LINCOSAMIDE/STREPTOGRAMIN
lsa(C),ABC-F type ribosomal protection protein Lsa(C),LINCOSAMIDE/STREPTOGRAMIN,LINCOSAMIDE/STREPTOGRAMIN
lsa(D),ABC-F type ribosomal protection protein Lsa(D),LINCOSAMIDE/STREPTOGRAMIN,LINCOSAMIDE/STREPTOGRAMIN
lsa(E),ABC-F type ribosomal protection protein Lsa(E),LINCOSAMIDE/STREPTOGRAMIN,LINCOSAMIDE/STREPTOGRAMIN
ltcA,heat-labile enterotoxin LT subunit A,,
lukD,bi-component leukocidin LukED subunit D,,
lukE,bi-component leukocidin LukED subunit E,,
lukE,bi-component leukocidin LukED subunit E,,
lukF-PV,Panton-Valentine bi-component leukocidin subunit F,,
lukS-PV,Panton-Valentine bi-component leukocidin subunit S,,
mchB,microcin H47,,
mchF,microcin H47 export transporter peptidase/ATP-binding subunit MchF,,
mchF,microcin H47 export transporter peptidase/ATP-binding subunit MchF,,
mchF,microcin H47 export transporter peptidase/ATP-binding subunit MchF,,
mchF,microcin H47 export transporter peptidase/ATP-binding subunit MchF,,
mchF,microcin H47 export transporter peptidase/ATP-binding subunit MchF,,
mchF,microcin H47 export transporter peptidase/ATP-binding subunit MchF,,
mco,multi-copper oxidase Mco,COPPER,COPPER
mcr-3,MCR-3-related phosphoethanolamine--lipid A transferase,COLISTIN,COLISTIN
mdsA,multidrug efflux RND transporter periplasmic adaptor subunit MdsA,EFFLUX,EFFLUX
mdsB,multidrug efflux RND transporter permease subunit MdsB,EFFLUX,EFFLUX
mdtM,multidrug efflux MFS transporter MdtM,EFFLUX,EFFLUX
mecA1,PBP2a family beta-lactam-resistant peptidoglycan transpeptidase MecA1,BETA-LACTAM,METHICILLIN
mecA1,PBP2a family beta-lactam-resistant peptidoglycan transpeptidase MecA1,BETA-LACTAM,METHICILLIN
mecA2,PBP2a family beta-lactam-resistant peptidoglycan transpeptidase MecA2,BETA-LACTAM,METHICILLIN
mecA2,PBP2a family beta-lactam-resistant peptidoglycan transpeptidase MecA2,BETA-LACTAM,METHICILLIN
mecA,PBP2a family beta-lactam-resistant peptidoglycan transpeptidase MecA,BETA-LACTAM,METHICILLIN
mecA,PBP2a family beta-lactam-resistant peptidoglycan transpeptidase MecA,BETA-LACTAM,METHICILLIN
mecA,PBP2a family beta-lactam-resistant peptidoglycan transpeptidase MecA,BETA-LACTAM,METHICILLIN
mecA,PBP2a family beta-lactam-resistant peptidoglycan transpeptidase MecA,BETA-LACTAM,METHICILLIN
mecA,PBP2a family beta-lactam-resistant peptidoglycan transpeptidase MecA,BETA-LACTAM,METHICILLIN
mecA,PBP2a family beta-lactam-resistant peptidoglycan transpeptidase MecA,BETA-LACTAM,METHICILLIN
mecA,ceftaroline-resistant PBP2a family peptidoglycan transpeptidase MecA,BETA-LACTAM,CEFTAROLINE/METHICILLIN
mecA,ceftaroline-resistant PBP2a family peptidoglycan transpeptidase MecA,BETA-LACTAM,CEFTAROLINE/METHICILLIN
mecA,ceftaroline-resistant PBP2a family peptidoglycan transpeptidase MecA,BETA-LACTAM,CEFTAROLINE/METHICILLIN
mecA,ceftaroline-resistant PBP2a family peptidoglycan transpeptidase MecA,BETA-LACTAM,CEFTAROLINE/METHICILLIN
mecB,PBP2a family beta-lactam-resistant peptidoglycan transpeptidase MecB,BETA-LACTAM,METHICILLIN
mecB,PBP2a family beta-lactam-resistant peptidoglycan transpeptidase MecB,BETA-LACTAM,METHICILLIN
mecC2,PBP2a family beta-lactam-resistant peptidoglycan transpeptidase MecC2,BETA-LACTAM,METHICILLIN
mecC3,PBP2a family beta-lactam-resistant peptidoglycan transpeptidase MecC3,BETA-LACTAM,METHICILLIN
mecC,PBP2a family beta-lactam-resistant peptidoglycan transpeptidase MecC,BETA-LACTAM,METHICILLIN
mecD,PBP2a family beta-lactam-resistant peptidoglycan transpeptidase MecD,BETA-LACTAM,METHICILLIN
mecI,mecA-type methicillin resistance repressor MecI,BETA-LACTAM,METHICILLIN
mecI,mecC-type methicillin resistance repressor MecI,BETA-LACTAM,METHICILLIN
mecI,mecA-type methicillin resistance repressor MecI,BETA-LACTAM,METHICILLIN
mecR1,beta-lactam sensor/signal transducer MecR1,BETA-LACTAM,METHICILLIN
mef(A),macrolide efflux MFS transporter Mef(A),MACROLIDE,AZITHROMYCIN/ERYTHROMYCIN
mef(A),macrolide efflux MFS transporter Mef(A),MACROLIDE,AZITHROMYCIN/ERYTHROMYCIN
mef(A),macrolide efflux MFS transporter Mef(A),MACROLIDE,AZITHROMYCIN/ERYTHROMYCIN
mef(A),macrolide efflux MFS transporter Mef(A),MACROLIDE,AZITHROMYCIN/ERYTHROMYCIN
mef(A),macrolide efflux MFS transporter Mef(A),MACROLIDE,AZITHROMYCIN/ERYTHROMYCIN
mef(A),macrolide efflux MFS transporter Mef(A),MACROLIDE,AZITHROMYCIN/ERYTHROMYCIN
mef(A),macrolide efflux MFS transporter Mef(A),MACROLIDE,AZITHROMYCIN/ERYTHROMYCIN
mef(A),macrolide efflux MFS transporter Mef(A),MACROLIDE,AZITHROMYCIN/ERYTHROMYCIN
mef(A),macrolide efflux MFS transporter Mef(A),MACROLIDE,AZITHROMYCIN/ERYTHROMYCIN
mef(A),macrolide efflux MFS transporter Mef(A),MACROLIDE,AZITHROMYCIN/ERYTHROMYCIN
mef(A),macrolide efflux MFS transporter Mef(A),MACROLIDE,AZITHROMYCIN/ERYTHROMYCIN
mef(A),macrolide efflux MFS transporter Mef(A),MACROLIDE,AZITHROMYCIN/ERYTHROMYCIN
mef(A),macrolide efflux MFS transporter Mef(A),MACROLIDE,AZITHROMYCIN/ERYTHROMYCIN
mef(A),macrolide efflux MFS transporter Mef(A),MACROLIDE,AZITHROMYCIN/ERYTHROMYCIN
mef(A),macrolide efflux MFS transporter Mef(A),MACROLIDE,AZITHROMYCIN/ERYTHROMYCIN
mef(A),macrolide efflux MFS transporter Mef(A),MACROLIDE,AZITHROMYCIN/ERYTHROMYCIN
mef(A),macrolide efflux MFS transporter Mef(A),MACROLIDE,AZITHROMYCIN/ERYTHROMYCIN
mef(A),macrolide efflux MFS transporter Mef(A),MACROLIDE,AZITHROMYCIN/ERYTHROMYCIN
mef(A),macrolide efflux MFS transporter Mef(A),MACROLIDE,AZITHROMYCIN/ERYTHROMYCIN
mef(A),macrolide efflux MFS transporter Mef(A),MACROLIDE,AZITHROMYCIN/ERYTHROMYCIN
mef(A),macrolide efflux MFS transporter Mef(A),MACROLIDE,AZITHROMYCIN/ERYTHROMYCIN
mef(B),macrolide efflux MFS transporter Mef(B),MACROLIDE,AZITHROMYCIN/ERYTHROMYCIN
mef(C),macrolide efflux MFS transporter Mef(C),MACROLIDE,ERYTHROMYCIN
mef(D),macrolide efflux MFS transporter Mef(D),MACROLIDE,ERYTHROMYCIN
mef(En2),macrolide efflux MFS transporter Mef(En2),MACROLIDE,MACROLIDE
mef(F),macrolide efflux MFS transporter Mef(F),MACROLIDE,AZITHROMYCIN/ERYTHROMYCIN
mef(F),macrolide efflux MFS transporter Mef(F),MACROLIDE,AZITHROMYCIN/ERYTHROMYCIN
mef(H),macrolide efflux MFS transporter Mef(H),MACROLIDE,ERYTHROMYCIN
mef(J),macrolide efflux MFS transporter Mef(J),MACROLIDE,MACROLIDE
mepA,multidrug efflux MATE transporter MepA,TETRACYCLINE,TIGECYCLINE
mepA,multidrug efflux MATE transporter MepA,TETRACYCLINE,TIGECYCLINE
merA,mercury(II) reductase,MERCURY,MERCURY
merA,mercury(II) reductase,MERCURY,MERCURY
merA,mercury(II) reductase,MERCURY,MERCURY
merA,mercury(II) reductase,MERCURY,MERCURY
merA,mercury(II) reductase,MERCURY,MERCURY
merA,mercury(II) reductase,MERCURY,MERCURY
merA,mercury(II) reductase,MERCURY,MERCURY
merB1,organomercurial lyase MerB1,MERCURY,ORGANOMERCURY
merB1,organomercurial lyase MerB1,MERCURY,ORGANOMERCURY
merB2,organomercurial lyase MerB2,,
merB3,organomercurial lyase MerB3,,
merB3,organomercurial lyase MerB3,,
merB,organomercurial lyase MerB,MERCURY,ORGANOMERCURY
merB,organomercurial lyase MerB,MERCURY,ORGANOMERCURY
merB,organomercurial lyase MerB,,
merB,organomercurial lyase MerB,MERCURY,ORGANOMERCURY
merB,organomercurial lyase MerB,MERCURY,ORGANOMERCURY
merC,organomercurial transporter MerC,MERCURY,ORGANOMERCURY
merC,organomercurial transporter MerC,MERCURY,ORGANOMERCURY
merC,organomercurial transporter MerC,MERCURY,ORGANOMERCURY
merD,mercury resistance co-regulator MerD,MERCURY,MERCURY
merD,mercury resistance co-regulator MerD,MERCURY,MERCURY
merD,mercury resistance co-regulator MerD,MERCURY,MERCURY
merD,mercury resistance co-regulator MerD,MERCURY,MERCURY
merD,mercury resistance co-regulator MerD,MERCURY,MERCURY
merE,broad-spectrum mercury transporter MerE,MERCURY,MERCURY
merE,broad-spectrum mercury transporter MerE,MERCURY,MERCURY
merE,broad-spectrum mercury transporter MerE,MERCURY,MERCURY
merF,mercury resistance system transport protein MerF,MERCURY,MERCURY
merF,mercury resistance system transport protein MerF,MERCURY,MERCURY
merG,phenylmercury resistance protein MerG,MERCURY,PHENYLMERCURY
merP,mercury resistance system periplasmic binding protein MerP,MERCURY,MERCURY
merP,mercury resistance system periplasmic binding protein MerP,MERCURY,MERCURY
merP,mercury resistance system periplasmic binding protein MerP,MERCURY,MERCURY
merP,mercury resistance system periplasmic binding protein MerP,MERCURY,MERCURY
merP,mercury resistance system periplasmic binding protein MerP,MERCURY,MERCURY
merR1,mercury resistance transcriptional regulator MerR1,MERCURY,MERCURY
merR2,mercury resistance transcriptional regulator MerR2,MERCURY,MERCURY
merR,mercury resistance transcriptional regulator MerR,MERCURY,MERCURY
merR,mercury resistance transcriptional regulator MerR,MERCURY,MERCURY
merR,mercury resistance transcriptional regulator MerR,MERCURY,MERCURY
merR,mercury resistance transcriptional regulator MerR,MERCURY,MERCURY
merR,mercury resistance transcriptional regulator MerR,MERCURY,MERCURY
merR,mercury resistance transcriptional regulator MerR,MERCURY,MERCURY
merT,mercuric transport protein MerT,MERCURY,MERCURY
merT,mercuric transport protein MerT,MERCURY,MERCURY
merT,mercuric transport protein MerT,MERCURY,MERCURY
merT,mercuric transport protein MerT,MERCURY,MERCURY
merT,mercuric transport protein MerT,MERCURY,MERCURY
merT,mercuric transport protein MerT,MERCURY,MERCURY
merT,mercuric transport protein MerT,MERCURY,MERCURY
mexA,multidrug efflux RND transporter periplasmic adaptor subunit MexA,EFFLUX,EFFLUX
mexE,multidrug efflux RND transporter periplasmic adaptor subunit MexE,EFFLUX,EFFLUX
mexE,multidrug efflux RND transporter periplasmic adaptor subunit MexE,EFFLUX,EFFLUX
mexX,multidrug efflux RND transporter periplasmic adaptor subunit MexX,EFFLUX,EFFLUX
mexX,multidrug efflux RND transporter periplasmic adaptor subunit MexX,EFFLUX,EFFLUX
mgt,macrolide-inactivating glycosyltransferase,MACROLIDE,ERYTHROMYCIN/TYLOSIN
mgt,macrolide-inactivating glycosyltransferase,MACROLIDE,ERYTHROMYCIN/TYLOSIN
mgt,macrolide-inactivating glycosyltransferase,MACROLIDE,ERYTHROMYCIN/TYLOSIN
mph(A),Mph(A) family macrolide 2'-phosphotransferase,MACROLIDE,AZITHROMYCIN/ERYTHROMYCIN/SPIRAMYCIN/TELITHROMYCIN
mph(A),Mph(A) family macrolide 2'-phosphotransferase,MACROLIDE,AZITHROMYCIN/ERYTHROMYCIN/SPIRAMYCIN/TELITHROMYCIN
mph(A),Mph(A) family macrolide 2'-phosphotransferase,MACROLIDE,AZITHROMYCIN/ERYTHROMYCIN/SPIRAMYCIN/TELITHROMYCIN
mph(B),Mph(B) family macrolide 2'-phosphotransferase,MACROLIDE,ERYTHROMYCIN/SPIRAMYCIN/TELITHROMYCIN
mph(C),Mph(C) family macrolide 2'-phosphotransferase,MACROLIDE,ERYTHROMYCIN/SPIRAMYCIN/TELITHROMYCIN
mph(C),Mph(C) family macrolide 2'-phosphotransferase,MACROLIDE,ERYTHROMYCIN/SPIRAMYCIN/TELITHROMYCIN
mph(C),Mph(C) family macrolide 2'-phosphotransferase,MACROLIDE,ERYTHROMYCIN/SPIRAMYCIN/TELITHROMYCIN
mph(C),Mph(C) family macrolide 2'-phosphotransferase,MACROLIDE,ERYTHROMYCIN/SPIRAMYCIN/TELITHROMYCIN
mph(C),Mph(C) family macrolide 2'-phosphotransferase,MACROLIDE,ERYTHROMYCIN/SPIRAMYCIN/TELITHROMYCIN
mph(C),Mph(C) family macrolide 2'-phosphotransferase,MACROLIDE,ERYTHROMYCIN/SPIRAMYCIN/TELITHROMYCIN
mph(E),Mph(E) family macrolide 2'-phosphotransferase,MACROLIDE,ERYTHROMYCIN
mph(E),Mph(E) family macrolide 2'-phosphotransferase,MACROLIDE,ERYTHROMYCIN
mph(F),Mph(F) family macrolide 2'-phosphotransferase,MACROLIDE,ERYTHROMYCIN
mph(G),Mph(G) family macrolide 2'-phosphotransferase,MACROLIDE,ERYTHROMYCIN
mphH,macrolide 2'-phosphotransferase MphH,MACROLIDE,AZITHROMYCIN/ERYTHROMYCIN/TYLOSIN
mphJ,macrolide 2'-phosphotransferase MphJ,MACROLIDE,ERYTHROMYCIN/TELITHROMYCIN/TYLOSIN
mphK,macrolide 2'-phosphotransferase MphK,MACROLIDE,TELITHROMYCIN/TYLOSIN
mphL,macrolide 2'-phosphotransferase MphL,MACROLIDE,MACROLIDE
mphM,macrolide 2'-phosphotransferase MphM,MACROLIDE,MACROLIDE
mphM,macrolide 2'-phosphotransferase MphM,MACROLIDE,MACROLIDE
mphN,macrolide 2'-phosphotransferase MphN,MACROLIDE,ERYTHROMYCIN
mrdH,Ni(II)/Co(II) efflux transporter permease subunit MrdH,COPPER/NICKEL,COPPER/NICKEL
mreA,metal-sensing transcriptional repressor MreA,,
msr(A),ABC-F type ribosomal protection protein Msr(A),MACROLIDE/STREPTOGRAMIN,ERYTHROMYCIN/STREPTOGRAMIN B
msr(A),ABC-F type ribosomal protection protein Msr(A),MACROLIDE/STREPTOGRAMIN,ERYTHROMYCIN/STREPTOGRAMIN B
msr(A),ABC-F type ribosomal protection protein Msr(A),MACROLIDE/STREPTOGRAMIN,ERYTHROMYCIN/STREPTOGRAMIN B
msr(A),ABC-F type ribosomal protection protein Msr(A),MACROLIDE/STREPTOGRAMIN,ERYTHROMYCIN/STREPTOGRAMIN B
msr(A),ABC-F type ribosomal protection protein Msr(A),MACROLIDE/STREPTOGRAMIN,ERYTHROMYCIN/STREPTOGRAMIN B
msr(C),ABC-F type ribosomal protection protein Msr(C),MACROLIDE/STREPTOGRAMIN,AZITHROMYCIN/ERYTHROMYCIN/STREPTOGRAMIN B/TYLOSIN
msr(C),ABC-F type ribosomal protection protein Msr(C),MACROLIDE/STREPTOGRAMIN,AZITHROMYCIN/ERYTHROMYCIN/STREPTOGRAMIN B/TYLOSIN
msr(D),ABC-F type ribosomal protection protein Msr(D),MACROLIDE/STREPTOGRAMIN,AZITHROMYCIN/ERYTHROMYCIN/STREPTOGRAMIN B
msr(D),ABC-F type ribosomal protection protein Msr(D),MACROLIDE/STREPTOGRAMIN,AZITHROMYCIN/ERYTHROMYCIN/STREPTOGRAMIN B
msr(E),ABC-F type ribosomal protection protein Msr(E),MACROLIDE/STREPTOGRAMIN,AZITHROMYCIN/ERYTHROMYCIN/STREPTOGRAMIN
msr(G),ABC-F type ribosomal protection protein Msr(G),MACROLIDE/STREPTOGRAMIN,AZITHROMYCIN/ERYTHROMYCIN/PRISTINAMYCIN
msr(I),ABC-F type ribosomal protection protein Msr(I),MACROLIDE,MACROLIDE
msrF,ABC-F type ribosomal protection protein Msr(F),MACROLIDE/STREPTOGRAMIN,ERYTHROMYCIN/PRISTINAMYCIN
msrH,ABC-F type ribosomal protection protein Msr(H),MACROLIDE/STREPTOGRAMIN,ERYTHROMYCIN/PRISTINAMYCIN
mtrA,efflux transporter MtrCDE transcriptional activator MtrA,EFFLUX,EFFLUX
mtrC,multidrug efflux RND transporter periplasmic adaptor subunit MtrC,EFFLUX,EFFLUX
mtrC,multidrug efflux RND transporter periplasmic adaptor subunit MtrC,EFFLUX,EFFLUX
mtrF,AbgT family antimetabolite efflux transporter MtrF,EFFLUX,EFFLUX
mtrR,multidrug efflux system transcriptional repressor MtrR,EFFLUX,EFFLUX
mtrR,multidrug efflux system transcriptional repressor MtrR,EFFLUX,EFFLUX
mupA,mupirocin-resistant isoleucine--tRNA ligase MupA,MUPIROCIN,MUPIROCIN
mupA,mupirocin-resistant isoleucine--tRNA ligase MupA,MUPIROCIN,MUPIROCIN
mupB,mupirocin-resistant isoleucine--tRNA ligase MupB,MUPIROCIN,MUPIROCIN
myfA,fimbrial protein MyfA,,
myfA,fimbrial protein MyfA,,
myrA,23S rRNA (guanine(748)-N(1))-methyltransferase MyrA,MACROLIDE,TYLOSIN
nanH,exo-alpha-sialidase NanH,,
narA,ionophore ABC transporter ATP-binding subunit NarA,IONOPHORE,MADURAMICIN/NARASIN/SALINOMYCIN
narB,ionophore ABC transporter permease subunit NarB,IONOPHORE,MADURAMICIN/NARASIN/SALINOMYCIN
nccH,nickel/cobalt/cadmium resistance ECF sigma factor NccH,CADMIUM/COBALT/NICKEL,CADMIUM/COBALT/NICKEL
nccX,periplasmic metal sensor NccX,CADMIUM/COBALT/NICKEL,CADMIUM/COBALT/NICKEL
ncrA,Metal Resistance,NICKEL,NICKEL
ncrA,Metal Resistance,NICKEL,NICKEL
ncrB,nickel-sensing transcriptional repressor NcrB,NICKEL,NICKEL
ncrB,nickel-sensing transcriptional repressor NcrB,NICKEL,NICKEL
ncrC,Ni(II)/Co(II) efflux transporter permease subunit NcrC,COPPER/NICKEL,COPPER/NICKEL
ncrY,nickel resistance OB fold protein NcrY,NICKEL,NICKEL
netB,necrotizing enteritis toxin NetB,,
netF,necrotizing enteritis toxin NetF,,
nfaE,Dr family non-fimbrial adhesin I chaperone NfaE,,
nfaE,Dr family non-fimbrial adhesin I chaperone NfaE,,
nfaE,Dr family non-fimbrial adhesin I chaperone NfaE,,
nfaE,Dr family non-fimbrial adhesin I chaperone NfaE,,
nfaE,Dr family non-fimbrial adhesin I chaperone NfaE,,
nheA,non-hemolytic enterotoxin NHE subunit A,,
nheB,non-hemolytic enterotoxin NHE subunit B,,
nheC,non-hemolytic enterotoxin NHE subunit C,,
nheC,non-hemolytic enterotoxin NHE subunit C,,
nimA,5-nitroimidazole reductase NimA,NITROIMIDAZOLE,NITROIMIDAZOLE
nimB-Cd,putative 5-nitroimidazole reductase NimB-Cd,NITROIMIDAZOLE,NITROIMIDAZOLE
nimB,5-nitroimidazole reductase NimB,NITROIMIDAZOLE,NITROIMIDAZOLE
nimC,5-nitroimidazole reductase NimC,NITROIMIDAZOLE,NITROIMIDAZOLE
nimD,5-nitroimidazole reductase NimD,NITROIMIDAZOLE,NITROIMIDAZOLE
nimE,5-nitroimidazole reductase NimE,NITROIMIDAZOLE,NITROIMIDAZOLE
nimG,5-nitroimidazole reductase NimG,NITROIMIDAZOLE,NITROIMIDAZOLE
nimI,5-nitroimidazole reductase NimI,NITROIMIDAZOLE,NITROIMIDAZOLE
nimJ,5-nitroimidazole reductase NimJ,NITROIMIDAZOLE,NITROIMIDAZOLE
nimK,5-nitroimidazole reductase NimK,NITROIMIDAZOLE,NITROIMIDAZOLE
nirB,nickel-sensing transcriptional repressor NirB,NICKEL,NICKEL
nirD,nickel resistance OB fold protein NirD,NICKEL,NICKEL
nleA,type III secretion system effector NleA,,
nleA,type III secretion system effector NleA,,
nleA,type III secretion system effector NleA,,
nleA,type III secretion system effector NleA,,
nleA,type III secretion system effector NleA,,
nleA,type III secretion system effector NleA,,
nleA,type III secretion system effector NleA,,
nleA,type III secretion system effector NleA,,
nleA,type III secretion system effector NleA,,
nleA,type III secretion system effector NleA,,
nleA,type III secretion system effector NleA,,
nleA,type III secretion system effector NleA,,
nleA,type III secretion system effector NleA,,
nleA,type III secretion system effector NleA,,
nleA,type III secretion system effector NleA,,
nleA,type III secretion system effector NleA,,
nleA,type III secretion system effector NleA,,
nleB2,type III secretion system effector arginine glycosyltransferase NleB2,,
nleB2,type III secretion system effector arginine glycosyltransferase NleB2,,
nleB,type III secretion system effector arginine glycosyltransferase NleB,,
nleB,type III secretion system effector arginine glycosyltransferase NleB,,
nleB,type III secretion system effector arginine glycosyltransferase NleB,,
nleB,type III secretion system effector arginine glycosyltransferase NleB,,
nleB,type III secretion system effector arginine glycosyltransferase NleB,,
nleB,type III secretion system effector arginine glycosyltransferase NleB,,
nleB,type III secretion system effector arginine glycosyltransferase NleB,,
nleB,type III secretion system effector arginine glycosyltransferase NleB,,
nleB,type III secretion system effector arginine glycosyltransferase NleB,,
nleC,type III secretion system effector zinc metalloprotease NleC,,
nleC,type III secretion system effector zinc metalloprotease NleC,,
nleC,type III secretion system effector zinc metalloprotease NleC,,
nleC,type III secretion system effector zinc metalloprotease NleC,,
nms,multidrug efflux MFS transporter Nms,AMINOGLYCOSIDE/LINCOSAMIDE/MACROLIDE/PLEUROMUTILIN/TETRACYCLINE,AMIKACIN/CLINDAMYCIN/DOXYCYCLINE/ERYTHROMYCIN/GENTAMICIN/MINOCYCLINE/PLEUROMUTILIN/TETRACYCLINE
norM,multidrug efflux MATE transporter NorM,EFFLUX,EFFLUX
norM,sodium-coupled multidrug efflux MATE transporter NorM,EFFLUX,EFFLUX
norM,multidrug efflux MATE transporter NorM,EFFLUX,EFFLUX
npmA,16S rRNA (adenine(1408)-N(1))-methyltransferase NpmA,AMINOGLYCOSIDE,AMINOGLYCOSIDE
nreB,nickel resistance MFS transporter NreB,NICKEL,NICKEL
nshR,NshR family nosiheptide/thiostrepton resistance 23S rRNA methyltransferase,THIOSTREPTON,THIOSTREPTON
ole(B),ABC-F type ribosomal protection protein Ole(B),MACROLIDE,OLEANDOMYCIN
oleD,oleandomycin glycosyltransferase OleD,MACROLIDE,ERYTHROMYCIN/OLEANDOMYCIN/TYLOSIN
oleI,OleI family self-immunity macrolide glycosyltransferase,MACROLIDE,OLEANDOMYCIN
optrA,ABC-F type ribosomal protection protein OptrA,OXAZOLIDINONE/PHENICOL,FLORFENICOL/OXAZOLIDINONE
oqxA,multidrug efflux RND transporter periplasmic adaptor subunit OqxA,PHENICOL/QUINOLONE,PHENICOL/QUINOLONE
oqxB,multidrug efflux RND transporter permease subunit OqxB,PHENICOL/QUINOLONE,PHENICOL/QUINOLONE
otr(A),tetracycline resistance ribosomal protection protein Otr(A),TETRACYCLINE,TETRACYCLINE
otr(A),tetracycline resistance ribosomal protection protein Otr(A),TETRACYCLINE,TETRACYCLINE
otr(B),oxytetracycline resistance efflux MFS transporter OtrB,TETRACYCLINE,TETRACYCLINE
pagA,anthrax toxin protective antigen,,
papA,P fimbria major subunit PapA,,
papA,P fimbria major subunit PapA,,
papC,P fimbrial usher protein PapC,,
papE,P fimbrial minor subunit PapE,,
papF,P fimbrial tip protein PapF,,
papG-III,P fimbria tip G-adhesin PapG-III,,
papG-II,P fimbria tip G-adhesin PapG-II,,
papG-I,P fimbria tip G-adhesin PapG-I,,
papH,P fimbrial minor subunit PapH,,
pbp1a,Streptococcus pneumoniae penicillin-binding protein PBP1A1,BETA-LACTAM,BETA-LACTAM
pbp1a,Streptococcus pneumoniae penicillin-binding protein PBP1A3,BETA-LACTAM,BETA-LACTAM
pbp1a,Streptococcus pneumoniae penicillin-binding protein PBP1A2,BETA-LACTAM,BETA-LACTAM
pbp1a,Streptococcus pneumoniae penicillin-binding protein PBP1A0,BETA-LACTAM,BETA-LACTAM
pbp1a,Streptococcus pneumoniae penicillin-binding protein PBP1A11,BETA-LACTAM,BETA-LACTAM
pbp1a,Streptococcus pneumoniae penicillin-binding protein PBP1A12,BETA-LACTAM,BETA-LACTAM
pbp1a,Streptococcus pneumoniae penicillin-binding protein PBP1A9,BETA-LACTAM,BETA-LACTAM
pbp2b,Streptococcus pneumoniae penicillin-binding protein PBP2B0,BETA-LACTAM,BETA-LACTAM
pbp2b,Streptococcus pneumoniae penicillin-binding protein PBP2B3,BETA-LACTAM,BETA-LACTAM
pbp2b,Streptococcus pneumoniae penicillin-binding protein PBP2B2,BETA-LACTAM,BETA-LACTAM
pbp2b,Streptococcus pneumoniae penicillin-binding protein PBP2B6,BETA-LACTAM,BETA-LACTAM
pbp2b,Streptococcus pneumoniae penicillin-binding protein PBP2B4,BETA-LACTAM,BETA-LACTAM
pbp2b,Streptococcus pneumoniae penicillin-binding protein PBP2B5,BETA-LACTAM,BETA-LACTAM
pbp2m,penicillin-binding protein PBP2M,BETA-LACTAM,BETA-LACTAM
pbp2x,Streptococcus pneumoniae penicillin-binding protein PBP2X59,BETA-LACTAM,BETA-LACTAM
pbp2x,Streptococcus pneumoniae penicillin-binding protein PBP2X2,BETA-LACTAM,BETA-LACTAM
pbp2x,Streptococcus pneumoniae penicillin-binding protein PBP2X4,BETA-LACTAM,BETA-LACTAM
pbp2x,Streptococcus pneumoniae penicillin-binding protein PBP2X0,BETA-LACTAM,BETA-LACTAM
pbp2x,Streptococcus pneumoniae penicillin-binding protein PBP2X10,BETA-LACTAM,BETA-LACTAM
pbp2x,Streptococcus pneumoniae penicillin-binding protein PBP2X3,BETA-LACTAM,BETA-LACTAM
pbp2x,Streptococcus pneumoniae penicillin-binding protein PBP2X6,BETA-LACTAM,BETA-LACTAM
pbp2x,Streptococcus pneumoniae penicillin-binding protein PBP2X5,BETA-LACTAM,BETA-LACTAM
pbp2x,Streptococcus pneumoniae penicillin-binding protein PBP2X23,BETA-LACTAM,BETA-LACTAM
pbp2x,Streptococcus pneumoniae penicillin-binding protein PBP2X27,BETA-LACTAM,BETA-LACTAM
pbp2x,Streptococcus pneumoniae penicillin-binding protein PBP2X12,BETA-LACTAM,BETA-LACTAM
pbp2x,Streptococcus pneumoniae penicillin-binding protein PBP2X17,BETA-LACTAM,BETA-LACTAM
pcoA,multicopper oxidase PcoA,COPPER,COPPER
pcoB,copper-binding protein PcoB,COPPER,COPPER
pcoC,copper resistance system metallochaperone PcoC,COPPER,COPPER
pcoD,copper resistance inner membrane protein PcoD,COPPER,COPPER
pcoE,copper resistance system metallochaperone PcoE,COPPER,COPPER
pcoR,copper response regulator transcription factor PcoR,COPPER,COPPER
pcoS,copper resistance membrane spanning protein PcoS,COPPER,COPPER
peg-344,DMT family inner membrane transporter PEG344,,
perA,BFP system transcriptional regulator PerA,,
perA,BFP system transcriptional regulator PerA,,
perA,BFP system transcriptional regulator PerA,,
perA,BFP system transcriptional regulator PerA,,
perA,BFP system transcriptional regulator PerA,,
perA,BFP system transcriptional regulator PerA,,
perA,BFP system transcriptional regulator PerA,,
perA,BFP system transcriptional regulator PerA,,
perA,BFP system transcriptional regulator PerA,,
perA,BFP system transcriptional regulator PerA,,
perA,BFP system transcriptional regulator PerA,,
perA,BFP system transcriptional regulator PerA,,
perA,BFP system transcriptional regulator PerA,,
perA,BFP system transcriptional regulator PerA,,
perA,BFP system transcriptional regulator PerA,,
perA,BFP system transcriptional regulator PerA,,
perA,BFP system transcriptional regulator PerA,,
pet,serine protease autotransporter toxin Pet,,
pexA,phenicol efflux MFS transporter PexA,PHENICOL,PHENICOL
pfoA,cholesterol-dependent cytolysin perfringolysin O,,
pic,serine protease autotransporter toxin Pic,,
pic,serine protease autotransporter toxin Pic,,
pic,serine protease autotransporter toxin Pic,,
pic,serine protease autotransporter toxin Pic,,
plcA,phosphatidylinositol diacylglycerol-lyase,,
plcA,phosphatidylinositol diacylglycerol-lyase,,
plcA,phosphatidylinositol diacylglycerol-lyase,,
plcA,phosphatidylinositol diacylglycerol-lyase,,
plcR,transcriptional regulator PlcR,,
plcR,transcriptional regulator PlcR,,
plcR,transcriptional regulator PlcR,,
pld,phospholipase D Pld,,
pld,phospholipase D Pld,,
pmrA,multidrug efflux MFS transporter PmrA,QUINOLONE,QUINOLONE
pmrA,multidrug efflux MFS transporter PmrA,QUINOLONE,QUINOLONE
poxtA-Ef,ABC-F type ribosomal protection protein PoxtA-Ef,OXAZOLIDINONE/PHENICOL,CHLORAMPHENICOL/FLORFENICOL/LINEZOLID
poxtA,ABC-F type ribosomal protection protein PoxtA,OXAZOLIDINONE/PHENICOL,CHLORAMPHENICOL/FLORFENICOL/LINEZOLID
psi-GI,heat resistance protein PsiE-GI,,
qacA,quaternary ammonium compound efflux MFS transporter QacA,QUATERNARY AMMONIUM,QUATERNARY AMMONIUM
qacA,quaternary ammonium compound efflux MFS transporter QacA,QUATERNARY AMMONIUM,QUATERNARY AMMONIUM
qacB,quaternary ammonium compound efflux MFS transporter QacB,QUATERNARY AMMONIUM,QUATERNARY AMMONIUM
qacB,quaternary ammonium compound efflux MFS transporter QacB,QUATERNARY AMMONIUM,QUATERNARY AMMONIUM
qacC,quaternary ammonium compound efflux SMR transporter QacC,QUATERNARY AMMONIUM,QUATERNARY AMMONIUM
qacE,quaternary ammonium compound efflux SMR transporter QacE,QUATERNARY AMMONIUM,QUATERNARY AMMONIUM
qacE,quaternary ammonium compound efflux SMR transporter QacE,QUATERNARY AMMONIUM,QUATERNARY AMMONIUM
qacF,quaternary ammonium compound efflux SMR transporter QacF,QUATERNARY AMMONIUM,QUATERNARY AMMONIUM
qacF,quaternary ammonium compound efflux SMR transporter QacF,QUATERNARY AMMONIUM,QUATERNARY AMMONIUM
qacF,quaternary ammonium compound efflux SMR transporter QacF,QUATERNARY AMMONIUM,QUATERNARY AMMONIUM
qacF,quaternary ammonium compound efflux SMR transporter QacF,QUATERNARY AMMONIUM,QUATERNARY AMMONIUM
qacF,quaternary ammonium compound efflux SMR transporter QacF,QUATERNARY AMMONIUM,QUATERNARY AMMONIUM
qacF,quaternary ammonium compound efflux SMR transporter QacF,QUATERNARY AMMONIUM,QUATERNARY AMMONIUM
qacF,quaternary ammonium compound efflux SMR transporter QacF,QUATERNARY AMMONIUM,QUATERNARY AMMONIUM
qacG2,quaternary ammonium compound efflux SMR transporter QacG2,QUATERNARY AMMONIUM,QUATERNARY AMMONIUM
qacG2,quaternary ammonium compound efflux SMR transporter QacG2,QUATERNARY AMMONIUM,QUATERNARY AMMONIUM
qacG2,quaternary ammonium compound efflux SMR transporter QacG2,QUATERNARY AMMONIUM,QUATERNARY AMMONIUM
qacG2,quaternary ammonium compound efflux SMR transporter QacG2,QUATERNARY AMMONIUM,QUATERNARY AMMONIUM
qacG2,quaternary ammonium compound efflux SMR transporter QacG2,QUATERNARY AMMONIUM,QUATERNARY AMMONIUM
qacG2,quaternary ammonium compound efflux SMR transporter QacG2,QUATERNARY AMMONIUM,QUATERNARY AMMONIUM
qacG2,quaternary ammonium compound efflux SMR transporter QacG2,QUATERNARY AMMONIUM,QUATERNARY AMMONIUM
qacG,quaternary ammonium compound efflux SMR transporter QacG,QUATERNARY AMMONIUM,QUATERNARY AMMONIUM
qacH,quaternary ammonium compound efflux SMR transporter QacH,QUATERNARY AMMONIUM,QUATERNARY AMMONIUM
qacH,quaternary ammonium compound efflux SMR transporter QacH,QUATERNARY AMMONIUM,QUATERNARY AMMONIUM
qacJ,quaternary ammonium compound efflux SMR transporter QacJ,QUATERNARY AMMONIUM,QUATERNARY AMMONIUM
qacK,quaternary ammonium compound efflux SMR transporter QacK,QUATERNARY AMMONIUM,QUATERNARY AMMONIUM
qacL,quaternary ammonium compound efflux SMR transporter QacL,QUATERNARY AMMONIUM,QUATERNARY AMMONIUM
qacL,quaternary ammonium compound efflux SMR transporter QacL,QUATERNARY AMMONIUM,QUATERNARY AMMONIUM
qacL,quaternary ammonium compound efflux SMR transporter QacL,QUATERNARY AMMONIUM,QUATERNARY AMMONIUM
qacL,quaternary ammonium compound efflux SMR transporter QacL,QUATERNARY AMMONIUM,QUATERNARY AMMONIUM
qacL,quaternary ammonium compound efflux SMR transporter QacL,QUATERNARY AMMONIUM,QUATERNARY AMMONIUM
qacR,multidrug-binding transcriptional regulator QacR,QUATERNARY AMMONIUM,QUATERNARY AMMONIUM
qacZ,quaternary ammonium compound efflux SMR transporter QacH,QUATERNARY AMMONIUM,QUATERNARY AMMONIUM
qac,Qac-pB8 family quaternary ammonium compound efflux SMR transporter,QUATERNARY AMMONIUM,QUATERNARY AMMONIUM
qnrAS,QnrAS family quinolone resistance pentapeptide repeat protein,QUINOLONE,QUINOLONE
qnrC,QnrC family quinolone resistance pentapeptide repeat protein,QUINOLONE,QUINOLONE
ranA,multidrug efflux ABC transporter ATP-binding subunit RanA,EFFLUX,EFFLUX
ranB,multidrug efflux ABC transporter permease subunit RanB,EFFLUX,EFFLUX
rgt,Rgt1438 family rifamycin-inactivating glycosyltransferase,RIFAMYCIN,RIFAMYCIN
rmpA2,mucoid phenotype regulator RmpA2,,
rmpA,mucoid phenotype regulator RmpA,,
rmpC,mucoid phenotype regulator RmpC,,
rmpD,mucoid phenotype synthesis protein RmpD,,
rmpD,mucoid phenotype synthesis protein RmpD,,
rmtA,RmtA family 16S rRNA (guanine(1405)-N(7))-methyltransferase,AMINOGLYCOSIDE,AMINOGLYCOSIDE
rmtC,RmtC family 16S rRNA (guanine(1405)-N(7))-methyltransferase,AMINOGLYCOSIDE,AMINOGLYCOSIDE
rmtG,RmtG family 16S rRNA (guanine(1405)-N(7))-methyltransferase,AMINOGLYCOSIDE,AMINOGLYCOSIDE
rmtH,RmtH family 16S rRNA (guanine(1405)-N(7))-methyltransferase,AMINOGLYCOSIDE,AMINOGLYCOSIDE
rox,rifampin monooxygenase Rox,RIFAMYCIN,RIFAMPIN
rox,rifampin monooxygenase Rox,RIFAMYCIN,RIFAMYCIN
rpeA,serine protease autotransporter colonization factor RpeA,,
rphC,rifamycin-inactivating phosphotransferase RphC,RIFAMYCIN,RIFAMYCIN
rphD,rifamycin-inactivating phosphotransferase RphD,RIFAMYCIN,RIFAMYCIN
rph,rifamycin-inactivating phosphotransferase Rph,RIFAMYCIN,RIFAMYCIN
saa,autoagglutinating adhesin Saa,,
sab,autotransporter adhesin Sab,,
sak,staphylokinase,,
sal(A),ABC-F type ribosomal protection protein Sal(A),LINCOSAMIDE/PLEUROMUTILIN/STREPTOGRAMIN,LINCOSAMIDE/PLEUROMUTILIN/STREPTOGRAMIN
sal(B),ABC-F type ribosomal protection protein Sal(B),LINCOSAMIDE/PLEUROMUTILIN/STREPTOGRAMIN,LINCOSAMIDE/PLEUROMUTILIN/STREPTOGRAMIN
sal(C),ABC-F type ribosomal protection protein Sal(C),LINCOSAMIDE/PLEUROMUTILIN/STREPTOGRAMIN,LINCOSAMIDE/PLEUROMUTILIN/STREPTOGRAMIN
sal(D),ABC-F type ribosomal protection protein Sal(D),LINCOSAMIDE/PLEUROMUTILIN/STREPTOGRAMIN,LINCOSAMIDE/PLEUROMUTILIN/STREPTOGRAMIN
sal(E),ABC-F type ribosomal protection protein Sal(E),LINCOSAMIDE/PLEUROMUTILIN,LINCOSAMIDE/PLEUROMUTILIN
sasG,LPXTG-anchored surface protein SasG,,
sat2,streptothricin N-acetyltransferase Sat2,STREPTOTHRICIN,STREPTOTHRICIN
sat2,streptothricin N-acetyltransferase Sat2,STREPTOTHRICIN,STREPTOTHRICIN
sat2,streptothricin N-acetyltransferase Sat2,STREPTOTHRICIN,STREPTOTHRICIN
sat2,streptothricin N-acetyltransferase Sat2,STREPTOTHRICIN,STREPTOTHRICIN
sat2,streptothricin N-acetyltransferase Sat2,STREPTOTHRICIN,STREPTOTHRICIN
sat2,streptothricin N-acetyltransferase Sat2,STREPTOTHRICIN,STREPTOTHRICIN
sat3,streptothricin N-acetyltransferase Sat3,STREPTOTHRICIN,STREPTOTHRICIN
sat4,streptothricin N-acetyltransferase Sat4,STREPTOTHRICIN,STREPTOTHRICIN
sat4,streptothricin N-acetyltransferase Sat4,STREPTOTHRICIN,STREPTOTHRICIN
sat4,streptothricin N-acetyltransferase Sat4,STREPTOTHRICIN,STREPTOTHRICIN
satA,streptothricin N-acetyltransferase SatA,STREPTOTHRICIN,STREPTOTHRICIN
satA,streptothricin N-acetyltransferase SatA,STREPTOTHRICIN,STREPTOTHRICIN
sat,serine protease autotransporter toxin Sat,,
sat,serine protease autotransporter toxin Sat,,
scn,complement inhibitor SCIN-A,,
sdeA,multidrug efflux RND transporter periplasmic adaptor subunit SdeA,EFFLUX,EFFLUX
sdeB,multidrug efflux RND transporter permease subunit SdeB,EFFLUX,EFFLUX
sdeY,multidrug efflux RND transporter permease subunit SdeY,EFFLUX,EFFLUX
sea,staphylococcal enterotoxin type A,,
seb,staphylococcal enterotoxin type B,,
sec1,staphylococcal enterotoxin type C1,,
sec2,staphylococcal enterotoxin type C2,,
sec3,staphylococcal enterotoxin type C3,,
sed,staphylococcal enterotoxin type D,,
see,staphylococcal enterotoxin type E,,
seh,staphylococcal enterotoxin type H,,
sei,staphylococcal enterotoxin type I,,
sej,staphylococcal enterotoxin type J,,
sek,staphylococcal enterotoxin type K,,
sel26,staphylococcal enterotoxin type 26,,
sel27,staphylococcal enterotoxin type 27,,
sel28,staphylococcal enterotoxin type 28,,
sel30,staphylococcal enterotoxin type 30,,
sel31,staphylococcal enterotoxin type 31,,
sel32,staphylococcal enterotoxin type 32,,
sel33,staphylococcal enterotoxin type 33,,
selV,staphylococcal enterotoxin type V,,
selX,staphylococcal enterotoxin-like toxin X,,
selZ,staphylococcal enterotoxin type Z,,
sel,staphylococcal enterotoxin type L,,
sem,staphylococcal enterotoxin type M,,
senB,enterotoxin production-related protein TieB,,
sen,staphylococcal enterotoxin type N,,
seo,staphylococcal enterotoxin type O,,
sepA,serine protease autotransporter toxin SepA,,
sepA,serine protease autotransporter toxin SepA,,
sepA,serine protease autotransporter toxin SepA,,
sepA,serine protease autotransporter toxin SepA,,
sepA,serine protease autotransporter toxin SepA,,
sepA,serine protease autotransporter toxin SepA,,
sepA,serine protease autotransporter toxin SepA,,
sep,staphylococcal enterotoxin type P,,
seq,staphylococcal enterotoxin type Q,,
ser,staphylococcal enterotoxin type R,,
ses,staphylococcal enterotoxin type S,,
set,staphylococcal enterotoxin type T,,
seu,staphylococcal enterotoxin type U,,
sey,staphylococcal enterotoxin type Y,,
sfaF,S/F1C fimbrial biogenesis usher protein SfaF/FocD,,
sfaF,S/F1C fimbrial biogenesis usher protein SfaF/FocD,,
sfaS,S-fimbrial adhesin minor subunit SfaS,,
sgm,Sgm family 16S rRNA (guanine(1405)-N(7))-methyltransferase,AMINOGLYCOSIDE,GENTAMICIN
shsP,small heat shock protein sHSP20-GI,,
sigA,serine protease autotransporter toxin SigA,,
sigA,serine protease autotransporter toxin SigA,,
silA,Cu(+)/Ag(+) efflux RND transporter permease subunit SilA,COPPER/SILVER,COPPER/SILVER
silB,Cu(+)/Ag(+) efflux RND transporter periplasmic adaptor subunit SilB,COPPER/SILVER,COPPER/SILVER
silC,Cu(+)/Ag(+) efflux RND transporter outer membrane channel SilC,COPPER/SILVER,COPPER/SILVER
silC,Cu(+)/Ag(+) efflux RND transporter outer membrane channel SilC,COPPER/SILVER,COPPER/SILVER
silE,silver-binding protein SilE,SILVER,SILVER
silF,Cu(+)/Ag(+) efflux RND transporter periplasmic metallochaperone SilF,COPPER/SILVER,COPPER/SILVER
silP,Ag(+)-translocating P-type ATPase SilP,SILVER,SILVER
silR,copper/silver response regulator transcription factor SilR,COPPER/SILVER,COPPER/SILVER
silS,copper/silver sensor histidine kinase SilS,COPPER/SILVER,COPPER/SILVER
sinH,intimin-like inverse autotransporter SinH,,
smdA,multidrug efflux ABC transporter permease/ATP-binding subunit SmdA,EFFLUX,EFFLUX
smdB,multidrug efflux ABC transporter permease/ATP-binding subunit SmdB,EFFLUX,EFFLUX
smeF,multidrug efflux RND transporter outer membrane subunit SmeF,QUINOLONE,QUINOLONE
smfY,multidrug efflux MFS transporter SmfY,EFFLUX,EFFLUX
smr,multidrug efflux SMR transporter Smr,QUATERNARY AMMONIUM,QUATERNARY AMMONIUM
smr,multidrug efflux SMR transporter Smr,QUATERNARY AMMONIUM,QUATERNARY AMMONIUM
smr,multidrug efflux SMR transporter Smr,QUATERNARY AMMONIUM,QUATERNARY AMMONIUM
sodC1,superoxide dismutase [Cu-Zn] SodC1,,
spaA,SpaA fimbrial major subunit SpaA,,
spaB,SpaA fimbrial minor subunit SpaB,,
spaC,SpaA fimbrial minor subunit SpaC,,
spaD,SpaD fimbrial major subunit SpaD,,
spaE,SpaD fimbrial minor subunit SpaE,,
spaF,SpaD fimbrial tip protein SpaF,,
spaG,SpaH fimbrial tip protein SpaG,,
spaH,SpaH fimbrial major subunit SpaH,,
spaI,SpaH fimbrial minor subunit SpaI,,
spd,ANT(9) family aminoglycoside nucleotidyltransferase Spd,AMINOGLYCOSIDE,AMINOGLYCOSIDE
sph,sphingomyelinase C,,
sph,sphingomyelinase C,,
splA,serine protease SplA,,
splB,serine protease SplB,,
splE,serine protease SplE,,
spvD,SPI-2 type III secretion system effector cysteine hydrolase SpvD,,
spw,ANT(9) family aminoglycoside nucleotidyltransferase Spw,AMINOGLYCOSIDE,AMINOGLYCOSIDE
srm(B),ABC-F type ribosomal protection protein Srm(B),MACROLIDE,SPIRAMYCIN
srpA,solvent efflux RND transporter periplasmic adaptor subunit SrpA,EFFLUX,EFFLUX
srpB,solvent efflux RND transporter permease subunit SrpB,EFFLUX,EFFLUX
srpR,solvent efflux transporter antirepressor SrpR,EFFLUX,EFFLUX
srpS,solvent efflux transporter transcriptional repressor SrpS,EFFLUX,EFFLUX
srpS,solvent efflux transporter transcriptional repressor SrpS,EFFLUX,EFFLUX
srtA,class C sortase SrtA,,
srtB,class B sortase SrtB,,
srtC,class C sortase SrtC,,
srtD,SpaH fimbrial biogenesis class C sortase SrtD,,
srtE,SpaH fimbrial biogenesis class C sortase SrtE,,
sseK2,type III secretion system effector arginine glycosyltransferase SseK2,,
sseK3,type III secretion system effector arginine glycosyltransferase SseK3,,
sslE,lipoprotein metalloprotease SslE,,
ssmE,multidrug efflux SMR transporter SsmE,EFFLUX,EFFLUX
sspH2,SPI-2 type III secretion system effector E3 ubiquitin transferase SspH2,,
sta1,heat-stable enterotoxin ST-I group a,,
sta1,heat-stable enterotoxin ST-I group a,,
sta,streptothricin N-acetyltransferase STAT,STREPTOTHRICIN,STREPTOTHRICIN
stb,heat-stable enterotoxin ST-II,,
stb,heat-stable enterotoxin ST-II,,
stb,heat-stable enterotoxin ST-II,,
str,streptomycin adenylyltransferase Str,AMINOGLYCOSIDE,STREPTOMYCIN
str,streptomycin adenylyltransferase Str,AMINOGLYCOSIDE,STREPTOMYCIN
str,streptomycin adenylyltransferase Str,AMINOGLYCOSIDE,STREPTOMYCIN
stxA1,Shiga toxin Stx1a subunit A,STX1,stxA1a
stxA1,Shiga toxin Stx1c subunit A,STX1,stxA1c
stxA1,Shiga toxin Stx1d subunit A,STX1,stxA1d
stxA1,Shiga toxin Stx1a subunit A,STX1,stxA1a
stxA1,Shiga toxin Stx1a subunit A,STX1,stxA1a
stxA1,Shiga toxin Stx1a subunit A,STX1,stxA1a
stxA1,Shiga toxin Stx1a subunit A,STX1,stxA1a
stxA1,Shiga toxin Stx1e subunit A,STX1,stxA1e
stxA1,Shiga toxin Stx1a subunit A,STX1,stxA1a
stxA1,Shiga toxin Stx1c subunit A,STX1,stxA1c
stxA1,Shiga toxin Stx1a subunit A,STX1,stxA1a
stxA1,Shiga toxin Stx1a subunit A,STX1,stxA1a
stxA1,Shiga toxin Stx1a subunit A,STX1,stxA1a
stxA1,Shiga toxin Stx1a subunit A,STX1,stxA1a
stxA1,Shiga toxin Stx1a subunit A,STX1,stxA1a
stxA1,Shiga toxin Stx1a subunit A,STX1,stxA1a
stxA2,Shiga toxin Stx2j subunit A,STX2,stxA2j
stxA2,Shiga toxin Stx2m subunit A,STX2,stxA2m
stxA2,Shiga toxin Stx2j subunit A,STX2,stxA2j
stxA2,Shiga toxin Stx2j subunit A,STX2,stxA2j
stxA2,Shiga toxin Stx2j subunit A,STX2,stxA2j
stxA2,Shiga toxin Stx2c subunit A,STX2,stxA2c
stxA2,Shiga toxin Stx2c subunit A,STX2,stxA2c
stxA2,Shiga toxin Stx2o subunit A,STX2,stxA2o
stxA2,Shiga toxin Stx2i subunit A,STX2,stxA2i
stxA2,Shiga toxin Stx2j subunit A,STX2,stxA2j
stxA2,Shiga toxin Stx2d subunit A,STX2,stxA2d
stxA2,Shiga toxin Stx2 subunit A,STX2,stxA2
stxA2,Shiga toxin Stx2 subunit A,STX2,stxA2
stxA2,Shiga toxin Stx2 subunit A,STX2,stxA2
stxA2,Shiga toxin Stx2 subunit A,STX2,stxA2
stxA2,Shiga toxin Stx2g subunit A,STX2,stxA2g
stxA2,Shiga toxin Stx2g subunit A,STX2,stxA2g
stxA2,Shiga toxin Stx2 subunit A,STX2,stxA2
stxA2,Shiga toxin Stx2 subunit A,STX2,stxA2
stxA2,Shiga toxin Stx2 subunit A,STX2,stxA2
stxA2,Shiga toxin Stx2 subunit A,STX2,stxA2
stxA2,Shiga toxin Stx2b subunit A,STX2,stxA2b
stxA2,Shiga toxin Stx2b subunit A,STX2,stxA2b
stxA2,Shiga toxin Stx2e subunit A,STX2,stxA2e
stxA2,Shiga toxin Stx2d subunit A,STX2,stxA2d
stxA2,Shiga toxin Stx2d subunit A,STX2,stxA2d
stxA2,Shiga toxin Stx2b subunit A,STX2,stxA2b
stxA2,Shiga toxin Stx2 subunit A,STX2,stxA2
stxA2,Shiga toxin Stx2e subunit A,STX2,stxA2e
stxA2,Shiga toxin Stx2 subunit A,STX2,stxA2
stxA2,Shiga toxin Stx2d subunit A,STX2,stxA2d
stxA2,Shiga toxin Stx2o subunit A,STX2,stxA2o
stxA2,Shiga toxin Stx2a subunit A,STX2,stxA2a
stxA2,Shiga toxin Stx2 subunit A,STX2,stxA2
stxA2,Shiga toxin Stx2 subunit A,STX2,stxA2
stxA2,Shiga toxin Stx2c subunit A,STX2,stxA2c
stxA2,Shiga toxin Stx2f subunit A,STX2,stxA2f
stxA2,Shiga toxin Stx2f subunit A,STX2,stxA2f
stxA2,Shiga toxin Stx2c subunit A,STX2,stxA2c
stxA2,Shiga toxin Stx2 subunit A,STX2,stxA2
stxA2,Shiga toxin Stx2 subunit A,STX2,stxA2
stxA2,Shiga toxin Stx2e subunit A,STX2,stxA2e
stxA2,Shiga toxin Stx2e subunit A,STX2,stxA2e
stxA2,Shiga toxin Stx2g subunit A,STX2,stxA2g
stxA2,Shiga toxin Stx2b subunit A,STX2,stxA2b
stxA2,Shiga toxin Stx2f subunit A,STX2,stxA2f
stxA2,Shiga toxin Stx2k subunit A,STX2,stxA2k
stxA2,Shiga toxin Stx2a subunit A,STX2,stxA2a
stxA2,Shiga toxin Stx2k subunit A,STX2,stxA2k
stxA2,Shiga toxin Stx2n subunit A,STX2,stxA2n
stxA2,Shiga toxin Stx2h subunit A,STX2,stxA2h
stxA2,Shiga toxin Stx2j subunit A,STX2,stxA2j
stxA2,Shiga toxin Stx2c subunit A,STX2,stxA2c
stxA2,Shiga toxin Stx2d subunit A,STX2,stxA2d
stxA2,Shiga toxin Stx2c subunit A,STX2,stxA2c
stxA2,Shiga toxin Stx2c subunit A,STX2,stxA2c
stxA2,Shiga toxin Stx2c subunit A,STX2,stxA2c
stxA2,Shiga toxin Stx2b subunit A,STX2,stxA2b
stxA2,Shiga toxin Stx2j subunit A,STX2,stxA2j
stxA2,Shiga toxin Stx2b subunit A,STX2,stxA2b
stxA2,Shiga toxin Stx2c subunit A,STX2,stxA2c
stxA2,Shiga toxin Stx2e subunit A,STX2,stxA2e
stxA2,Shiga toxin Stx2c subunit A,STX2,stxA2c
stxA2,Shiga toxin Stx2d subunit A,STX2,stxA2d
stxA2,Shiga toxin Stx2a subunit A,STX2,stxA2a
stxA2,Shiga toxin Stx2e subunit A,STX2,stxA2e
stxA2,Shiga toxin Stx2 subunit A,STX2,stxA2
stxA2,Shiga toxin Stx2d subunit A,STX2,stxA2d
stxA2,Shiga toxin Stx2d subunit A,STX2,stxA2d
stxA2,Shiga toxin Stx2c subunit A,STX2,stxA2c
stxA2,Shiga toxin Stx2a subunit A,STX2,stxA2a
stxA2,Shiga toxin Stx2c subunit A,STX2,stxA2c
stxA2,Shiga toxin Stx2c subunit A,STX2,stxA2c
stxA2,Shiga toxin Stx2a subunit A,STX2,stxA2a
stxA2,Shiga toxin Stx2c subunit A,STX2,stxA2c
stxA2,Shiga toxin Stx2c subunit A,STX2,stxA2c
stxA2,Shiga toxin Stx2 subunit A,STX2,stxA2
stxA2,Shiga toxin Stx2a subunit A,STX2,stxA2a
stxA2,Shiga toxin Stx2d subunit A,STX2,stxA2d
stxA2,Shiga toxin Stx2b subunit A,STX2,stxA2b
stxA2,Shiga toxin Stx2b subunit A,STX2,stxA2b
stxA2,Shiga toxin Stx2b subunit A,STX2,stxA2b
stxA2,Shiga toxin Stx2c subunit A,STX2,stxA2c
stxA2,Shiga toxin Stx2b subunit A,STX2,stxA2b
stxA2,Shiga toxin Stx2b subunit A,STX2,stxA2b
stxA2,Shiga toxin Stx2b subunit A,STX2,stxA2b
stxA2,Shiga toxin Stx2g subunit A,STX2,stxA2g
stxA2,Shiga toxin Stx2b subunit A,STX2,stxA2b
stxA2,Shiga toxin Stx2d subunit A,STX2,stxA2d
stxA2,Shiga toxin Stx2e subunit A,STX2,stxA2e
stxA2,Shiga toxin Stx2e subunit A,STX2,stxA2e
stxA2,Shiga toxin Stx2e subunit A,STX2,stxA2e
stxA2,Shiga toxin Stx2e subunit A,STX2,stxA2e
stxA2,Shiga toxin Stx2a subunit A,STX2,stxA2a
stxA2,Shiga toxin Stx2l subunit A,STX2,stxA2l
stxA2,Shiga toxin Stx2e subunit A,STX2,stxA2e
stxA2,Shiga toxin Stx2d subunit A,STX2,stxA2d
stxA2,Shiga toxin Stx2e subunit A,STX2,stxA2e
stxA2,Shiga toxin Stx2e subunit A,STX2,stxA2e
stxB1,Shiga toxin Stx1c subunit B,STX1,stxB1c
stxB1,Shiga toxin Stx1c subunit B,STX1,stxB1c
stxB1,Shiga toxin Stx1a subunit B,STX1,stxB1a
stxB1,Shiga toxin Stx1d subunit B,STX1,stxB1d
stxB1,Shiga toxin Stx1a subunit B,STX1,stxB1a
stxB1,Shiga toxin Stx1e subunit B,STX1,stxB1e
stxB1,Shiga toxin Stx1c subunit B,STX1,stxB1c
stxB1,Shiga toxin Stx1a subunit B,STX1,stxB1a
stxB1,Shiga toxin Stx1c subunit B,STX1,stxB1c
stxB2,Shiga toxin Stx2m subunit B,STX2,stxB2m
stxB2,Shiga toxin Stx2a subunit B,STX2,stxB2a
stxB2,Shiga toxin Stx2c subunit B,STX2,stxB2c
stxB2,Shiga toxin Stx2d subunit B,STX2,stxB2d
stxB2,Shiga toxin Stx2b subunit B,STX2,stxB2b
stxB2,Shiga toxin Stx2e subunit B,STX2,stxB2e
stxB2,Shiga toxin Stx2a subunit B,STX2,stxB2a
stxB2,Shiga toxin Stx2a subunit B,STX2,stxB2a
stxB2,Shiga toxin Stx2 subunit B,STX2,stxB2
stxB2,Shiga toxin Stx2 subunit B,STX2,stxB2
stxB2,Shiga toxin Stx2c subunit B,STX2,stxB2c
stxB2,Shiga toxin Stx2c subunit B,STX2,stxB2c
stxB2,Shiga toxin Stx2g subunit B,STX2,stxB2g
stxB2,Shiga toxin Stx2f subunit B,STX2,stxB2f
stxB2,Shiga toxin Stx2d subunit B,STX2,stxB2d
stxB2,Shiga toxin Stx2 subunit B,STX2,stxB2
stxB2,Shiga toxin Stx2 subunit B,STX2,stxB2
stxB2,Shiga toxin Stx2o subunit B,STX2,stxB2o
stxB2,Shiga toxin Stx2f subunit B,STX2,stxB2f
stxB2,Shiga toxin Stx2d subunit B,STX2,stxB2d
stxB2,Shiga toxin Stx2a subunit B,STX2,stxB2a
stxB2,Shiga toxin Stx2n subunit B,STX2,stxB2n
stxB2,Shiga toxin Stx2h subunit B,STX2,stxB2h
stxB2,Shiga toxin Stx2j subunit B,STX2,stxB2j
stxB2,Shiga toxin Stx2c subunit B,STX2,stxB2c
stxB2,Shiga toxin Stx2d subunit B,STX2,stxB2d
stxB2,Shiga toxin Stx2i subunit B,STX2,stxB2i
stxB2,Shiga toxin Stx2e subunit B,STX2,stxB2e
stxB2,Shiga toxin Stx2 subunit B,STX2,stxB2
stxB2,Shiga toxin Stx2a subunit B,STX2,stxB2a
stxB2,Shiga toxin Stx2 subunit B,STX2,stxB2
stxB2,Shiga toxin Stx2 subunit B,STX2,stxB2
stxB2,Shiga toxin Stx2a subunit B,STX2,stxB2a
stxB2,Shiga toxin Stx2a subunit B,STX2,stxB2a
stxB2,Shiga toxin Stx2b subunit B,STX2,stxB2b
stxB2,Shiga toxin Stx2b subunit B,STX2,stxB2b
stxB2,Shiga toxin Stx2b subunit B,STX2,stxB2b
stxB2,Shiga toxin Stx2b subunit B,STX2,stxB2b
stxB2,Shiga toxin Stx2a subunit B,STX2,stxB2a
stxB2,Shiga toxin Stx2a subunit B,STX2,stxB2a
subA,subtilase AB5 cytotoxin subunit A,,
subA,subtilase AB5 cytotoxin subunit A,,
subA,subtilase AB5 cytotoxin subunit A,,
subB,subtilase AB5 cytotoxin subunit B,,
subB,subtilase AB5 cytotoxin subunit B,,
sul1,sulfonamide-resistant dihydropteroate synthase Sul1,SULFONAMIDE,SULFONAMIDE
sul1,sulfonamide-resistant dihydropteroate synthase Sul1,SULFONAMIDE,SULFONAMIDE
sul1,sulfonamide-resistant dihydropteroate synthase Sul1,SULFONAMIDE,SULFONAMIDE
sul1,sulfonamide-resistant dihydropteroate synthase Sul1,SULFONAMIDE,SULFONAMIDE
sul1,sulfonamide-resistant dihydropteroate synthase Sul1,SULFONAMIDE,SULFONAMIDE
sul1,sulfonamide-resistant dihydropteroate synthase Sul1,SULFONAMIDE,SULFONAMIDE
sul1,sulfonamide-resistant dihydropteroate synthase Sul1,SULFONAMIDE,SULFONAMIDE
sul1,sulfonamide-resistant dihydropteroate synthase Sul1,SULFONAMIDE,SULFONAMIDE
sul1,sulfonamide-resistant dihydropteroate synthase Sul1,SULFONAMIDE,SULFONAMIDE
sul1,sulfonamide-resistant dihydropteroate synthase Sul1,SULFONAMIDE,SULFONAMIDE
sul1,sulfonamide-resistant dihydropteroate synthase Sul1,SULFONAMIDE,SULFONAMIDE
sul1,sulfonamide-resistant dihydropteroate synthase Sul1,SULFONAMIDE,SULFONAMIDE
sul1,sulfonamide-resistant dihydropteroate synthase Sul1,SULFONAMIDE,SULFONAMIDE
sul1,sulfonamide-resistant dihydropteroate synthase Sul1,SULFONAMIDE,SULFONAMIDE
sul1,sulfonamide-resistant dihydropteroate synthase Sul1,SULFONAMIDE,SULFONAMIDE
sul1,sulfonamide-resistant dihydropteroate synthase Sul1,SULFONAMIDE,SULFONAMIDE
sul1,sulfonamide-resistant dihydropteroate synthase Sul1,SULFONAMIDE,SULFONAMIDE
sul1,sulfonamide-resistant dihydropteroate synthase Sul1,SULFONAMIDE,SULFONAMIDE
sul1,sulfonamide-resistant dihydropteroate synthase Sul1,SULFONAMIDE,SULFONAMIDE
sul1,sulfonamide-resistant dihydropteroate synthase Sul1,SULFONAMIDE,SULFONAMIDE
sul1,sulfonamide-resistant dihydropteroate synthase Sul1,SULFONAMIDE,SULFONAMIDE
sul1,sulfonamide-resistant dihydropteroate synthase Sul1,SULFONAMIDE,SULFONAMIDE
sul1,sulfonamide-resistant dihydropteroate synthase Sul1,SULFONAMIDE,SULFONAMIDE
sul2,sulfonamide-resistant dihydropteroate synthase Sul2,SULFONAMIDE,SULFONAMIDE
sul2,sulfonamide-resistant dihydropteroate synthase Sul2,SULFONAMIDE,SULFONAMIDE
sul2,sulfonamide-resistant dihydropteroate synthase Sul2,SULFONAMIDE,SULFONAMIDE
sul2,sulfonamide-resistant dihydropteroate synthase Sul2,SULFONAMIDE,SULFONAMIDE
sul2,sulfonamide-resistant dihydropteroate synthase Sul2,SULFONAMIDE,SULFONAMIDE
sul2,sulfonamide-resistant dihydropteroate synthase Sul2,SULFONAMIDE,SULFONAMIDE
sul2,sulfonamide-resistant dihydropteroate synthase Sul2,SULFONAMIDE,SULFONAMIDE
sul2,sulfonamide-resistant dihydropteroate synthase Sul2,SULFONAMIDE,SULFONAMIDE
sul2,sulfonamide-resistant dihydropteroate synthase Sul2,SULFONAMIDE,SULFONAMIDE
sul2,sulfonamide-resistant dihydropteroate synthase Sul2,SULFONAMIDE,SULFONAMIDE
sul2,sulfonamide-resistant dihydropteroate synthase Sul2,SULFONAMIDE,SULFONAMIDE
sul2,sulfonamide-resistant dihydropteroate synthase Sul2,SULFONAMIDE,SULFONAMIDE
sul2,sulfonamide-resistant dihydropteroate synthase Sul2,SULFONAMIDE,SULFONAMIDE
sul3,sulfonamide-resistant dihydropteroate synthase Sul3,SULFONAMIDE,SULFONAMIDE
sul4,sulfonamide-resistant dihydropteroate synthase Sul4,SULFONAMIDE,SULFONAMIDE
sulR,flavin reductase SulR,SULFONAMIDE,SULFONAMIDE
sulX,sulfonamide monooxygenase SulX,SULFONAMIDE,SULFONAMIDE
taeA,ABC-F type ribosomal protection protein TaeA,PLEUROMUTILIN,TIAMULIN
tbtA,multidrug efflux RND transporter periplasmic adaptor subunit TbtA,EFFLUX,EFFLUX
tbtB,multidrug efflux RND transporter permease subunit TbtB,EFFLUX,EFFLUX
tbtM,multidrug efflux RND transporter outer membrane channel subunit TbtM,EFFLUX,EFFLUX
tbtR,tribuytltin resistance regulator TbtR,EFFLUX,EFFLUX
tcaC,Tc family toxin subunit TcaC,,
tcbA,Tc family toxin subunit TcbA,,
tccC,Tc family toxin RHS repeat subunit TccC,,
tccP,Tir-cytoskeleton coupling protein TccP2,,
tccP,Tir-cytoskeleton coupling protein TccP,,
tccP,Tir-cytoskeleton coupling protein TccP2,,
tccP,Tir-cytoskeleton coupling protein TccP2,,
tccP,Tir-cytoskeleton coupling protein TccP2,,
tccP,Tir-cytoskeleton coupling protein TccP,,
tccP,Tir-cytoskeleton coupling protein TccP2,,
tccP,Tir-cytoskeleton coupling protein TccP2,,
tccP,Tir-cytoskeleton coupling protein TccP2,,
tccP,Tir-cytoskeleton coupling protein TccP2,,
tccP,Tir-cytoskeleton coupling protein TccP2,,
tccP,Tir-cytoskeleton coupling protein TccP,,
tccP,Tir-cytoskeleton coupling protein TccP,,
tccP,Tir-cytoskeleton coupling protein TccP2,,
tccP,Tir-cytoskeleton coupling protein TccP2,,
tccP,Tir-cytoskeleton coupling protein TccP2,,
tccP,Tir-cytoskeleton coupling protein TccP2,,
tccP,Tir-cytoskeleton coupling protein TccP,,
tccP,Tir-cytoskeleton coupling protein TccP2,,
tccP,Tir-cytoskeleton coupling protein TccP,,
tccP,Tir-cytoskeleton coupling protein TccP2,,
tccP,Tir-cytoskeleton coupling protein TccP2,,
tccP,Tir-cytoskeleton coupling protein TccP2,,
tccP,Tir-cytoskeleton coupling protein TccP2,,
tccP,Tir-cytoskeleton coupling protein TccP2,,
tccP,Tir-cytoskeleton coupling protein TccP2,,
tccP,Tir-cytoskeleton coupling protein TccP2,,
tccP,Tir-cytoskeleton coupling protein TccP2,,
tccP,Tir-cytoskeleton coupling protein TccP2,,
tccP,Tir-cytoskeleton coupling protein TccP2,,
tcdA,glycosylating toxin TcdA,,
tcdB,glycosylating toxin TcdB,,
tcdC,glycosylating toxin anti-sigma factor TcdC,,
tcdE,holin-like glycosylating toxin export protein TcdE,,
tcdR,glycosylating toxin sigma factor TcdR,,
tcmA,tetracenomycin C efflux MFS transporter,TETRACENOMYCIN,TETRACENOMYCIN
tcr3,tetracycline efflux MFS transporter Tcr3,TETRACYCLINE,TETRACYCLINE
tcrB,copper-translocating P-type ATPase TcrB,COPPER,COPPER
tdh,thermostable direct hemolysin TDH,,
terB,tellurium resistance membrane protein TerB,TELLURIUM,TELLURIUM
terC,tellurium resistance membrane protein TerC,TELLURIUM,TELLURIUM
terD,tellurium resistance membrane protein TerD,TELLURIUM,TELLURIUM
terE,tellurium resistance cAMP binding protein TerE,TELLURIUM,TELLURIUM
terW,tellurium resistance protein TerW,TELLURIUM,TELLURIUM
terZ,tellurium resistance-associated protein TerZ,TELLURIUM,TELLURIUM
terZ,tellurium resistance-associated protein TerZ,TELLURIUM,TELLURIUM
tet(30),tetracycline efflux MFS transporter Tet(30),TETRACYCLINE,TETRACYCLINE
tet(31),tetracycline efflux MFS transporter Tet(31),TETRACYCLINE,TETRACYCLINE
tet(32),tetracycline resistance ribosomal protection protein Tet(32),TETRACYCLINE,TETRACYCLINE
tet(32),tetracycline resistance ribosomal protection protein Tet(32),TETRACYCLINE,TETRACYCLINE
tet(33),tetracycline efflux MFS transporter Tet(33),TETRACYCLINE,TETRACYCLINE
tet(33),tetracycline efflux MFS transporter Tet(33),TETRACYCLINE,TETRACYCLINE
tet(34),oxytetracycline resistance phosphoribosyltransferase domain-containing protein Tet(34),TETRACYCLINE,TETRACYCLINE
tet(35),tetracycline efflux Na+/H+ antiporter family transporter Tet(35),TETRACYCLINE,TETRACYCLINE
tet(36),tetracycline resistance ribosomal protection protein Tet(36),TETRACYCLINE,TETRACYCLINE
tet(37),tetracycline resistance NADPH-dependent oxidoreductase Tet(37),TETRACYCLINE,TETRACYCLINE
tet(38),tetracycline efflux MFS transporter Tet(38),TETRACYCLINE,TETRACYCLINE
tet(38),tetracycline efflux MFS transporter Tet(38),TETRACYCLINE,TETRACYCLINE
tet(38),tetracycline efflux MFS transporter Tet(38),TETRACYCLINE,TETRACYCLINE
tet(38),tetracycline efflux MFS transporter Tet(38),TETRACYCLINE,TETRACYCLINE
tet(38),tetracycline efflux MFS transporter Tet(38),TETRACYCLINE,TETRACYCLINE
tet(38),tetracycline efflux MFS transporter Tet(38),TETRACYCLINE,TETRACYCLINE
tet(39),tetracycline efflux MFS transporter Tet(39),TETRACYCLINE,TETRACYCLINE
tet(40),tetracycline efflux MFS transporter Tet(40),TETRACYCLINE,TETRACYCLINE
tet(40),tetracycline efflux MFS transporter Tet(40),TETRACYCLINE,TETRACYCLINE
tet(40),tetracycline efflux MFS transporter Tet(40),TETRACYCLINE,TETRACYCLINE
tet(40),tetracycline efflux MFS transporter Tet(40),TETRACYCLINE,TETRACYCLINE
tet(41),tetracycline efflux MFS transporter Tet(41),TETRACYCLINE,TETRACYCLINE
tet(42),tetracycline efflux MFS transporter Tet(42),TETRACYCLINE,TETRACYCLINE
tet(44),tetracycline resistance ribosomal protection protein Tet(44),TETRACYCLINE,TETRACYCLINE
tet(44),tetracycline resistance ribosomal protection protein Tet(44),TETRACYCLINE,TETRACYCLINE
tet(45),tetracycline efflux MFS transporter Tet(45),TETRACYCLINE,TETRACYCLINE
tet(47),tetracycline destructase Tet(47),TETRACYCLINE,TETRACYCLINE
tet(48),tetracycline destructase Tet(48),TETRACYCLINE,TETRACYCLINE
tet(49),tetracycline destructase Tet(49),TETRACYCLINE,TETRACYCLINE
tet(50),tetracycline destructase Tet(50),TETRACYCLINE,TETRACYCLINE
tet(51),tetracycline destructase Tet(51),TETRACYCLINE,TETRACYCLINE
tet(52),tetracycline destructase Tet(52),TETRACYCLINE,TETRACYCLINE
tet(53),tetracycline destructase Tet(53),TETRACYCLINE,TETRACYCLINE
tet(54),tetracycline destructase Tet(54),TETRACYCLINE,TETRACYCLINE
tet(55),tetracycline destructase Tet(55),TETRACYCLINE,TETRACYCLINE
tet(56),tetracycline destructase Tet(56),TETRACYCLINE,TETRACYCLINE
tet(57),tetracycline efflux MFS transporter Tet(57),TETRACYCLINE,TETRACYCLINE
tet(59),tetracycline efflux MFS transporter Tet(59),TETRACYCLINE,TETRACYCLINE
tet(59),tetracycline efflux MFS transporter Tet(59),TETRACYCLINE,TETRACYCLINE
tet(62),tetracycline efflux MFS transporter Tet(62),TETRACYCLINE,TETRACYCLINE
tet(63),tetracycline efflux MFS transporter Tet(63),TETRACYCLINE,TETRACYCLINE
tet(64),tetracycline efflux MFS transporter Tet(64),TETRACYCLINE,TETRACYCLINE
tet(65),tetracycline efflux MFS transporter Tet(65),TETRACYCLINE,TETRACYCLINE
tet(A),tetracycline efflux MFS transporter Tet(A),TETRACYCLINE,TETRACYCLINE
tet(A),tetracycline efflux MFS transporter Tet(A),TETRACYCLINE,TETRACYCLINE
tet(A),tetracycline efflux MFS transporter Tet(A),TETRACYCLINE,TETRACYCLINE
tet(A),tetracycline efflux MFS transporter Tet(A),TETRACYCLINE,TETRACYCLINE
tet(A),tetracycline efflux MFS transporter Tet(A),TETRACYCLINE,TETRACYCLINE
tet(A),tetracycline efflux MFS transporter Tet(A),TETRACYCLINE,TETRACYCLINE
tet(A),tetracycline efflux MFS transporter Tet(A),TETRACYCLINE,TETRACYCLINE
tet(A),tetracycline efflux MFS transporter Tet(A),TETRACYCLINE,TETRACYCLINE
tet(A),tetracycline efflux MFS transporter Tet(A),TETRACYCLINE,TETRACYCLINE
tet(A),tetracycline efflux MFS transporter Tet(A),TETRACYCLINE,TETRACYCLINE
tet(A),tetracycline efflux MFS transporter Tet(A),TETRACYCLINE,TETRACYCLINE
tet(B),tetracycline efflux MFS transporter Tet(B),TETRACYCLINE,TETRACYCLINE
tet(B),tetracycline efflux MFS transporter Tet(B),TETRACYCLINE,TETRACYCLINE
tet(B),tetracycline efflux MFS transporter Tet(B),TETRACYCLINE,TETRACYCLINE
tet(B),tetracycline efflux MFS transporter Tet(B),TETRACYCLINE,TETRACYCLINE
tet(B),tetracycline efflux MFS transporter Tet(B),TETRACYCLINE,TETRACYCLINE
tet(B),tetracycline efflux MFS transporter Tet(B),TETRACYCLINE,TETRACYCLINE
tet(B),tetracycline efflux MFS transporter Tet(B),TETRACYCLINE,TETRACYCLINE
tet(B),tetracycline efflux MFS transporter Tet(B),TETRACYCLINE,TETRACYCLINE
tet(B),tetracycline efflux MFS transporter Tet(B),TETRACYCLINE,TETRACYCLINE
tet(B),tetracycline efflux MFS transporter Tet(B),TETRACYCLINE,TETRACYCLINE
tet(B),tetracycline efflux MFS transporter Tet(B),TETRACYCLINE,TETRACYCLINE
tet(B),tetracycline efflux MFS transporter Tet(B),TETRACYCLINE,TETRACYCLINE
tet(B),tetracycline efflux MFS transporter Tet(B),TETRACYCLINE,TETRACYCLINE
tet(B),tetracycline efflux MFS transporter Tet(B),TETRACYCLINE,TETRACYCLINE
tet(C),tetracycline efflux MFS transporter Tet(C),TETRACYCLINE,TETRACYCLINE
tet(C),tetracycline efflux MFS transporter Tet(C),TETRACYCLINE,TETRACYCLINE
tet(C),tetracycline efflux MFS transporter Tet(C),TETRACYCLINE,TETRACYCLINE
tet(C),tetracycline efflux MFS transporter Tet(C),TETRACYCLINE,TETRACYCLINE
tet(C),tetracycline efflux MFS transporter Tet(C),TETRACYCLINE,TETRACYCLINE
tet(C),tetracycline efflux MFS transporter Tet(C),TETRACYCLINE,TETRACYCLINE
tet(C),tetracycline efflux MFS transporter Tet(C),TETRACYCLINE,TETRACYCLINE
tet(C),tetracycline efflux MFS transporter Tet(C),TETRACYCLINE,TETRACYCLINE
tet(D),tetracycline efflux MFS transporter Tet(D),TETRACYCLINE,TETRACYCLINE
tet(D),tetracycline efflux MFS transporter Tet(D),TETRACYCLINE,TETRACYCLINE
tet(D),tetracycline efflux MFS transporter Tet(D),TETRACYCLINE,TETRACYCLINE
tet(D),tetracycline efflux MFS transporter Tet(D),TETRACYCLINE,TETRACYCLINE
tet(E),tetracycline efflux MFS transporter Tet(E),TETRACYCLINE,TETRACYCLINE
tet(E),tetracycline efflux MFS transporter Tet(E),TETRACYCLINE,TETRACYCLINE
tet(E),tetracycline efflux MFS transporter Tet(E),TETRACYCLINE,TETRACYCLINE
tet(G),tetracycline efflux MFS transporter Tet(G),TETRACYCLINE,TETRACYCLINE
tet(G),tetracycline efflux MFS transporter Tet(G),TETRACYCLINE,TETRACYCLINE
tet(G),tetracycline efflux MFS transporter Tet(G),TETRACYCLINE,TETRACYCLINE
tet(G),tetracycline efflux MFS transporter Tet(G),TETRACYCLINE,TETRACYCLINE
tet(H),tetracycline efflux MFS transporter Tet(H),TETRACYCLINE,TETRACYCLINE
tet(H),tetracycline efflux MFS transporter Tet(H),TETRACYCLINE,TETRACYCLINE
tet(H),tetracycline efflux MFS transporter Tet(H),TETRACYCLINE,TETRACYCLINE
tet(H),tetracycline efflux MFS transporter Tet(H),TETRACYCLINE,TETRACYCLINE
tet(H),tetracycline efflux MFS transporter Tet(H),TETRACYCLINE,TETRACYCLINE
tet(J),tetracycline efflux MFS transporter Tet(J),TETRACYCLINE,TETRACYCLINE
tet(J),tetracycline efflux MFS transporter Tet(J),TETRACYCLINE,TETRACYCLINE
tet(K),tetracycline efflux MFS transporter Tet(K),TETRACYCLINE,TETRACYCLINE
tet(K),tetracycline efflux MFS transporter Tet(K),TETRACYCLINE,TETRACYCLINE
tet(L),tetracycline efflux MFS transporter Tet(L),TETRACYCLINE,TETRACYCLINE
tet(L),tetracycline efflux MFS transporter Tet(L),TETRACYCLINE,TETRACYCLINE
tet(L),tetracycline efflux MFS transporter Tet(L),TETRACYCLINE,TETRACYCLINE
tet(L),tetracycline efflux MFS transporter Tet(L),TETRACYCLINE,TETRACYCLINE
tet(L),tetracycline efflux MFS transporter Tet(L),TETRACYCLINE,TETRACYCLINE
tet(L),tetracycline efflux MFS transporter Tet(L),TETRACYCLINE,TETRACYCLINE
tet(L),tetracycline efflux MFS transporter Tet(L),TETRACYCLINE,TETRACYCLINE
tet(L),tetracycline efflux MFS transporter Tet(L),TETRACYCLINE,TETRACYCLINE
tet(L),tetracycline efflux MFS transporter Tet(L),TETRACYCLINE,TETRACYCLINE
tet(L),tetracycline efflux MFS transporter Tet(L),TETRACYCLINE,TETRACYCLINE
tet(M),tetracycline resistance ribosomal protection protein Tet(M),TETRACYCLINE,TETRACYCLINE
tet(M),tetracycline resistance ribosomal protection protein Tet(M),TETRACYCLINE,TETRACYCLINE
tet(M),tetracycline resistance ribosomal protection protein Tet(M),TETRACYCLINE,TETRACYCLINE
tet(M),tetracycline resistance ribosomal protection protein Tet(M),TETRACYCLINE,TETRACYCLINE
tet(M),tetracycline resistance ribosomal protection protein Tet(M),TETRACYCLINE,TETRACYCLINE
tet(M),tetracycline resistance ribosomal protection protein Tet(M),TETRACYCLINE,TETRACYCLINE
tet(M),tetracycline resistance ribosomal protection protein Tet(M),TETRACYCLINE,TETRACYCLINE
tet(M),tetracycline resistance ribosomal protection protein Tet(M),TETRACYCLINE,TETRACYCLINE
tet(M),tetracycline resistance ribosomal protection protein Tet(M),TETRACYCLINE,TETRACYCLINE
tet(M),tetracycline resistance ribosomal protection protein Tet(M),TETRACYCLINE,TETRACYCLINE
tet(M),tetracycline resistance ribosomal protection protein Tet(M),TETRACYCLINE,TETRACYCLINE
tet(M),tetracycline resistance ribosomal protection protein Tet(M),TETRACYCLINE,TETRACYCLINE
tet(M),tetracycline resistance ribosomal protection protein Tet(M),TETRACYCLINE,TETRACYCLINE
tet(M),tetracycline resistance ribosomal protection protein Tet(M),TETRACYCLINE,TETRACYCLINE
tet(M),tetracycline resistance ribosomal protection protein Tet(M),TETRACYCLINE,TETRACYCLINE
tet(M),tetracycline resistance ribosomal protection protein Tet(M),TETRACYCLINE,TETRACYCLINE
tet(M),tetracycline resistance ribosomal protection protein Tet(M),TETRACYCLINE,TETRACYCLINE
tet(M),tetracycline resistance ribosomal protection protein Tet(M),TETRACYCLINE,TETRACYCLINE
tet(M),tetracycline resistance ribosomal protection protein Tet(M),TETRACYCLINE,TETRACYCLINE
tet(M),tetracycline resistance ribosomal protection protein Tet(M),TETRACYCLINE,TETRACYCLINE
tet(M),tetracycline resistance ribosomal protection protein Tet(M),TETRACYCLINE,TETRACYCLINE
tet(M),tetracycline resistance ribosomal protection protein Tet(M),TETRACYCLINE,TETRACYCLINE
tet(M),tetracycline resistance ribosomal protection protein Tet(M),TETRACYCLINE,TETRACYCLINE
tet(M),tetracycline resistance ribosomal protection protein Tet(M),TETRACYCLINE,TETRACYCLINE
tet(M),tetracycline resistance ribosomal protection protein Tet(M),TETRACYCLINE,TETRACYCLINE
tet(M),tetracycline resistance ribosomal protection protein Tet(M),TETRACYCLINE,TETRACYCLINE
tet(M),tetracycline resistance ribosomal protection protein Tet(M),TETRACYCLINE,TETRACYCLINE
tet(M),tetracycline resistance ribosomal protection protein Tet(M),TETRACYCLINE,TETRACYCLINE
tet(M),tetracycline resistance ribosomal protection protein Tet(M),TETRACYCLINE,TETRACYCLINE
tet(M),tetracycline resistance ribosomal protection protein Tet(M),TETRACYCLINE,TETRACYCLINE
tet(M),tetracycline resistance ribosomal protection protein Tet(M),TETRACYCLINE,TETRACYCLINE
tet(M),tetracycline resistance ribosomal protection protein Tet(M),TETRACYCLINE,TETRACYCLINE
tet(M),tetracycline resistance ribosomal protection protein Tet(M),TETRACYCLINE,TETRACYCLINE
tet(M),tetracycline resistance ribosomal protection protein Tet(M),TETRACYCLINE,TETRACYCLINE
tet(M),tetracycline resistance ribosomal protection protein Tet(M),TETRACYCLINE,TETRACYCLINE
tet(M),tetracycline resistance ribosomal protection protein Tet(M),TETRACYCLINE,TETRACYCLINE
tet(M),tetracycline resistance ribosomal protection protein Tet(M),TETRACYCLINE,TETRACYCLINE
tet(M),tetracycline resistance ribosomal protection protein Tet(M),TETRACYCLINE,TETRACYCLINE
tet(M),tetracycline resistance ribosomal protection protein Tet(M),TETRACYCLINE,TETRACYCLINE
tet(M),tetracycline resistance ribosomal protection protein Tet(M),TETRACYCLINE,TETRACYCLINE
tet(M),tetracycline resistance ribosomal protection protein Tet(M),TETRACYCLINE,TETRACYCLINE
tet(M),tetracycline resistance ribosomal protection protein Tet(M),TETRACYCLINE,TETRACYCLINE
tet(O),tetracycline resistance ribosomal protection protein Tet(O),TETRACYCLINE,TETRACYCLINE
tet(O),tetracycline resistance ribosomal protection protein Tet(O),TETRACYCLINE,TETRACYCLINE
tet(O),tetracycline resistance ribosomal protection protein Tet(O),TETRACYCLINE,TETRACYCLINE
tet(O),tetracycline resistance ribosomal protection protein Tet(O),TETRACYCLINE,TETRACYCLINE
tet(O),tetracycline resistance ribosomal protection protein Tet(O),TETRACYCLINE,TETRACYCLINE
tet(O),tetracycline resistance ribosomal protection protein Tet(O),TETRACYCLINE,TETRACYCLINE
tet(O),tetracycline resistance ribosomal protection protein Tet(O),TETRACYCLINE,TETRACYCLINE
tet(O),tetracycline resistance ribosomal protection protein Tet(O),TETRACYCLINE,TETRACYCLINE
tet(O),tetracycline resistance ribosomal protection protein Tet(O),TETRACYCLINE,TETRACYCLINE
tet(O),tetracycline resistance ribosomal protection protein Tet(O),TETRACYCLINE,TETRACYCLINE
tet(O),tetracycline resistance ribosomal protection protein Tet(O),TETRACYCLINE,TETRACYCLINE
tet(O),tetracycline resistance ribosomal protection protein Tet(O),TETRACYCLINE,TETRACYCLINE
tet(O),tetracycline resistance ribosomal protection protein Tet(O),TETRACYCLINE,TETRACYCLINE
tet(O/32/O),tetracycline resistance ribosomal protection mosaic protein Tet(O/32/O),TETRACYCLINE,TETRACYCLINE
tet(O/M/O),tetracycline resistance ribosomal protection mosaic protein Tet(O/M/O),TETRACYCLINE,TETRACYCLINE
tet(O/W),tetracycline resistance ribosomal protection mosaic protein Tet(O/W),TETRACYCLINE,TETRACYCLINE
tet(O/W/32/O),tetracycline resistance ribosomal protection mosaic protein Tet(O/W/32/O),TETRACYCLINE,TETRACYCLINE
tet(O/W/32/O),tetracycline resistance ribosomal protection mosaic protein Tet(O/W/32/O),TETRACYCLINE,TETRACYCLINE
tet(O/W/32/O),tetracycline resistance ribosomal protection mosaic protein Tet(O/W/32/O),TETRACYCLINE,TETRACYCLINE
tet(O/W/O),tetracycline resistance ribosomal protection mosaic protein Tet(O/W/O),TETRACYCLINE,TETRACYCLINE
tet(O/W/O),tetracycline resistance ribosomal protection mosaic protein Tet(O/W/O),TETRACYCLINE,TETRACYCLINE
tet(Q),tetracycline resistance ribosomal protection protein Tet(Q),TETRACYCLINE,TETRACYCLINE
tet(Q),tetracycline resistance ribosomal protection protein Tet(Q),TETRACYCLINE,TETRACYCLINE
tet(Q),tetracycline resistance ribosomal protection protein Tet(Q),TETRACYCLINE,TETRACYCLINE
tet(Q),tetracycline resistance ribosomal protection protein Tet(Q),TETRACYCLINE,TETRACYCLINE
tet(Q),tetracycline resistance ribosomal protection protein Tet(Q),TETRACYCLINE,TETRACYCLINE
tet(S),tetracycline resistance ribosomal protection protein Tet(S),TETRACYCLINE,TETRACYCLINE
tet(S),tetracycline resistance ribosomal protection protein Tet(S),TETRACYCLINE,TETRACYCLINE
tet(S),tetracycline resistance ribosomal protection protein Tet(S),TETRACYCLINE,TETRACYCLINE
tet(T),tetracycline resistance ribosomal protection protein Tet(T),TETRACYCLINE,TETRACYCLINE
tet(T),tetracycline resistance ribosomal protection protein Tet(T),TETRACYCLINE,TETRACYCLINE
tet(V),tetracycline efflux MFS transporter Tet(V),TETRACYCLINE,TETRACYCLINE
tet(W),tetracycline resistance ribosomal protection protein Tet(W),TETRACYCLINE,TETRACYCLINE
tet(W),tetracycline resistance ribosomal protection protein Tet(W),TETRACYCLINE,TETRACYCLINE
tet(W),tetracycline resistance ribosomal protection protein Tet(W),TETRACYCLINE,TETRACYCLINE
tet(W),tetracycline resistance ribosomal protection protein Tet(W),TETRACYCLINE,TETRACYCLINE
tet(W),tetracycline resistance ribosomal protection protein Tet(W),TETRACYCLINE,TETRACYCLINE
tet(W),tetracycline resistance ribosomal protection protein Tet(W),TETRACYCLINE,TETRACYCLINE
tet(W),tetracycline resistance ribosomal protection protein Tet(W),TETRACYCLINE,TETRACYCLINE
tet(W),tetracycline resistance ribosomal protection protein Tet(W),TETRACYCLINE,TETRACYCLINE
tet(W),tetracycline resistance ribosomal protection protein Tet(W),TETRACYCLINE,TETRACYCLINE
tet(W),tetracycline resistance ribosomal protection protein Tet(W),TETRACYCLINE,TETRACYCLINE
tet(W),tetracycline resistance ribosomal protection protein Tet(W),TETRACYCLINE,TETRACYCLINE
tet(W),tetracycline resistance ribosomal protection protein Tet(W),TETRACYCLINE,TETRACYCLINE
tet(W),tetracycline resistance ribosomal protection protein Tet(W),TETRACYCLINE,TETRACYCLINE
tet(W),tetracycline resistance ribosomal protection protein Tet(W),TETRACYCLINE,TETRACYCLINE
tet(W),tetracycline resistance ribosomal protection protein Tet(W),TETRACYCLINE,TETRACYCLINE
tet(W),tetracycline resistance ribosomal protection protein Tet(W),TETRACYCLINE,TETRACYCLINE
tet(W),tetracycline resistance ribosomal protection protein Tet(W),TETRACYCLINE,TETRACYCLINE
tet(W),tetracycline resistance ribosomal protection protein Tet(W),TETRACYCLINE,TETRACYCLINE
tet(W),tetracycline resistance ribosomal protection protein Tet(W),TETRACYCLINE,TETRACYCLINE
tet(W/32/O),tetracycline resistance ribosomal protection mosaic protein Tet(W/32/O),TETRACYCLINE,TETRACYCLINE
tet(W/N/W),tetracycline resistance ribosomal protection mosaic protein Tet(W/N/W),TETRACYCLINE,TETRACYCLINE
tet(W/N/W),tetracycline resistance ribosomal protection mosaic protein Tet(W/N/W),TETRACYCLINE,TETRACYCLINE
tet(X1),tetracycline-inactivating monooxygenase Tet(X1),TETRACYCLINE,TETRACYCLINE
tet(X2),tetracycline-inactivating monooxygenase Tet(X2),TETRACYCLINE,TIGECYCLINE
tet(X2),tetracycline-inactivating monooxygenase Tet(X2),TETRACYCLINE,TIGECYCLINE
tet(X2),tetracycline-inactivating monooxygenase Tet(X2),TETRACYCLINE,TIGECYCLINE
tet(X3),tetracycline-inactivating monooxygenase Tet(X3),TETRACYCLINE,TIGECYCLINE
tet(X3),tetracycline-inactivating monooxygenase Tet(X3),TETRACYCLINE,TIGECYCLINE
tet(X4),tetracycline-inactivating monooxygenase Tet(X4),TETRACYCLINE,TIGECYCLINE
tet(X5),tetracycline-inactivating monooxygenase Tet(X5),TETRACYCLINE,TIGECYCLINE
tet(X5),tetracycline-inactivating monooxygenase Tet(X5),TETRACYCLINE,TIGECYCLINE
tet(Y),tetracycline efflux MFS transporter Tet(Y),TETRACYCLINE,TETRACYCLINE
tet(Y),tetracycline efflux MFS transporter Tet(Y),TETRACYCLINE,TETRACYCLINE
tet(Z),tetracycline efflux MFS transporter Tet(Z),TETRACYCLINE,TETRACYCLINE
tetA(46),tetracycline efflux ABC transporter Tet(46) subunit A,TETRACYCLINE,TETRACYCLINE
tetA(58),tetracycline efflux ABC transporter Tet(58) subunit A,TETRACYCLINE,TETRACYCLINE
tetA(60),tetracycline efflux ABC transporter Tet(60) subunit A,TETRACYCLINE,TETRACYCLINE
tetA(60),tetracycline efflux ABC transporter Tet(60) subunit A,TETRACYCLINE,TETRACYCLINE
tetA(P),tetracycline efflux MFS transporter TetA(P),TETRACYCLINE,TETRACYCLINE
tetA(P),tetracycline efflux MFS transporter TetA(P),TETRACYCLINE,TETRACYCLINE
tetA(P),tetracycline efflux MFS transporter TetA(P),TETRACYCLINE,TETRACYCLINE
tetA,tetracycline efflux ABC transporter TetAB subunit A,TETRACYCLINE,TETRACYCLINE
tetB(46),tetracycline efflux ABC transporter Tet(46) subunit B,TETRACYCLINE,TETRACYCLINE
tetB(58),tetracycline efflux ABC transporter Tet(58) subunit B,TETRACYCLINE,TETRACYCLINE
tetB(60),tetracycline efflux ABC transporter Tet(60) subunit B,TETRACYCLINE,TETRACYCLINE
tetB(60),tetracycline efflux ABC transporter Tet(60) subunit B,TETRACYCLINE,TETRACYCLINE
tetB(P),tetracycline resistance ribosomal protection protein TetB(P),TETRACYCLINE,TETRACYCLINE
tetB,tetracycline efflux ABC transporter TetAB subunit B,TETRACYCLINE,TETRACYCLINE
thfT,reduced folate ECF transporter S component ThfT,SULFONAMIDE,SULFONAMIDE
tir,type III secretion system LEE translocated intimin receptor Tir,,
tir,type III secretion system LEE translocated intimin receptor Tir,,
tir,type III secretion system LEE translocated intimin receptor Tir,,
tir,type III secretion system LEE translocated intimin receptor Tir,,
tir,type III secretion system LEE translocated intimin receptor Tir,,
tir,type III secretion system LEE translocated intimin receptor Tir,,
tir,type III secretion system LEE translocated intimin receptor Tir,,
tir,type III secretion system LEE translocated intimin receptor Tir,,
tir,type III secretion system LEE translocated intimin receptor Tir,,
tir,type III secretion system LEE translocated intimin receptor Tir,,
tir,type III secretion system LEE translocated intimin receptor Tir,,
tir,type III secretion system LEE translocated intimin receptor Tir,,
tir,type III secretion system LEE translocated intimin receptor Tir,,
tir,type III secretion system LEE translocated intimin receptor Tir,,
tir,type III secretion system LEE translocated intimin receptor Tir,,
tir,type III secretion system LEE translocated intimin receptor Tir,,
tir,type III secretion system LEE translocated intimin receptor Tir,,
tir,type III secretion system LEE translocated intimin receptor Tir,,
tir,type III secretion system LEE translocated intimin receptor Tir,,
tir,type III secretion system LEE translocated intimin receptor Tir,,
tir,type III secretion system LEE translocated intimin receptor Tir,,
tir,type III secretion system LEE translocated intimin receptor Tir,,
tir,type III secretion system LEE translocated intimin receptor Tir,,
tir,type III secretion system LEE translocated intimin receptor Tir,,
tir,type III secretion system LEE translocated intimin receptor Tir,,
tir,type III secretion system LEE translocated intimin receptor Tir,,
tir,type III secretion system LEE translocated intimin receptor Tir,,
tir,type III secretion system LEE translocated intimin receptor Tir,,
tir,type III secretion system LEE translocated intimin receptor Tir,,
tir,type III secretion system LEE translocated intimin receptor Tir,,
tir,type III secretion system LEE translocated intimin receptor Tir,,
tlmB,bleomycin family antibiotic N-acetyltransferase TlmB,BLEOMYCIN,BLEOMYCIN
tlr(C),ABC-F type ribosomal protection protein Tlr(C),MACROLIDE,TYLOSIN
toxB,toxin B,,
toxB,toxin B,,
toxB,toxin B,,
toxB,toxin B,,
tox,diphtheria toxin Tox,,
tpeL,glycosylating toxin TpeL,,
trh1,TDH-related hemolysin TRH1,,
trh2,TDH-related hemolysin TRH2,,
trxLHR,heat resistance system thioredoxin Trx-GI,,
tsh,temperature-sensitive protease autotransporter hemagglutinin Tsh,,
tsh,temperature-sensitive protease autotransporter hemagglutinin Tsh,,
tsh,temperature-sensitive protease autotransporter hemagglutinin Tsh,,
tsnR,23S rRNA (adenine(1067)-N)-methyltransferase TsnR,THIOSTREPTON,THIOSTREPTON
tst,toxic shock syndrome toxin TSST-1,,
ttgA,toluene efflux RND transporter periplasmic adaptor subunit TtgA,EFFLUX,EFFLUX
ttgA,toluene efflux RND transporter periplasmic adaptor subunit TtgA,EFFLUX,EFFLUX
ttgB,multidrug efflux RND transporter permease subunit TtgB,EFFLUX,EFFLUX
ttgB,multidrug efflux RND transporter permease subunit TtgB,EFFLUX,EFFLUX
ttgD,toluene efflux RND transporter periplasmic adaptor subunit TtgD,EFFLUX,EFFLUX
ttgE,multidrug efflux RND transporter permease subunit TtgE,EFFLUX,EFFLUX
ttgI,solvent efflux RND transporter outer membrane subunit SrpC,EFFLUX,EFFLUX
ttgR,efflux transport transcriptional regulator TtgR,EFFLUX,EFFLUX
ttgT,efflux transport transcriptional regulator TtgT,EFFLUX,EFFLUX
tva(A),ABC-F type ribosomal protection protein Tva(A),PLEUROMUTILIN,TIAMULIN
tva(B),ABC-F type ribosomal protection protein Tva(B),PLEUROMUTILIN,TIAMULIN
vactox,vacuolating autotransporter toxin Vat,,
vactox,vacuolating autotransporter toxin Vat,,
vactox,vacuolating autotransporter toxin Vat,,
vactox,vacuolating autotransporter toxin Vat,,
vanA-Ao2,D-alanine--(R)-lactate ligase VanA-Ao2,GLYCOPEPTIDE,VANCOMYCIN
vanA-Pa,D-alanine--(R)-lactate ligase VanA-Pa,GLYCOPEPTIDE,VANCOMYCIN
vanA-Pt2,D-alanine--(R)-lactate ligase VanA-Pt2,GLYCOPEPTIDE,VANCOMYCIN
vanA-Pt,D-alanine--(R)-lactate ligase VanA-Pt,GLYCOPEPTIDE,VANCOMYCIN
vanA-Sc,D-alanine--(R)-lactate ligase VanA-Sc,GLYCOPEPTIDE,VANCOMYCIN
vanA,D-alanine--(R)-lactate ligase VanA,GLYCOPEPTIDE,VANCOMYCIN
vanA,D-alanine--(R)-lactate ligase VanA,GLYCOPEPTIDE,VANCOMYCIN
vanA,D-alanine--(R)-lactate ligase VanA,GLYCOPEPTIDE,VANCOMYCIN
vanB,D-alanine--(R)-lactate ligase VanB,GLYCOPEPTIDE,VANCOMYCIN
vanB,D-alanine--(R)-lactate ligase VanB,GLYCOPEPTIDE,VANCOMYCIN
vanB,D-alanine--(R)-lactate ligase VanB,GLYCOPEPTIDE,VANCOMYCIN
vanB,D-alanine--(R)-lactate ligase VanB,GLYCOPEPTIDE,VANCOMYCIN
vanB,D-alanine--(R)-lactate ligase VanB,GLYCOPEPTIDE,VANCOMYCIN
vanB,D-alanine--(R)-lactate ligase VanB,GLYCOPEPTIDE,VANCOMYCIN
vanB,D-alanine--(R)-lactate ligase VanB,GLYCOPEPTIDE,VANCOMYCIN
vanB,D-alanine--(R)-lactate ligase VanB,GLYCOPEPTIDE,VANCOMYCIN
vanB,D-alanine--(R)-lactate ligase VanB,GLYCOPEPTIDE,VANCOMYCIN
vanB,D-alanine--(R)-lactate ligase VanB,GLYCOPEPTIDE,VANCOMYCIN
vanB,D-alanine--(R)-lactate ligase VanB,GLYCOPEPTIDE,VANCOMYCIN
vanB,D-alanine--(R)-lactate ligase VanB,GLYCOPEPTIDE,VANCOMYCIN
vanC1,D-alanine--D-serine ligase VanC1,GLYCOPEPTIDE,VANCOMYCIN
vanC1,D-alanine--D-serine ligase VanC1,GLYCOPEPTIDE,VANCOMYCIN
vanC1,D-alanine--D-serine ligase VanC1,GLYCOPEPTIDE,VANCOMYCIN
vanC1,D-alanine--D-serine ligase VanC1,GLYCOPEPTIDE,VANCOMYCIN
vanC1,D-alanine--D-serine ligase VanC1,GLYCOPEPTIDE,VANCOMYCIN
vanC1,D-alanine--D-serine ligase VanC1,GLYCOPEPTIDE,VANCOMYCIN
vanC,D-alanine--D-serine ligase VanC2/3,GLYCOPEPTIDE,VANCOMYCIN
vanC,D-alanine--D-serine ligase VanC2/3,GLYCOPEPTIDE,VANCOMYCIN
vanC,D-alanine--D-serine ligase VanC2/3,GLYCOPEPTIDE,VANCOMYCIN
vanC,D-alanine--D-serine ligase VanC2/3,GLYCOPEPTIDE,VANCOMYCIN
vanC,D-alanine--D-serine ligase VanC2/3,GLYCOPEPTIDE,VANCOMYCIN
vanC,D-alanine--D-serine ligase VanC2/3,GLYCOPEPTIDE,VANCOMYCIN
vanC,D-alanine--D-serine ligase VanC2/3,GLYCOPEPTIDE,VANCOMYCIN
vanC,D-alanine--D-serine ligase VanC2/3,GLYCOPEPTIDE,VANCOMYCIN
vanC,D-alanine--D-serine ligase VanC2/3,GLYCOPEPTIDE,VANCOMYCIN
vanD,D-alanine--(R)-lactate ligase VanD,GLYCOPEPTIDE,VANCOMYCIN
vanD,D-alanine--(R)-lactate ligase VanD,GLYCOPEPTIDE,VANCOMYCIN
vanD,D-alanine--(R)-lactate ligase VanD,GLYCOPEPTIDE,VANCOMYCIN
vanD,D-alanine--(R)-lactate ligase VanD,GLYCOPEPTIDE,VANCOMYCIN
vanD,D-alanine--(R)-lactate ligase VanD,GLYCOPEPTIDE,VANCOMYCIN
vanD,D-alanine--(R)-lactate ligase VanD,GLYCOPEPTIDE,VANCOMYCIN
vanD,D-alanine--(R)-lactate ligase VanD,GLYCOPEPTIDE,VANCOMYCIN
vanD,D-alanine--(R)-lactate ligase VanD,GLYCOPEPTIDE,VANCOMYCIN
vanE,D-alanine--D-serine ligase VanE,GLYCOPEPTIDE,VANCOMYCIN
vanF,D-alanine--(R)-lactate ligase VanF,GLYCOPEPTIDE,VANCOMYCIN
vanG,D-alanine--D-serine ligase VanG,GLYCOPEPTIDE,VANCOMYCIN
vanG,D-alanine--D-serine ligase VanG,GLYCOPEPTIDE,VANCOMYCIN
vanG,D-alanine--D-serine ligase VanG2,GLYCOPEPTIDE,VANCOMYCIN
vanG,D-alanine--D-serine ligase VanG-Cd,GLYCOPEPTIDE,VANCOMYCIN
vanH-A,D-lactate dehydrogenase VanH-A,GLYCOPEPTIDE,VANCOMYCIN
vanH-A,D-lactate dehydrogenase VanH-A,GLYCOPEPTIDE,VANCOMYCIN
vanH-Ac1,D-lactate dehydrogenase VanH-Ac1,GLYCOPEPTIDE,VANCOMYCIN
vanH-Ao1,D-lactate dehydrogenase VanH-Ao1,GLYCOPEPTIDE,VANCOMYCIN
vanH-Ao2,D-lactate dehydrogenase VanH-Ao2,GLYCOPEPTIDE,VANCOMYCIN
vanH-B,D-lactate dehydrogenase VanH-B,GLYCOPEPTIDE,VANCOMYCIN
vanH-B,D-lactate dehydrogenase VanH-B,GLYCOPEPTIDE,VANCOMYCIN
vanH-B,D-lactate dehydrogenase VanH-B,GLYCOPEPTIDE,VANCOMYCIN
vanH-B,D-lactate dehydrogenase VanH-B,GLYCOPEPTIDE,VANCOMYCIN
vanH-B,D-lactate dehydrogenase VanH-B,GLYCOPEPTIDE,VANCOMYCIN
vanH-D,D-lactate dehydrogenase VanH-D,GLYCOPEPTIDE,VANCOMYCIN
vanH-D,D-lactate dehydrogenase VanH-D,GLYCOPEPTIDE,VANCOMYCIN
vanH-D,D-lactate dehydrogenase VanH-D,GLYCOPEPTIDE,VANCOMYCIN
vanH-D,D-lactate dehydrogenase VanH-D,GLYCOPEPTIDE,VANCOMYCIN
vanH-D,D-lactate dehydrogenase VanH-D,GLYCOPEPTIDE,VANCOMYCIN
vanH-D,D-lactate dehydrogenase VanH-D,GLYCOPEPTIDE,VANCOMYCIN
vanH-D,D-lactate dehydrogenase VanH-D,GLYCOPEPTIDE,VANCOMYCIN
vanH-F,D-lactate dehydrogenase VanH-F,GLYCOPEPTIDE,VANCOMYCIN
vanH-M,D-lactate dehydrogenase VanH-M,GLYCOPEPTIDE,VANCOMYCIN
vanH-O,D-lactate dehydrogenase VanH-O,GLYCOPEPTIDE,VANCOMYCIN
vanH-P,D-lactate dehydrogenase VanH-P,GLYCOPEPTIDE,VANCOMYCIN
vanH-Pt2,D-lactate dehydrogenase VanH-Pt2,GLYCOPEPTIDE,VANCOMYCIN
vanH-Pt,D-lactate dehydrogenase VanH-Pt,GLYCOPEPTIDE,VANCOMYCIN
vanH-Sc,D-lactate dehydrogenase VanH-Sc,GLYCOPEPTIDE,VANCOMYCIN
vanH,D-lactate dehydrogenase VanH,GLYCOPEPTIDE,VANCOMYCIN
vanI,D-alanine--(R)-lactate ligase VanI,GLYCOPEPTIDE,VANCOMYCIN
vanI,D-alanine--(R)-lactate ligase VanI,GLYCOPEPTIDE,VANCOMYCIN
vanI,D-alanine--(R)-lactate ligase VanI,GLYCOPEPTIDE,VANCOMYCIN
vanI,D-alanine--(R)-lactate ligase VanI,GLYCOPEPTIDE,VANCOMYCIN
vanJ,teicoplanin resistance protein VanJ,GLYCOPEPTIDE,VANCOMYCIN
vanK-I,peptidoglycan bridge formation peptidyltransferase VanK-I,GLYCOPEPTIDE,VANCOMYCIN
vanK-Sc,peptidoglycan bridge formation peptidyltransferase VanK-Sc,GLYCOPEPTIDE,VANCOMYCIN
vanL,D-alanine--D-serine ligase VanL,GLYCOPEPTIDE,VANCOMYCIN
vanM,D-alanine--(R)-lactate ligase VanM,GLYCOPEPTIDE,VANCOMYCIN
vanN,D-alanine--D-serine ligase VanN,GLYCOPEPTIDE,VANCOMYCIN
vanO,D-alanine--(R)-lactate ligase VanO,GLYCOPEPTIDE,VANCOMYCIN
vanP,putative D-alanine--(R)-lactate ligase VanP,GLYCOPEPTIDE,VANCOMYCIN
vanR-A,vancomycin resistance response regulator transcription factor VanR-A,GLYCOPEPTIDE,VANCOMYCIN
vanR-A,vancomycin resistance response regulator transcription factor VanR-A,GLYCOPEPTIDE,VANCOMYCIN
vanR-A,vancomycin resistance response regulator transcription factor VanR-A,GLYCOPEPTIDE,VANCOMYCIN
vanR-A,vancomycin resistance response regulator transcription factor VanR-A,GLYCOPEPTIDE,VANCOMYCIN
vanR-B,vancomycin resistance response regulator transcription factor VanR-B,GLYCOPEPTIDE,VANCOMYCIN
vanR-B,vancomycin resistance response regulator transcription factor VanR-B,GLYCOPEPTIDE,VANCOMYCIN
vanR-B,vancomycin resistance response regulator transcription factor VanR-B,GLYCOPEPTIDE,VANCOMYCIN
vanR-B,vancomycin resistance response regulator transcription factor VanR-B,GLYCOPEPTIDE,VANCOMYCIN
vanR-B,vancomycin resistance response regulator transcription factor VanR-B,GLYCOPEPTIDE,VANCOMYCIN
vanR-C,vancomycin resistance response regulator transcription factor VanR-C,GLYCOPEPTIDE,VANCOMYCIN
vanR-C,vancomycin resistance response regulator transcription factor VanR-C,GLYCOPEPTIDE,VANCOMYCIN
vanR-C,vancomycin resistance response regulator transcription factor VanR-C,GLYCOPEPTIDE,VANCOMYCIN
vanR-C,vancomycin resistance response regulator transcription factor VanR-C,GLYCOPEPTIDE,VANCOMYCIN
vanR-Cd,vancomycin resistance response regulator transcription factor VanR-G-Cd,GLYCOPEPTIDE,VANCOMYCIN
vanR-D,vancomycin resistance response regulator transcription factor VanR-D,GLYCOPEPTIDE,VANCOMYCIN
vanR-D,vancomycin resistance response regulator transcription factor VanR-D,GLYCOPEPTIDE,VANCOMYCIN
vanR-D,vancomycin resistance response regulator transcription factor VanR-D,GLYCOPEPTIDE,VANCOMYCIN
vanR-D,vancomycin resistance response regulator transcription factor VanR-D,GLYCOPEPTIDE,VANCOMYCIN
vanR-D,vancomycin resistance response regulator transcription factor VanR-D,GLYCOPEPTIDE,VANCOMYCIN
vanR-D,vancomycin resistance response regulator transcription factor VanR-D,GLYCOPEPTIDE,VANCOMYCIN
vanR-E,vancomycin resistance response regulator transcription factor VanR-E,GLYCOPEPTIDE,VANCOMYCIN
vanR-F,vancomycin resistance response regulator transcription factor VanR-F,GLYCOPEPTIDE,VANCOMYCIN
vanR-G,vancomycin resistance response regulator transcription factor VanR-G,GLYCOPEPTIDE,VANCOMYCIN
vanR-I,vancomycin resistance response regulator transcription factor VanR-I,GLYCOPEPTIDE,VANCOMYCIN
vanR-L,vancomycin resistance response regulator transcription factor VanR-L,GLYCOPEPTIDE,VANCOMYCIN
vanR-M,vancomycin resistance response regulator transcription factor VanR-M,GLYCOPEPTIDE,VANCOMYCIN
vanR-N,vancomycin resistance response regulator transcription factor VanR-N,GLYCOPEPTIDE,VANCOMYCIN
vanR-O,vancomycin resistance response regulator transcription factor VanR-O,GLYCOPEPTIDE,VANCOMYCIN
vanR-P,vancomycin resistance response regulator transcription factor VanR-P,GLYCOPEPTIDE,VANCOMYCIN
vanR-Sc,vancomycin resistance response regulator transcription factor VanR-Sc,GLYCOPEPTIDE,VANCOMYCIN
vanS-A,vancomycin resistance histidine kinase VanS-A,GLYCOPEPTIDE,VANCOMYCIN
vanS-A,vancomycin resistance histidine kinase VanS-A,GLYCOPEPTIDE,VANCOMYCIN
vanS-B,vancomycin resistance histidine kinase VanS-B,GLYCOPEPTIDE,VANCOMYCIN
vanS-B,vancomycin resistance histidine kinase VanS-B,GLYCOPEPTIDE,VANCOMYCIN
vanS-B,vancomycin resistance histidine kinase VanS-B,GLYCOPEPTIDE,VANCOMYCIN
vanS-B,vancomycin resistance histidine kinase VanS-B,GLYCOPEPTIDE,VANCOMYCIN
vanS-B,vancomycin resistance histidine kinase VanS-B,GLYCOPEPTIDE,VANCOMYCIN
vanS-C,vancomycin resistance histidine kinase VanS-C,GLYCOPEPTIDE,VANCOMYCIN
vanS-C,vancomycin resistance histidine kinase VanS-C,GLYCOPEPTIDE,VANCOMYCIN
vanS-C,vancomycin resistance histidine kinase VanS-C,GLYCOPEPTIDE,VANCOMYCIN
vanS-Cd,VanG-Cd-type vancomycin resistance histidine kinase VanS,GLYCOPEPTIDE,VANCOMYCIN
vanS-D,vancomycin resistance histidine kinase VanS-D,GLYCOPEPTIDE,VANCOMYCIN
vanS-D,vancomycin resistance histidine kinase VanS-D,GLYCOPEPTIDE,VANCOMYCIN
vanS-D,vancomycin resistance histidine kinase VanS-D,GLYCOPEPTIDE,VANCOMYCIN
vanS-D,vancomycin resistance histidine kinase VanS-D,GLYCOPEPTIDE,VANCOMYCIN
vanS-D,vancomycin resistance histidine kinase VanS-D,GLYCOPEPTIDE,VANCOMYCIN
vanS-E,vancomycin resistance histidine kinase VanS-E,GLYCOPEPTIDE,VANCOMYCIN
vanS-F,vancomycin resistance histidine kinase VanS-F,GLYCOPEPTIDE,VANCOMYCIN
vanS-G,vancomycin resistance histidine kinase VanS-G,GLYCOPEPTIDE,VANCOMYCIN
vanS-G,vancomycin resistance histidine kinase VanS-G,GLYCOPEPTIDE,VANCOMYCIN
vanS-I,vancomycin resistance histidine kinase VanS-I,GLYCOPEPTIDE,VANCOMYCIN
vanS-L,vancomycin resistance histidine kinase VanS-L,GLYCOPEPTIDE,VANCOMYCIN
vanS-M,vancomycin resistance histidine kinase VanS-M,GLYCOPEPTIDE,VANCOMYCIN
vanS-N,vancomycin resistance histidine kinase VanS-N,GLYCOPEPTIDE,VANCOMYCIN
vanS-O,vancomycin resistance histidine kinase VanS-O,GLYCOPEPTIDE,VANCOMYCIN
vanS-P,vancomycin resistance histidine kinase VanS-P,GLYCOPEPTIDE,VANCOMYCIN
vanS-Pt2,vancomycin resistance histidine kinase VanS-Pt2,GLYCOPEPTIDE,VANCOMYCIN
vanS-Pt,vancomycin resistance histidine kinase VanS-Pt,GLYCOPEPTIDE,VANCOMYCIN
vanS-Pt,vancomycin resistance histidine kinase VanS-Pt,GLYCOPEPTIDE,VANCOMYCIN
vanS-Sc,vancomycin resistance histidine kinase VanS-Sc,GLYCOPEPTIDE,VANCOMYCIN
vanT-C,membrane-bound serine racemase VanT-C,GLYCOPEPTIDE,VANCOMYCIN
vanT-C,membrane-bound serine racemase VanT-C,GLYCOPEPTIDE,VANCOMYCIN
vanT-C,membrane-bound serine racemase VanT-C,GLYCOPEPTIDE,VANCOMYCIN
vanT-C,membrane-bound serine racemase VanT-C,GLYCOPEPTIDE,VANCOMYCIN
vanT-Cd,membrane-bound serine racemase VanT-Cd,GLYCOPEPTIDE,VANCOMYCIN
vanT-E,membrane-bound serine racemase VanT-E,GLYCOPEPTIDE,VANCOMYCIN
vanT-G,membrane-bound serine racemase VanT-G,GLYCOPEPTIDE,VANCOMYCIN
vanT-G,membrane-bound serine racemase VanT-G,GLYCOPEPTIDE,VANCOMYCIN
vanT-N,membrane-bound serine racemase VanT-N,GLYCOPEPTIDE,VANCOMYCIN
vanTc,membrane-bound serine racemase VanT,GLYCOPEPTIDE,VANCOMYCIN
vanTc,membrane-bound serine racemase VanT,GLYCOPEPTIDE,VANCOMYCIN
vanTm,serine racemase VanT-L membrane subunit,GLYCOPEPTIDE,VANCOMYCIN
vanTr,serine racemase VanT-L catalytic subunit,GLYCOPEPTIDE,VANCOMYCIN
vanU-G,glycopeptide resistance transcriptional regulator VanU-G,GLYCOPEPTIDE,VANCOMYCIN
vanW-B,glycopeptide resistance accessory protein VanW-B,GLYCOPEPTIDE,VANCOMYCIN
vanW-B,glycopeptide resistance accessory protein VanW-B,GLYCOPEPTIDE,VANCOMYCIN
vanW-B,glycopeptide resistance accessory protein VanW-B,GLYCOPEPTIDE,VANCOMYCIN
vanW-B,glycopeptide resistance accessory protein VanW-B,GLYCOPEPTIDE,VANCOMYCIN
vanW-B,glycopeptide resistance accessory protein VanW-B,GLYCOPEPTIDE,VANCOMYCIN
vanW-B,glycopeptide resistance accessory protein VanW-B,GLYCOPEPTIDE,VANCOMYCIN
vanW-G,glycopeptide resistance accessory protein VanW-G,GLYCOPEPTIDE,VANCOMYCIN
vanW-G,glycopeptide resistance accessory protein VanW-G,GLYCOPEPTIDE,VANCOMYCIN
vanW-I,glycopeptide resistance accessory protein VanW-I,GLYCOPEPTIDE,VANCOMYCIN
vanW-Pt,glycopeptide resistance accessory protein VanW-Pt,GLYCOPEPTIDE,VANCOMYCIN
vanX-A,D-Ala-D-Ala dipeptidase VanX-A,GLYCOPEPTIDE,VANCOMYCIN
vanX-A,D-Ala-D-Ala dipeptidase VanX-A,GLYCOPEPTIDE,VANCOMYCIN
vanX-A,D-Ala-D-Ala dipeptidase VanX-A,GLYCOPEPTIDE,VANCOMYCIN
vanX-Ac1,D-Ala-D-Ala dipeptidase VanX-Ac1,GLYCOPEPTIDE,VANCOMYCIN
vanX-Ao1,D-Ala-D-Ala dipeptidase VanX-Ao1,GLYCOPEPTIDE,VANCOMYCIN
vanX-Ao2,D-Ala-D-Ala dipeptidase VanX-Ao2,GLYCOPEPTIDE,VANCOMYCIN
vanX-B,D-Ala-D-Ala dipeptidase VanX-B,GLYCOPEPTIDE,VANCOMYCIN
vanX-B,D-Ala-D-Ala dipeptidase VanX-B,GLYCOPEPTIDE,VANCOMYCIN
vanX-B,D-Ala-D-Ala dipeptidase VanX-B,GLYCOPEPTIDE,VANCOMYCIN
vanX-B,D-Ala-D-Ala dipeptidase VanX-B,GLYCOPEPTIDE,VANCOMYCIN
vanX-B,D-Ala-D-Ala dipeptidase VanX-B,GLYCOPEPTIDE,VANCOMYCIN
vanX-B,D-Ala-D-Ala dipeptidase VanX-B,GLYCOPEPTIDE,VANCOMYCIN
vanX-D,D-Ala-D-Ala dipeptidase VanX-D,GLYCOPEPTIDE,VANCOMYCIN
vanX-D,D-Ala-D-Ala dipeptidase VanX-D,GLYCOPEPTIDE,VANCOMYCIN
vanX-D,D-Ala-D-Ala dipeptidase VanX-D,GLYCOPEPTIDE,VANCOMYCIN
vanX-D,D-Ala-D-Ala dipeptidase VanX-D,GLYCOPEPTIDE,VANCOMYCIN
vanX-D,D-Ala-D-Ala dipeptidase VanX-D,GLYCOPEPTIDE,VANCOMYCIN
vanX-D,D-Ala-D-Ala dipeptidase VanX-D,GLYCOPEPTIDE,VANCOMYCIN
vanX-D,D-Ala-D-Ala dipeptidase VanX-D,GLYCOPEPTIDE,VANCOMYCIN
vanX-F,D-Ala-D-Ala dipeptidase VanX-F,GLYCOPEPTIDE,VANCOMYCIN
vanX-I,D-Ala-D-Ala dipeptidase VanX-I,GLYCOPEPTIDE,VANCOMYCIN
vanX-M,D-Ala-D-Ala dipeptidase VanX-M,GLYCOPEPTIDE,VANCOMYCIN
vanX-O,D-Ala-D-Ala dipeptidase VanX-O,GLYCOPEPTIDE,VANCOMYCIN
vanX-P,D-Ala-D-Ala dipeptidase VanX-P,GLYCOPEPTIDE,VANCOMYCIN
vanX-Pt,D-Ala-D-Ala dipeptidase VanX-Pt,GLYCOPEPTIDE,VANCOMYCIN
vanX-Pt,D-Ala-D-Ala dipeptidase VanX-Pt,GLYCOPEPTIDE,VANCOMYCIN
vanX-Pt,D-Ala-D-Ala dipeptidase VanX-Pt,GLYCOPEPTIDE,VANCOMYCIN
vanX-Sc,D-Ala-D-Ala dipeptidase VanX-Sc,GLYCOPEPTIDE,VANCOMYCIN
vanXY-C,D-Ala-D-Ala dipeptidase/D-Ala-D-Ala carboxypeptidase VanXY-C,GLYCOPEPTIDE,VANCOMYCIN
vanXY-C,D-Ala-D-Ala dipeptidase/D-Ala-D-Ala carboxypeptidase VanXY-C,GLYCOPEPTIDE,VANCOMYCIN
vanXY-C,D-Ala-D-Ala dipeptidase/D-Ala-D-Ala carboxypeptidase VanXY-C,GLYCOPEPTIDE,VANCOMYCIN
vanXY-C,D-Ala-D-Ala dipeptidase/D-Ala-D-Ala carboxypeptidase VanXY-C,GLYCOPEPTIDE,VANCOMYCIN
vanXY-C,D-Ala-D-Ala dipeptidase/D-Ala-D-Ala carboxypeptidase VanXY-C,GLYCOPEPTIDE,VANCOMYCIN
vanXY-C,D-Ala-D-Ala dipeptidase/D-Ala-D-Ala carboxypeptidase VanXY-C,GLYCOPEPTIDE,VANCOMYCIN
vanXY-C,D-Ala-D-Ala dipeptidase/D-Ala-D-Ala carboxypeptidase VanXY-C,GLYCOPEPTIDE,VANCOMYCIN
vanXY-C,D-Ala-D-Ala dipeptidase/D-Ala-D-Ala carboxypeptidase VanXY-C,GLYCOPEPTIDE,VANCOMYCIN
vanXY-C,D-Ala-D-Ala dipeptidase/D-Ala-D-Ala carboxypeptidase VanXY-C,GLYCOPEPTIDE,VANCOMYCIN
vanXY-E,D-Ala-D-Ala dipeptidase/D-Ala-D-Ala carboxypeptidase VanXY-E,GLYCOPEPTIDE,VANCOMYCIN
vanXY-L,D-Ala-D-Ala dipeptidase/D-Ala-D-Ala carboxypeptidase VanXY-L,GLYCOPEPTIDE,VANCOMYCIN
vanXY-N,D-Ala-D-Ala dipeptidase/D-Ala-D-Ala carboxypeptidase VanXY-N,GLYCOPEPTIDE,VANCOMYCIN
vanXY,D-Ala-D-Ala dipeptidase/D-Ala-D-Ala carboxypeptidase VanXY-G,GLYCOPEPTIDE,VANCOMYCIN
vanXY,D-Ala-D-Ala dipeptidase/D-Ala-D-Ala carboxypeptidase VanXY-G2,GLYCOPEPTIDE,VANCOMYCIN
vanY-A,D-Ala-D-Ala carboxypeptidase VanY-A,GLYCOPEPTIDE,VANCOMYCIN
vanY-A,D-Ala-D-Ala carboxypeptidase VanY-A,GLYCOPEPTIDE,VANCOMYCIN
vanY-B,D-Ala-D-Ala carboxypeptidase VanY-B,GLYCOPEPTIDE,VANCOMYCIN
vanY-B,D-Ala-D-Ala carboxypeptidase VanY-B,GLYCOPEPTIDE,VANCOMYCIN
vanY-D,transpeptidase-like D-Ala-D-Ala carboxypeptidase VanY-D,GLYCOPEPTIDE,VANCOMYCIN
vanY-D,transpeptidase-like D-Ala-D-Ala carboxypeptidase VanY-D,GLYCOPEPTIDE,VANCOMYCIN
vanY-D,transpeptidase-like D-Ala-D-Ala carboxypeptidase VanY-D,GLYCOPEPTIDE,VANCOMYCIN
vanY-D,transpeptidase-like D-Ala-D-Ala carboxypeptidase VanY-D,GLYCOPEPTIDE,VANCOMYCIN
vanY-D,transpeptidase-like D-Ala-D-Ala carboxypeptidase VanY-D,GLYCOPEPTIDE,VANCOMYCIN
vanY-D,transpeptidase-like D-Ala-D-Ala carboxypeptidase VanY-D,GLYCOPEPTIDE,VANCOMYCIN
vanY-F,D-Ala-D-Ala carboxypeptidase VanY-F,GLYCOPEPTIDE,VANCOMYCIN
vanY-G1,D-Ala-D-Ala carboxypeptidase VanY-G1,GLYCOPEPTIDE,VANCOMYCIN
vanY-G,D-Ala-D-Ala carboxypeptidase VanY-G,GLYCOPEPTIDE,VANCOMYCIN
vanY-M,D-Ala-D-Ala carboxypeptidase VanY-M,GLYCOPEPTIDE,VANCOMYCIN
vanY-N,"D,D-peptidase/D,D-carboxypeptidase VanY-N",GLYCOPEPTIDE,VANCOMYCIN
vanY-Pt,D-Ala-D-Ala carboxypeptidase VanY-Pt,GLYCOPEPTIDE,VANCOMYCIN
vanY-Pt,D-Ala-D-Ala carboxypeptidase VanY-Pt,GLYCOPEPTIDE,VANCOMYCIN
vanY-Pt,D-Ala-D-Ala carboxypeptidase VanY-Pt,GLYCOPEPTIDE,VANCOMYCIN
vanZ-A,glycopeptide resistance protein VanZ-A,GLYCOPEPTIDE,VANCOMYCIN
vanZ-A,glycopeptide resistance protein VanZ-A,GLYCOPEPTIDE,VANCOMYCIN
vanZ-F,glycopeptide resistance protein VanZ-F,GLYCOPEPTIDE,VANCOMYCIN
vanZ-Pt,glycopeptide resistance protein VanZ-Pt,GLYCOPEPTIDE,VANCOMYCIN
vanZ1,glycopeptide resistance protein VanZ1,GLYCOPEPTIDE,VANCOMYCIN
varG,VarG family subclass B1-like metallo-beta-lactamase,BETA-LACTAM,CARBAPENEM
vat(A),streptogramin A O-acetyltransferase Vat(A),STREPTOGRAMIN,STREPTOGRAMIN
vat(B),streptogramin A O-acetyltransferase Vat(B),STREPTOGRAMIN,STREPTOGRAMIN
vat(C),streptogramin A O-acetyltransferase Vat(C),STREPTOGRAMIN,STREPTOGRAMIN
vat(D),streptogramin A O-acetyltransferase Vat(D),STREPTOGRAMIN,STREPTOGRAMIN
vat(E),streptogramin A O-acetyltransferase Vat(E),STREPTOGRAMIN,STREPTOGRAMIN
vat(E),streptogramin A O-acetyltransferase Vat(E),STREPTOGRAMIN,STREPTOGRAMIN
vat(E),streptogramin A O-acetyltransferase Vat(E),STREPTOGRAMIN,STREPTOGRAMIN
vat(E),streptogramin A O-acetyltransferase Vat(E),STREPTOGRAMIN,STREPTOGRAMIN
vat(E),streptogramin A O-acetyltransferase Vat(E),STREPTOGRAMIN,STREPTOGRAMIN
vat(E),streptogramin A O-acetyltransferase Vat(E),STREPTOGRAMIN,STREPTOGRAMIN
vat(E),streptogramin A O-acetyltransferase Vat(E),STREPTOGRAMIN,STREPTOGRAMIN
vat(E),streptogramin A O-acetyltransferase Vat(E),STREPTOGRAMIN,STREPTOGRAMIN
vat(F),streptogramin A O-acetyltransferase Vat(F),STREPTOGRAMIN,STREPTOGRAMIN
vat(H),streptogramin A O-acetyltransferase Vat(H),STREPTOGRAMIN,STREPTOGRAMIN
vat(I),streptogramin A O-acetyltransferase Vat(I),STREPTOGRAMIN,STREPTOGRAMIN
vga(A),ABC-F type ribosomal protection protein Vga(A),LINCOSAMIDE,LINCOSAMIDE
vga(A),ABC-F type ribosomal protection protein Vga(A),LINCOSAMIDE,LINCOSAMIDE
vga(A),ABC-F type ribosomal protection protein Vga(A),LINCOSAMIDE,LINCOSAMIDE
vga(A),ABC-F type ribosomal protection protein Vga(A),LINCOSAMIDE,LINCOSAMIDE
vga(A),ABC-F type ribosomal protection protein Vga(A),LINCOSAMIDE,LINCOSAMIDE
vga(A),ABC-F type ribosomal protection protein Vga(A),LINCOSAMIDE,LINCOSAMIDE
vga(B),ABC-F type ribosomal protection protein Vga(B),LINCOSAMIDE,LINCOSAMIDE
vga(C),ABC-F type ribosomal protection protein Vga(C),LINCOSAMIDE,LINCOSAMIDE
vga(D),ABC-F type ribosomal protection protein Vga(D),LINCOSAMIDE,LINCOSAMIDE
vga(E),ABC-F type ribosomal protection protein Vga(E),LINCOSAMIDE/PLEUROMUTILIN/STREPTOGRAMIN,CLINDAMYCIN/LINCOMYCIN/RETAPAMULIN/VIRGINIAMYCIN
vga(E),ABC-F type ribosomal protection protein Vga(E),LINCOSAMIDE/PLEUROMUTILIN/STREPTOGRAMIN,CLINDAMYCIN/LINCOMYCIN/RETAPAMULIN/VIRGINIAMYCIN
vga(F),ABC-F type ribosomal protection protein Vga(F),LINCOSAMIDE,LINCOSAMIDE
vga(F),ABC-F type ribosomal protection protein Vga(F),LINCOSAMIDE,LINCOSAMIDE
vga(G),ABC-F type ribosomal protection protein Vga(G),LINCOSAMIDE,LINCOSAMIDE
vgb(A),streptogramin B lyase Vgb(A),STREPTOGRAMIN,STREPTOGRAMIN
vgb(A),streptogramin B lyase Vgb(A),STREPTOGRAMIN,STREPTOGRAMIN
vgb(B),streptogramin B lyase Vgb(B),STREPTOGRAMIN,STREPTOGRAMIN
vgbC,streptogramin B lyase Vgb(C),STREPTOGRAMIN,STREPTOGRAMIN
vip,cell invasion LPXTG protein Vip,,
virF,AraC family invasion system transcriptional regulator VirF,,
virF,virulence regulon transcriptional activator VirF,,
vmlR,ABC-F type ribosomal protection protein VmlR,LINCOSAMIDE/PLEUROMUTILIN/STREPTOGRAMIN,LINCOMYCIN/TIAMULIN/VIRGINIAMYCIN M
vph,viomycin phosphotransferase,TUBERACTINOMYCIN,VIOMYCIN
yadA,trimeric autotransporter adhesin YadA,,
yadA,trimeric autotransporter adhesin YadA,,
ybtP,yersiniabactin ABC transporter ATP-binding/permease protein YbtP,,
ybtQ,yersiniabactin ABC transporter ATP-binding/permease protein YbtQ,,
yfdX1,heat resistance protein YfdX1,,
yfdX2,heat resistance protein YfdX2,,
yfeA,iron/manganese ABC transporter substrate-binding protein YfeA,,
yfeB,iron/manganese ABC transporter ATP-binding protein YfeB,,
yfeD,iron/manganese ABC transporter permease subunit YfeD,,
ymoA,expression modulating protein YmoA,,
yopB,type III secretion system translocon subunit YopB,,
yopD,type III secretion system translocon subunit YopD,,
yopE,type III secretion system effector GTPase activator YopE,,
yopH,T3SS effector protein-tyrosine-phosphatase YopH,,
yopJ,YopJ/YopP family T3SS effector serine/threonine acetyltransferase,,
yopJ,YopJ/YopP family T3SS effector serine/threonine acetyltransferase,,
yopM,type III secretion system effector YopM,,
yopO,type III secretion system effector protein kinase YopO/YpkA,,
yopT,T3SS effector cysteine protease YopT,,
ystA,ST-I family heat-stable enterotoxin YstA,,
ystB,ST-I family heat-stable enterotoxin YstB,,
ystC,ST-I family heat-stable enterotoxin YstC,,
zbmA,zorbamycin binding protein ZbmA,BLEOMYCIN,ZORBAMYCIN
aac(3)-VIII,aminoglycoside N-acetyltransferase AAC(3)-VIIIa,AMINOGLYCOSIDE,AMINOGLYCOSIDE
aac(6')-29,aminoglycoside N-acetyltransferase AAC(6')-29a,AMINOGLYCOSIDE,AMINOGLYCOSIDE
aac(6')-29,aminoglycoside N-acetyltransferase AAC(6')-29b,AMINOGLYCOSIDE,AMINOGLYCOSIDE
aac(6'),aminoglycoside N-acetyltransferase AAC(6')-32,AMINOGLYCOSIDE,AMINOGLYCOSIDE
aac(6'),aminoglycoside 6'-N-acetyltransferase AAC(6')-33,AMINOGLYCOSIDE,AMINOGLYCOSIDE
aac(6'),aminoglycoside 6'-N-acetyltransferase AAC(6')-I30,AMINOGLYCOSIDE,AMINOGLYCOSIDE
aac(6')-II,aminoglycoside N-acetyltransferase AAC(6')-IIb,AMINOGLYCOSIDE,GENTAMICIN/KANAMYCIN/TOBRAMYCIN
aac(6'),aminoglycoside 6'-N-acetyltransferase AAC(6')-Iaa,AMINOGLYCOSIDE,AMINOGLYCOSIDE
aac(6'),aminoglycoside 6'-N-acetyltransferase AAC(6')-Iae,AMINOGLYCOSIDE,AMINOGLYCOSIDE
aac(6'),aminoglycoside 6'-N-acetyltransferase AAC(6')-Iaf,AMINOGLYCOSIDE,AMINOGLYCOSIDE
aac(6'),aminoglycoside 6'-N-acetyltransferase AAC(6')-Iai,AMINOGLYCOSIDE,AMINOGLYCOSIDE
aac(6'),aminoglycoside 6'-N-acetyltransferase AAC(6')-Iaj,AMINOGLYCOSIDE,AMINOGLYCOSIDE
aac(6'),aminoglycoside N-acetyltransferase AAC(6')-Ial,AMINOGLYCOSIDE,AMINOGLYCOSIDE
aac(6')-Ib-cr,fluoroquinolone-acetylating aminoglycoside 6'-N-acetyltransferase AAC(6')-Ib-cr10,AMINOGLYCOSIDE/QUINOLONE,AMIKACIN/KANAMYCIN/QUINOLONE/TOBRAMYCIN
aac(6')-Ib-cr,fluoroquinolone-acetylating aminoglycoside 6'-N-acetyltransferase AAC(6')-Ib-cr11,AMINOGLYCOSIDE/QUINOLONE,AMIKACIN/KANAMYCIN/QUINOLONE/TOBRAMYCIN
aac(6')-Ib-cr,fluoroquinolone-acetylating aminoglycoside 6'-N-acetyltransferase AAC(6')-Ib-cr3,AMINOGLYCOSIDE/QUINOLONE,AMIKACIN/KANAMYCIN/QUINOLONE/TOBRAMYCIN
aac(6')-Ib-cr,fluoroquinolone-acetylating aminoglycoside 6'-N-acetyltransferase AAC(6')-Ib-cr4,AMINOGLYCOSIDE/QUINOLONE,AMIKACIN/KANAMYCIN/QUINOLONE/TOBRAMYCIN
aac(6')-Ib-cr,fluoroquinolone-acetylating aminoglycoside 6'-N-acetyltransferase AAC(6')-Ib-cr5,AMINOGLYCOSIDE/QUINOLONE,AMIKACIN/KANAMYCIN/QUINOLONE/TOBRAMYCIN
aac(6')-Ib-cr,fluoroquinolone-acetylating aminoglycoside 6'-N-acetyltransferase AAC(6')-Ib-cr6,AMINOGLYCOSIDE/QUINOLONE,AMIKACIN/KANAMYCIN/QUINOLONE/TOBRAMYCIN
aac(6')-Ib-cr,fluoroquinolone-acetylating aminoglycoside 6'-N-acetyltransferase AAC(6')-Ib-cr7,AMINOGLYCOSIDE/QUINOLONE,AMIKACIN/KANAMYCIN/QUINOLONE/TOBRAMYCIN
aac(6')-Ib-cr,fluoroquinolone-acetylating aminoglycoside 6'-N-acetyltransferase AAC(6')-Ib-cr8,AMINOGLYCOSIDE/QUINOLONE,AMIKACIN/KANAMYCIN/QUINOLONE/TOBRAMYCIN
aac(6')-Ib-cr,fluoroquinolone-acetylating aminoglycoside 6'-N-acetyltransferase AAC(6')-Ib-cr9,AMINOGLYCOSIDE/QUINOLONE,AMIKACIN/KANAMYCIN/QUINOLONE/TOBRAMYCIN
aac(6')-Ib,aminoglycoside N-acetyltransferase AAC(6')-Ib3,AMINOGLYCOSIDE,AMIKACIN/KANAMYCIN/TOBRAMYCIN
aac(6')-Ib,aminoglycoside N-acetyltransferase AAC(6')-Ib4,AMINOGLYCOSIDE,GENTAMICIN
aac(6'),aminoglycoside N-acetyltransferase AAC(6')-Ic,AMINOGLYCOSIDE,AMINOGLYCOSIDE
aac(6')-I,aminoglycoside N-acetyltransferase AAC(6')-Ig,AMINOGLYCOSIDE,AMIKACIN/KANAMYCIN/TOBRAMYCIN
aac(6')-I,aminoglycoside N-acetyltransferase AAC(6')-Ih,AMINOGLYCOSIDE,AMIKACIN/KANAMYCIN/TOBRAMYCIN
aac(6')-I,aminoglycoside N-acetyltransferase AAC(6')-Ii,AMINOGLYCOSIDE,AMINOGLYCOSIDE
aac(6')-I,aminoglycoside N-acetyltransferase AAC(6')-Iid,AMINOGLYCOSIDE,AMINOGLYCOSIDE
aac(6')-I,aminoglycoside N-acetyltransferase AAC(6')-Iih,AMINOGLYCOSIDE,AMINOGLYCOSIDE
aac(6')-I,aminoglycoside N-acetyltransferase AAC(6')-Ij,AMINOGLYCOSIDE,AMIKACIN/KANAMYCIN/TOBRAMYCIN
aac(6')-I,aminoglycoside N-acetyltransferase AAC(6')-Ik,AMINOGLYCOSIDE,AMIKACIN/KANAMYCIN/TOBRAMYCIN
aac(6')-I,aminoglycoside N-acetyltransferase AAC(6')-Ir,AMINOGLYCOSIDE,AMIKACIN/KANAMYCIN/TOBRAMYCIN
aac(6')-I,aminoglycoside N-acetyltransferase AAC(6')-Is,AMINOGLYCOSIDE,AMIKACIN/KANAMYCIN/TOBRAMYCIN
aac(6'),aminoglycoside N-acetyltransferase AAC(6')-Isa,AMINOGLYCOSIDE,AMINOGLYCOSIDE
aac(6')-I,aminoglycoside N-acetyltransferase AAC(6')-It,AMINOGLYCOSIDE,AMIKACIN/KANAMYCIN/TOBRAMYCIN
aac(6')-I,aminoglycoside N-acetyltransferase AAC(6')-Iu,AMINOGLYCOSIDE,AMIKACIN/KANAMYCIN/TOBRAMYCIN
aac(6')-I,aminoglycoside N-acetyltransferase AAC(6')-Iv,AMINOGLYCOSIDE,AMIKACIN/KANAMYCIN/TOBRAMYCIN
aac(6')-I,aminoglycoside N-acetyltransferase AAC(6')-Iw,AMINOGLYCOSIDE,AMIKACIN/KANAMYCIN/TOBRAMYCIN
aac(6')-I,aminoglycoside N-acetyltransferase AAC(6')-Ix,AMINOGLYCOSIDE,AMIKACIN/KANAMYCIN/TOBRAMYCIN
aac(6'),aminoglycoside 6'-N-acetyltransferase AAC(6')-Iy,AMINOGLYCOSIDE,AMINOGLYCOSIDE
aac(6'),AAC(6')-Ia family aminoglycoside 6'-N-acetyltransferase AacA16,AMINOGLYCOSIDE,AMINOGLYCOSIDE
aac(6')-II,AAC(6')-II family aminoglycoside 6'-N-acetyltransferase AacA35,AMINOGLYCOSIDE,GENTAMICIN/KANAMYCIN/TOBRAMYCIN
aac(6'),aminoglycoside 6'-N-acetyltransferase AacA47,AMINOGLYCOSIDE,AMINOGLYCOSIDE
aac(6'),AAC(6')-Ia family aminoglycoside 6'-N-acetyltransferase AacA56,AMINOGLYCOSIDE,AMIKACIN/KANAMYCIN/TOBRAMYCIN
ant(3'')-Ia,ANT(3'')-Ia family aminoglycoside nucleotidyltransferase AadA14,AMINOGLYCOSIDE,SPECTINOMYCIN/STREPTOMYCIN
ant(3'')-Ia,ANT(3'')-Ia family aminoglycoside nucleotidyltransferase AadA17,AMINOGLYCOSIDE,SPECTINOMYCIN/STREPTOMYCIN
acrB,multidrug efflux RND transporter permease subunit AcrB,BETA-LACTAM,CEFTIBUTEN-AVIBACTAM
acrB,multidrug efflux RND transporter permease subunit AcrB,QUINOLONE,QUINOLONE
acrB,multidrug efflux RND transporter permease subunit AcrB,BETA-LACTAM,CEPHALOSPORIN
acrB,multidrug efflux RND transporter permease subunit AcrB,BETA-LACTAM,CEPHALOSPORIN
acrB,multidrug efflux RND transporter permease subunit AcrB,TETRACYCLINE,TIGECYCLINE
acrB,multidrug efflux RND transporter permease subunit AcrB,MACROLIDE,AZITHROMYCIN/CLARITHROMYCIN/ERYTHROMYCIN
acrB,multidrug efflux RND transporter permease subunit AcrB,MACROLIDE,AZITHROMYCIN
acrB,multidrug efflux RND transporter permease subunit AcrB,MACROLIDE,AZITHROMYCIN/CLARITHROMYCIN/ERYTHROMYCIN
acrB,multidrug efflux RND transporter permease subunit AcrB,MACROLIDE,AZITHROMYCIN
acrR,transcriptional regulator AcrR,TETRACYCLINE,TIGECYCLINE
acrR,transcriptional regulator AcrR,MULTIDRUG,AMPICILLIN/CHLORAMPHENICOL/QUINOLONE/RIFAMPIN/TETRACYCLINE
acrR,transcriptional regulator AcrR,TETRACYCLINE,TIGECYCLINE
acrR,transcriptional regulator AcrR,TETRACYCLINE,TIGECYCLINE
adeL,multidrug efflux transcriptional repressor AdeL,TETRACYCLINE,TIGECYCLINE
adeR,efflux system response regulator transcription factor AdeR,EFFLUX,EFFLUX
adeR,efflux system response regulator transcription factor AdeR,EFFLUX,EFFLUX
adeR,efflux system response regulator transcription factor AdeR,EFFLUX,EFFLUX
adeR,efflux system response regulator transcription factor AdeR,EFFLUX,EFFLUX
adeR,efflux system response regulator transcription factor AdeR,EFFLUX,EFFLUX
adeR,efflux system response regulator transcription factor AdeR,EFFLUX,EFFLUX
adeS,two-component sensor histidine kinase AdeS,TETRACYCLINE,TIGECYCLINE
adeS,two-component sensor histidine kinase AdeS,EFFLUX,EFFLUX
adeS,two-component sensor histidine kinase AdeS,EFFLUX,EFFLUX
adeS,two-component sensor histidine kinase AdeS,EFFLUX,EFFLUX
adeS,two-component sensor histidine kinase AdeS,EFFLUX,EFFLUX
adeS,two-component sensor histidine kinase AdeS,EFFLUX,EFFLUX
adeS,two-component sensor histidine kinase AdeS,EFFLUX,EFFLUX
adeS,two-component sensor histidine kinase AdeS,EFFLUX,EFFLUX
amgS,two-component system sensor histidine kinase AmgS,BETA-LACTAM,CARBAPENEM
amgS,two-component system sensor histidine kinase AmgS,AMINOGLYCOSIDE,AMIKACIN/TOBRAMYCIN
amgS,two-component system sensor histidine kinase AmgS,AMINOGLYCOSIDE,AMIKACIN/TOBRAMYCIN
ampC,FOX/MOX family cephalosporin-hydrolyzing class C beta-lactamase,BETA-LACTAM,CEPHALOSPORIN
ampC,ampC/blaEC promoter region,BETA-LACTAM,CEPHALOSPORIN
ampC,ampC/blaEC promoter region,BETA-LACTAM,CEPHALOSPORIN
ampC,ampC/blaEC promoter region,BETA-LACTAM,CEPHALOSPORIN
ampC,ampC/blaEC promoter region,BETA-LACTAM,CEPHALOSPORIN
ampC,ampC/blaEC promoter region,BETA-LACTAM,CEPHALOSPORIN
ampC,cephalosporin-hydrolyzing class C beta-lactamase,BETA-LACTAM,CEPHALOSPORIN
ampC,ampC/blaEC promoter region,BETA-LACTAM,CEPHALOSPORIN
ampC,ampC/blaEC promoter region,BETA-LACTAM,CEPHALOSPORIN
ampC,ampC/blaEC promoter region,BETA-LACTAM,CEPHALOSPORIN
ampC,ampC/blaEC promoter region,BETA-LACTAM,CEPHALOSPORIN
ampD,"1,6-anhydro-N-acetylmuramyl-L-alanine amidase AmpD",BETA-LACTAM,CEPHALOSPORIN
ampD,beta-lactamase expression regulator AmpD,BETA-LACTAM,CARBAPENEM
ampD,beta-lactamase expression regulator AmpD,BETA-LACTAM,CEPHALOSPORIN
ampD,"1,6-anhydro-N-acetylmuramyl-L-alanine amidase AmpD",BETA-LACTAM,CEPHALOSPORIN
ampD,beta-lactamase expression regulator AmpD,BETA-LACTAM,CEPHALOSPORIN/TAZOBACTAM
ampD,beta-lactamase expression regulator AmpD,BETA-LACTAM,CEPHALOSPORIN
ampD,"1,6-anhydro-N-acetylmuramyl-L-alanine amidase AmpD",BETA-LACTAM,CEPHALOSPORIN
ampD,"1,6-anhydro-N-acetylmuramyl-L-alanine amidase AmpD",BETA-LACTAM,CEPHALOSPORIN
ampD,beta-lactamase expression regulator AmpD,BETA-LACTAM,CEPHALOSPORIN
ampD,"1,6-anhydro-N-acetylmuramyl-L-alanine amidase AmpD",BETA-LACTAM,AZTREONAM-AVIBACTAM
ampD,"1,6-anhydro-N-acetylmuramyl-L-alanine amidase AmpD",BETA-LACTAM,CEPHALOSPORIN
ampD,"1,6-anhydro-N-acetylmuramyl-L-alanine amidase AmpD",BETA-LACTAM,CEPHALOSPORIN
ampD,"1,6-anhydro-N-acetylmuramyl-L-alanine amidase AmpD",BETA-LACTAM,CEPHALOSPORIN
ampD,"1,6-anhydro-N-acetylmuramyl-L-alanine amidase AmpD",BETA-LACTAM,CEPHALOSPORIN
ampD,"1,6-anhydro-N-acetylmuramyl-L-alanine amidase AmpD",BETA-LACTAM,CEPHALOSPORIN
ampD,beta-lactamase expression regulator AmpD,BETA-LACTAM,CEPHALOSPORIN
ampD,beta-lactamase expression regulator AmpD,BETA-LACTAM,CEPHALOSPORIN
ampD,"1,6-anhydro-N-acetylmuramyl-L-alanine amidase AmpD",BETA-LACTAM,CEPHALOSPORIN
ampD,"1,6-anhydro-N-acetylmuramyl-L-alanine amidase AmpD",BETA-LACTAM,CEPHALOSPORIN
ampD,beta-lactamase expression regulator AmpD,BETA-LACTAM,CEPHALOSPORIN
ampD,"1,6-anhydro-N-acetylmuramyl-L-alanine amidase AmpD",BETA-LACTAM,CEPHALOSPORIN
ampD,"1,6-anhydro-N-acetylmuramyl-L-alanine amidase AmpD",BETA-LACTAM,CEPHALOSPORIN
ampD,"1,6-anhydro-N-acetylmuramyl-L-alanine amidase AmpD",BETA-LACTAM,CEPHALOSPORIN
ampD,beta-lactamase expression regulator AmpD,BETA-LACTAM,CEPHALOSPORIN
ampD,"1,6-anhydro-N-acetylmuramyl-L-alanine amidase AmpD",BETA-LACTAM,CEPHALOSPORIN
ampR,transcriptional regulator AmpR,BETA-LACTAM,CEPHALOSPORIN
ampR,transcriptional regulator AmpR,BETA-LACTAM,CEPHALOSPORIN
ampR,transcriptional regulator AmpR,BETA-LACTAM,CEPHALOSPORIN
ampR,transcriptional regulator AmpR,BETA-LACTAM,CEPHALOSPORIN
amrR,TetR family transcriptional regulator AmrR,BETA-LACTAM,CARBAPENEM
amrR,TetR family transcriptional regulator AmrR,BETA-LACTAM,CARBAPENEM
amrR,TetR family transcriptional regulator AmrR,BETA-LACTAM,CARBAPENEM
amrR,TetR family transcriptional regulator AmrR,BETA-LACTAM,CARBAPENEM
amrR,TetR family transcriptional regulator AmrR,BETA-LACTAM,CARBAPENEM
amrR,TetR family transcriptional regulator AmrR,BETA-LACTAM,CARBAPENEM
amrR,TetR family transcriptional regulator AmrR,AMINOGLYCOSIDE,AMIKACIN/GENTAMICIN/KANAMYCIN/TOBRAMYCIN
amrR,TetR family transcriptional regulator AmrR,BETA-LACTAM,CARBAPENEM
amrR,TetR family transcriptional regulator AmrR,BETA-LACTAM/PHENICOL/QUINOLONE,CHLORAMPHENICOL/MEROPENEM/QUINOLONE
amrR,TetR family transcriptional regulator AmrR,BETA-LACTAM,CARBAPENEM
arnC,undecaprenyl-phosphate 4-deoxy-4-formamido-L-arabinose transferase ArnC,COLISTIN,COLISTIN
aroB,3-dehydroquinate synthase AroB,BETA-LACTAM,AVIBACTAM/AZTREONAM/CARBAPENEM/VABORBACTAM
aroB,3-dehydroquinate synthase AroB,BETA-LACTAM,AZTREONAM/CARBAPENEM/VABORBACTAM
arr,NAD(+)--rifampin ADP-ribosyltransferase Arr-2,RIFAMYCIN,RIFAMYCIN
arr,NAD(+)--rifampin ADP-ribosyltransferase Arr-4,RIFAMYCIN,RIFAMYCIN
arr,NAD(+)--rifampin ADP-ribosyltransferase Arr-5,RIFAMYCIN,RIFAMYCIN
arr,NAD(+)--rifampin ADP-ribosyltransferase Arr-7,RIFAMYCIN,RIFAMYCIN
arr,NAD(+)--rifampin ADP-ribosyltransferase Arr-8,RIFAMYCIN,RIFAMYCIN
baeR,two-component system response regulator BaeR,BETA-LACTAM,AZTREONAM-AVIBACTAM
baeR,response regulator BaeR,BETA-LACTAM,CEFIDEROCOL
baeS,two-component system sensor histidine kinase BaeS,BETA-LACTAM,AZTREONAM/AZTREONAM-AVIBACTAM
baeS,two-component system sensor histidine kinase BaeS,BETA-LACTAM,CEFIDEROCOL
baeS,two-component system sensor histidine kinase BaeS,BETA-LACTAM,AZTREONAM-AVIBACTAM
baeS,two-component system sensor histidine kinase BaeS,BETA-LACTAM,TEMOCILLIN
baeS,two-component system sensor histidine kinase BaeS,BETA-LACTAM,AZTREONAM-AVIBACTAM
baeS,two-component system sensor histidine kinase BaeS,BETA-LACTAM,CEFTIBUTEN/CEFTIBUTEN-AVIBACTAM
baeS,two-component system sensor histidine kinase BaeS,BETA-LACTAM,TEMOCILLIN
baeS,two-component system sensor histidine kinase BaeS,BETA-LACTAM,AZTREONAM/TEMOCILLIN/TICARCILLIN
baeS,two-component system sensor histidine kinase BaeS,BETA-LACTAM,AZTREONAM/TEMOCILLIN/TICARCILLIN
baeS,two-component system sensor histidine kinase BaeS,BETA-LACTAM,TEMOCILLIN
baeS,two-component system sensor histidine kinase BaeS,BETA-LACTAM,AZTREONAM-AVIBACTAM
basR,two-component system response regulator BasR,COLISTIN,COLISTIN
basR,two-component system response regulator BasR,COLISTIN,COLISTIN
basR,two-component system response regulator BasR,COLISTIN,COLISTIN
basR,two-component system response regulator BasR,COLISTIN,COLISTIN
basR,two-component system response regulator BasR,COLISTIN,COLISTIN
basR,two-component system response regulator BasR,COLISTIN,COLISTIN
basR,two-component system response regulator BasR,COLISTIN,COLISTIN
basR,two-component system response regulator BasR,COLISTIN,COLISTIN
basR,two-component system response regulator BasR,COLISTIN,COLISTIN
basR,two-component system response regulator BasR,COLISTIN,COLISTIN
basR,two-component system response regulator BasR,COLISTIN,COLISTIN
basR,two-component system response regulator BasR,COLISTIN,COLISTIN
basR,two-component system response regulator BasR,COLISTIN,COLISTIN
blaAAK,class A beta-lactamase AAK-1,BETA-LACTAM,BETA-LACTAM
blaACC,cephalosporin-hydrolyzing class C beta-lactamase ACC-1,BETA-LACTAM,CEPHALOSPORIN
blaACC,cephalosporin-hydrolyzing class C beta-lactamase ACC-1a,BETA-LACTAM,CEPHALOSPORIN
blaACC,cephalosporin-hydrolyzing class C beta-lactamase ACC-1b,BETA-LACTAM,CEPHALOSPORIN
blaACC,cephalosporin-hydrolyzing class C beta-lactamase ACC-1c,BETA-LACTAM,CEPHALOSPORIN
blaACC,cephalosporin-hydrolyzing class C beta-lactamase ACC-1d,BETA-LACTAM,CEPHALOSPORIN
blaACC,cephalosporin-hydrolyzing class C beta-lactamase ACC-2,BETA-LACTAM,CEPHALOSPORIN
blaACC,cephalosporin-hydrolyzing class C beta-lactamase ACC-4,BETA-LACTAM,CEPHALOSPORIN
blaACC,cephalosporin-hydrolyzing class C beta-lactamase ACC-7,BETA-LACTAM,CEPHALOSPORIN
blaACC,cephalosporin-hydrolyzing class C beta-lactamase ACC-8,BETA-LACTAM,CEPHALOSPORIN
blaACI,extended-spectrum class A beta-lactamase ACI-1,BETA-LACTAM,CEPHALOSPORIN
blaACT,cephalosporin-hydrolyzing class C beta-lactamase ACT-100,BETA-LACTAM,CEPHALOSPORIN
blaACT,cephalosporin-hydrolyzing class C beta-lactamase ACT-101,BETA-LACTAM,CEPHALOSPORIN
blaACT,cephalosporin-hydrolyzing class C beta-lactamase ACT-102,BETA-LACTAM,CEPHALOSPORIN
blaACT,cephalosporin-hydrolyzing class C beta-lactamase ACT-103,BETA-LACTAM,CEPHALOSPORIN
blaACT,cephalosporin-hydrolyzing class C beta-lactamase ACT-104,BETA-LACTAM,CEPHALOSPORIN
blaACT,cephalosporin-hydrolyzing class C beta-lactamase ACT-105,BETA-LACTAM,CEPHALOSPORIN
blaACT,cephalosporin-hydrolyzing class C beta-lactamase ACT-106,BETA-LACTAM,CEPHALOSPORIN
blaACT,cephalosporin-hydrolyzing class C beta-lactamase ACT-107,BETA-LACTAM,CEPHALOSPORIN
blaACT,cephalosporin-hydrolyzing class C beta-lactamase ACT-108,BETA-LACTAM,CEPHALOSPORIN
blaACT,cephalosporin-hydrolyzing class C beta-lactamase ACT-109,BETA-LACTAM,CEPHALOSPORIN
blaACT,cephalosporin-hydrolyzing class C beta-lactamase ACT-10,BETA-LACTAM,CEPHALOSPORIN
blaACT,cephalosporin-hydrolyzing class C beta-lactamase ACT-110,BETA-LACTAM,CEPHALOSPORIN
blaACT,cephalosporin-hydrolyzing class C beta-lactamase ACT-111,BETA-LACTAM,CEPHALOSPORIN
blaACT,cephalosporin-hydrolyzing class C beta-lactamase ACT-112,BETA-LACTAM,CEPHALOSPORIN
blaACT,cephalosporin-hydrolyzing class C beta-lactamase ACT-113,BETA-LACTAM,CEPHALOSPORIN
blaACT,cephalosporin-hydrolyzing class C beta-lactamase ACT-114,BETA-LACTAM,CEPHALOSPORIN
blaACT,cephalosporin-hydrolyzing class C beta-lactamase ACT-115,BETA-LACTAM,CEPHALOSPORIN
blaACT,cephalosporin-hydrolyzing class C beta-lactamase ACT-116,BETA-LACTAM,CEPHALOSPORIN
blaACT,cephalosporin-hydrolyzing class C beta-lactamase ACT-117,BETA-LACTAM,CEPHALOSPORIN
blaACT,cephalosporin-hydrolyzing class C beta-lactamase ACT-118,BETA-LACTAM,CEPHALOSPORIN
blaACT,cephalosporin-hydrolyzing class C beta-lactamase ACT-119,BETA-LACTAM,CEPHALOSPORIN
blaACT,cephalosporin-hydrolyzing class C beta-lactamase ACT-120,BETA-LACTAM,CEPHALOSPORIN
blaACT,cephalosporin-hydrolyzing class C beta-lactamase ACT-121,BETA-LACTAM,CEPHALOSPORIN
blaACT,cephalosporin-hydrolyzing class C beta-lactamase ACT-122,BETA-LACTAM,CEPHALOSPORIN
blaACT,cephalosporin-hydrolyzing class C beta-lactamase ACT-123,BETA-LACTAM,CEPHALOSPORIN
blaACT,cephalosporin-hydrolyzing class C beta-lactamase ACT-124,BETA-LACTAM,CEPHALOSPORIN
blaACT,cephalosporin-hydrolyzing class C beta-lactamase ACT-125,BETA-LACTAM,CEPHALOSPORIN
blaACT,cephalosporin-hydrolyzing class C beta-lactamase ACT-126,BETA-LACTAM,CEPHALOSPORIN
blaACT,cephalosporin-hydrolyzing class C beta-lactamase ACT-127,BETA-LACTAM,CEPHALOSPORIN
blaACT,cephalosporin-hydrolyzing class C beta-lactamase ACT-128,BETA-LACTAM,CEPHALOSPORIN
blaACT,cephalosporin-hydrolyzing class C beta-lactamase ACT-129,BETA-LACTAM,CEPHALOSPORIN
blaACT,cephalosporin-hydrolyzing class C beta-lactamase ACT-12,BETA-LACTAM,CEPHALOSPORIN
blaACT,cephalosporin-hydrolyzing class C beta-lactamase ACT-130,BETA-LACTAM,CEPHALOSPORIN
blaACT,cephalosporin-hydrolyzing class C beta-lactamase ACT-131,BETA-LACTAM,CEPHALOSPORIN
blaACT,cephalosporin-hydrolyzing class C beta-lactamase ACT-132,BETA-LACTAM,CEPHALOSPORIN
blaACT,cephalosporin-hydrolyzing class C beta-lactamase ACT-133,BETA-LACTAM,CEPHALOSPORIN
blaACT,cephalosporin-hydrolyzing class C beta-lactamase ACT-134,BETA-LACTAM,CEPHALOSPORIN
blaACT,cephalosporin-hydrolyzing class C beta-lactamase ACT-135,BETA-LACTAM,CEPHALOSPORIN
blaACT,cephalosporin-hydrolyzing class C beta-lactamase ACT-136,BETA-LACTAM,CEPHALOSPORIN
blaACT,cephalosporin-hydrolyzing class C beta-lactamase ACT-137,BETA-LACTAM,CEPHALOSPORIN
blaACT,cephalosporin-hydrolyzing class C beta-lactamase ACT-138,BETA-LACTAM,CEPHALOSPORIN
blaACT,cephalosporin-hydrolyzing class C beta-lactamase ACT-139,BETA-LACTAM,CEPHALOSPORIN
blaACT,cephalosporin-hydrolyzing class C beta-lactamase ACT-13,BETA-LACTAM,CEPHALOSPORIN
blaACT,cephalosporin-hydrolyzing class C beta-lactamase ACT-140,BETA-LACTAM,CEPHALOSPORIN
blaACT,cephalosporin-hydrolyzing class C beta-lactamase ACT-141,BETA-LACTAM,CEPHALOSPORIN
blaACT,cephalosporin-hydrolyzing class C beta-lactamase ACT-142,BETA-LACTAM,CEPHALOSPORIN
blaACT,cephalosporin-hydrolyzing class C beta-lactamase ACT-143,BETA-LACTAM,CEPHALOSPORIN
blaACT,cephalosporin-hydrolyzing class C beta-lactamase ACT-144,BETA-LACTAM,CEPHALOSPORIN
blaACT,cephalosporin-hydrolyzing class C beta-lactamase ACT-145,BETA-LACTAM,CEPHALOSPORIN
blaACT,cephalosporin-hydrolyzing class C beta-lactamase ACT-146,BETA-LACTAM,CEPHALOSPORIN
blaACT,cephalosporin-hydrolyzing class C beta-lactamase ACT-147,BETA-LACTAM,CEPHALOSPORIN
blaACT,cephalosporin-hydrolyzing class C beta-lactamase ACT-148,BETA-LACTAM,CEPHALOSPORIN
blaACT,cephalosporin-hydrolyzing class C beta-lactamase ACT-149,BETA-LACTAM,CEPHALOSPORIN
blaACT,cephalosporin-hydrolyzing class C beta-lactamase ACT-14,BETA-LACTAM,CEPHALOSPORIN
blaACT,cephalosporin-hydrolyzing class C beta-lactamase ACT-150,BETA-LACTAM,CEPHALOSPORIN
blaACT,cephalosporin-hydrolyzing class C beta-lactamase ACT-151,BETA-LACTAM,CEPHALOSPORIN
blaACT,cephalosporin-hydrolyzing class C beta-lactamase ACT-152,BETA-LACTAM,CEPHALOSPORIN
blaACT,cephalosporin-hydrolyzing class C beta-lactamase ACT-153,BETA-LACTAM,CEPHALOSPORIN
blaACT,cephalosporin-hydrolyzing class C beta-lactamase ACT-154,BETA-LACTAM,CEPHALOSPORIN
blaACT,cephalosporin-hydrolyzing class C beta-lactamase ACT-155,BETA-LACTAM,CEPHALOSPORIN
blaACT,cephalosporin-hydrolyzing class C beta-lactamase ACT-156,BETA-LACTAM,CEPHALOSPORIN
blaACT,cephalosporin-hydrolyzing class C beta-lactamase ACT-157,BETA-LACTAM,CEPHALOSPORIN
blaACT,cephalosporin-hydrolyzing class C beta-lactamase ACT-158,BETA-LACTAM,CEPHALOSPORIN
blaACT,cephalosporin-hydrolyzing class C beta-lactamase ACT-159,BETA-LACTAM,CEPHALOSPORIN
blaACT,cephalosporin-hydrolyzing class C beta-lactamase ACT-15,BETA-LACTAM,CEPHALOSPORIN
blaACT,cephalosporin-hydrolyzing class C beta-lactamase ACT-160,BETA-LACTAM,CEPHALOSPORIN
blaACT,cephalosporin-hydrolyzing class C beta-lactamase ACT-161,BETA-LACTAM,CEPHALOSPORIN
blaACT,cephalosporin-hydrolyzing class C beta-lactamase ACT-162,BETA-LACTAM,CEPHALOSPORIN
blaACT,cephalosporin-hydrolyzing class C beta-lactamase ACT-163,BETA-LACTAM,CEPHALOSPORIN
blaACT,cephalosporin-hydrolyzing class C beta-lactamase ACT-164,BETA-LACTAM,CEPHALOSPORIN
blaACT,cephalosporin-hydrolyzing class C beta-lactamase ACT-165,BETA-LACTAM,CEPHALOSPORIN
blaACT,cephalosporin-hydrolyzing class C beta-lactamase ACT-166,BETA-LACTAM,CEPHALOSPORIN
blaACT,cephalosporin-hydrolyzing class C beta-lactamase ACT-167,BETA-LACTAM,CEPHALOSPORIN
blaACT,cephalosporin-hydrolyzing class C beta-lactamase ACT-168,BETA-LACTAM,CEPHALOSPORIN
blaACT,cephalosporin-hydrolyzing class C beta-lactamase ACT-169,BETA-LACTAM,CEPHALOSPORIN
blaACT,cephalosporin-hydrolyzing class C beta-lactamase ACT-16,BETA-LACTAM,CEPHALOSPORIN
blaACT,cephalosporin-hydrolyzing class C beta-lactamase ACT-170,BETA-LACTAM,CEPHALOSPORIN
blaACT,cephalosporin-hydrolyzing class C beta-lactamase ACT-171,BETA-LACTAM,CEPHALOSPORIN
blaACT,cephalosporin-hydrolyzing class C beta-lactamase ACT-172,BETA-LACTAM,CEPHALOSPORIN
blaACT,cephalosporin-hydrolyzing class C beta-lactamase ACT-173,BETA-LACTAM,CEPHALOSPORIN
blaACT,cephalosporin-hydrolyzing class C beta-lactamase ACT-174,BETA-LACTAM,CEPHALOSPORIN
blaACT,cephalosporin-hydrolyzing class C beta-lactamase ACT-175,BETA-LACTAM,CEPHALOSPORIN
blaACT,cephalosporin-hydrolyzing class C beta-lactamase ACT-176,BETA-LACTAM,CEPHALOSPORIN
blaACT,cephalosporin-hydrolyzing class C beta-lactamase ACT-177,BETA-LACTAM,CEPHALOSPORIN
blaACT,cephalosporin-hydrolyzing class C beta-lactamase ACT-178,BETA-LACTAM,CEPHALOSPORIN
blaACT,cephalosporin-hydrolyzing class C beta-lactamase ACT-179,BETA-LACTAM,CEPHALOSPORIN
blaACT,cephalosporin-hydrolyzing class C beta-lactamase ACT-17,BETA-LACTAM,CEPHALOSPORIN
blaACT,cephalosporin-hydrolyzing class C beta-lactamase ACT-180,BETA-LACTAM,CEPHALOSPORIN
blaACT,cephalosporin-hydrolyzing class C beta-lactamase ACT-181,BETA-LACTAM,CEPHALOSPORIN
blaACT,cephalosporin-hydrolyzing class C beta-lactamase ACT-182,BETA-LACTAM,CEPHALOSPORIN
blaACT,cephalosporin-hydrolyzing class C beta-lactamase ACT-183,BETA-LACTAM,CEPHALOSPORIN
blaACT,cephalosporin-hydrolyzing class C beta-lactamase ACT-184,BETA-LACTAM,CEPHALOSPORIN
blaACT,cephalosporin-hydrolyzing class C beta-lactamase ACT-185,BETA-LACTAM,CEPHALOSPORIN
blaACT,cephalosporin-hydrolyzing class C beta-lactamase ACT-186,BETA-LACTAM,CEPHALOSPORIN
blaACT,cephalosporin-hydrolyzing class C beta-lactamase ACT-187,BETA-LACTAM,CEPHALOSPORIN
blaACT,cephalosporin-hydrolyzing class C beta-lactamase ACT-188,BETA-LACTAM,CEPHALOSPORIN
blaACT,cephalosporin-hydrolyzing class C beta-lactamase ACT-189,BETA-LACTAM,CEPHALOSPORIN
blaACT,cephalosporin-hydrolyzing class C beta-lactamase ACT-18,BETA-LACTAM,CEPHALOSPORIN
blaACT,cephalosporin-hydrolyzing class C beta-lactamase ACT-190,BETA-LACTAM,CEPHALOSPORIN
blaACT,cephalosporin-hydrolyzing class C beta-lactamase ACT-191,BETA-LACTAM,CEPHALOSPORIN
blaACT,cephalosporin-hydrolyzing class C beta-lactamase ACT-192,BETA-LACTAM,CEPHALOSPORIN
blaACT,cephalosporin-hydrolyzing class C beta-lactamase ACT-193,BETA-LACTAM,CEPHALOSPORIN
blaACT,cephalosporin-hydrolyzing class C beta-lactamase ACT-194,BETA-LACTAM,CEPHALOSPORIN
blaACT,cephalosporin-hydrolyzing class C beta-lactamase ACT-195,BETA-LACTAM,CEPHALOSPORIN
blaACT,cephalosporin-hydrolyzing class C beta-lactamase ACT-196,BETA-LACTAM,CEPHALOSPORIN
blaACT,cephalosporin-hydrolyzing class C beta-lactamase ACT-197,BETA-LACTAM,CEPHALOSPORIN
blaACT,cephalosporin-hydrolyzing class C beta-lactamase ACT-198,BETA-LACTAM,CEPHALOSPORIN
blaACT,cephalosporin-hydrolyzing class C beta-lactamase ACT-199,BETA-LACTAM,CEPHALOSPORIN
blaACT,cephalosporin-hydrolyzing class C beta-lactamase ACT-19,BETA-LACTAM,CEPHALOSPORIN
blaACT,cephalosporin-hydrolyzing class C beta-lactamase ACT-1,BETA-LACTAM,CEPHALOSPORIN
blaACT,cephalosporin-hydrolyzing class C beta-lactamase ACT-200,BETA-LACTAM,CEPHALOSPORIN
blaACT,cephalosporin-hydrolyzing class C beta-lactamase ACT-201,BETA-LACTAM,CEPHALOSPORIN
blaACT,cephalosporin-hydrolyzing class C beta-lactamase ACT-202,BETA-LACTAM,CEPHALOSPORIN
blaACT,cephalosporin-hydrolyzing class C beta-lactamase ACT-203,BETA-LACTAM,CEPHALOSPORIN
blaACT,cephalosporin-hydrolyzing class C beta-lactamase ACT-204,BETA-LACTAM,CEPHALOSPORIN
blaACT,cephalosporin-hydrolyzing class C beta-lactamase ACT-205,BETA-LACTAM,CEPHALOSPORIN
blaACT,cephalosporin-hydrolyzing class C beta-lactamase ACT-206,BETA-LACTAM,CEPHALOSPORIN
blaACT,cephalosporin-hydrolyzing class C beta-lactamase ACT-207,BETA-LACTAM,CEPHALOSPORIN
blaACT,cephalosporin-hydrolyzing class C beta-lactamase ACT-208,BETA-LACTAM,CEPHALOSPORIN
blaACT,cephalosporin-hydrolyzing class C beta-lactamase ACT-209,BETA-LACTAM,CEPHALOSPORIN
blaACT,cephalosporin-hydrolyzing class C beta-lactamase ACT-20,BETA-LACTAM,CEPHALOSPORIN
blaACT,cephalosporin-hydrolyzing class C beta-lactamase ACT-210,BETA-LACTAM,CEPHALOSPORIN
blaACT,cephalosporin-hydrolyzing class C beta-lactamase ACT-211,BETA-LACTAM,CEPHALOSPORIN
blaACT,cephalosporin-hydrolyzing class C beta-lactamase ACT-212,BETA-LACTAM,CEPHALOSPORIN
blaACT,cephalosporin-hydrolyzing class C beta-lactamase ACT-213,BETA-LACTAM,CEPHALOSPORIN
blaACT,cephalosporin-hydrolyzing class C beta-lactamase ACT-214,BETA-LACTAM,CEPHALOSPORIN
blaACT,cephalosporin-hydrolyzing class C beta-lactamase ACT-21,BETA-LACTAM,CEPHALOSPORIN
blaACT,cephalosporin-hydrolyzing class C beta-lactamase ACT-22,BETA-LACTAM,CEPHALOSPORIN
blaACT,cephalosporin-hydrolyzing class C beta-lactamase ACT-23,BETA-LACTAM,CEPHALOSPORIN
blaACT,cephalosporin-hydrolyzing class C beta-lactamase ACT-24,BETA-LACTAM,CEPHALOSPORIN
blaACT,cephalosporin-hydrolyzing class C beta-lactamase ACT-25,BETA-LACTAM,CEPHALOSPORIN
blaACT,cephalosporin-hydrolyzing class C beta-lactamase ACT-27,BETA-LACTAM,CEPHALOSPORIN
blaACT,cephalosporin-hydrolyzing class C beta-lactamase ACT-28,BETA-LACTAM,CEPHALOSPORIN
blaACT,cephalosporin-hydrolyzing class C beta-lactamase ACT-29,BETA-LACTAM,CEPHALOSPORIN
blaACT,cephalosporin-hydrolyzing class C beta-lactamase ACT-2,BETA-LACTAM,CEPHALOSPORIN
blaACT,cephalosporin-hydrolyzing class C beta-lactamase ACT-30,BETA-LACTAM,CEPHALOSPORIN
blaACT,cephalosporin-hydrolyzing class C beta-lactamase ACT-31,BETA-LACTAM,CEPHALOSPORIN
blaACT,cephalosporin-hydrolyzing class C beta-lactamase ACT-32,BETA-LACTAM,CEPHALOSPORIN
blaACT,cephalosporin-hydrolyzing class C beta-lactamase ACT-33,BETA-LACTAM,CEPHALOSPORIN
blaACT,cephalosporin-hydrolyzing class C beta-lactamase ACT-34,BETA-LACTAM,CEPHALOSPORIN
blaACT,cephalosporin-hydrolyzing class C beta-lactamase ACT-35,BETA-LACTAM,CEPHALOSPORIN
blaACT,cephalosporin-hydrolyzing class C beta-lactamase ACT-36,BETA-LACTAM,CEPHALOSPORIN
blaACT,cephalosporin-hydrolyzing class C beta-lactamase ACT-37,BETA-LACTAM,CEPHALOSPORIN
blaACT,cephalosporin-hydrolyzing class C beta-lactamase ACT-38,BETA-LACTAM,CEPHALOSPORIN
blaACT,cephalosporin-hydrolyzing class C beta-lactamase ACT-39,BETA-LACTAM,CEPHALOSPORIN
blaACT,cephalosporin-hydrolyzing class C beta-lactamase ACT-3,BETA-LACTAM,CEPHALOSPORIN
blaACT,cephalosporin-hydrolyzing class C beta-lactamase ACT-40,BETA-LACTAM,CEPHALOSPORIN
blaACT,cephalosporin-hydrolyzing class C beta-lactamase ACT-41,BETA-LACTAM,CEPHALOSPORIN
blaACT,cephalosporin-hydrolyzing class C beta-lactamase ACT-42,BETA-LACTAM,CEPHALOSPORIN
blaACT,cephalosporin-hydrolyzing class C beta-lactamase ACT-43,BETA-LACTAM,CEPHALOSPORIN
blaACT,cephalosporin-hydrolyzing class C beta-lactamase ACT-44,BETA-LACTAM,CEPHALOSPORIN
blaACT,cephalosporin-hydrolyzing class C beta-lactamase ACT-45,BETA-LACTAM,CEPHALOSPORIN
blaACT,cephalosporin-hydrolyzing class C beta-lactamase ACT-46,BETA-LACTAM,CEPHALOSPORIN
blaACT,cephalosporin-hydrolyzing class C beta-lactamase ACT-47,BETA-LACTAM,CEPHALOSPORIN
blaACT,cephalosporin-hydrolyzing class C beta-lactamase ACT-48,BETA-LACTAM,CEPHALOSPORIN
blaACT,cephalosporin-hydrolyzing class C beta-lactamase ACT-49,BETA-LACTAM,CEPHALOSPORIN
blaACT,cephalosporin-hydrolyzing class C beta-lactamase ACT-4,BETA-LACTAM,CEPHALOSPORIN
blaACT,cephalosporin-hydrolyzing class C beta-lactamase ACT-50,BETA-LACTAM,CEPHALOSPORIN
blaACT,cephalosporin-hydrolyzing class C beta-lactamase ACT-51,BETA-LACTAM,CEPHALOSPORIN
blaACT,cephalosporin-hydrolyzing class C beta-lactamase ACT-52,BETA-LACTAM,CEPHALOSPORIN
blaACT,cephalosporin-hydrolyzing class C beta-lactamase ACT-53,BETA-LACTAM,CEPHALOSPORIN
blaACT,cephalosporin-hydrolyzing class C beta-lactamase ACT-54,BETA-LACTAM,CEPHALOSPORIN
blaACT,cephalosporin-hydrolyzing class C beta-lactamase ACT-55,BETA-LACTAM,CEPHALOSPORIN
blaACT,cephalosporin-hydrolyzing class C beta-lactamase ACT-56,BETA-LACTAM,CEPHALOSPORIN
blaACT,cephalosporin-hydrolyzing class C beta-lactamase ACT-57,BETA-LACTAM,CEPHALOSPORIN
blaACT,cephalosporin-hydrolyzing class C beta-lactamase ACT-58,BETA-LACTAM,CEPHALOSPORIN
blaACT,cephalosporin-hydrolyzing class C beta-lactamase ACT-59,BETA-LACTAM,CEPHALOSPORIN
blaACT,cephalosporin-hydrolyzing class C beta-lactamase ACT-5,BETA-LACTAM,CEPHALOSPORIN
blaACT,cephalosporin-hydrolyzing class C beta-lactamase ACT-60,BETA-LACTAM,CEPHALOSPORIN
blaACT,cephalosporin-hydrolyzing class C beta-lactamase ACT-61,BETA-LACTAM,CEPHALOSPORIN
blaACT,cephalosporin-hydrolyzing class C beta-lactamase ACT-62,BETA-LACTAM,CEPHALOSPORIN
blaACT,cephalosporin-hydrolyzing class C beta-lactamase ACT-63,BETA-LACTAM,CEPHALOSPORIN
blaACT,cephalosporin-hydrolyzing class C beta-lactamase ACT-64,BETA-LACTAM,CEPHALOSPORIN
blaACT,cephalosporin-hydrolyzing class C beta-lactamase ACT-65,BETA-LACTAM,CEPHALOSPORIN
blaACT,cephalosporin-hydrolyzing class C beta-lactamase ACT-66,BETA-LACTAM,CEPHALOSPORIN
blaACT,cephalosporin-hydrolyzing class C beta-lactamase ACT-67,BETA-LACTAM,CEPHALOSPORIN
blaACT,cephalosporin-hydrolyzing class C beta-lactamase ACT-68,BETA-LACTAM,CEPHALOSPORIN
blaACT,cephalosporin-hydrolyzing class C beta-lactamase ACT-69,BETA-LACTAM,CEPHALOSPORIN
blaACT,cephalosporin-hydrolyzing class C beta-lactamase ACT-6,BETA-LACTAM,CEPHALOSPORIN
blaACT,cephalosporin-hydrolyzing class C beta-lactamase ACT-70,BETA-LACTAM,CEPHALOSPORIN
blaACT,cephalosporin-hydrolyzing class C beta-lactamase ACT-72,BETA-LACTAM,CEPHALOSPORIN
blaACT,cephalosporin-hydrolyzing class C beta-lactamase ACT-73,BETA-LACTAM,CEPHALOSPORIN
blaACT,cephalosporin-hydrolyzing class C beta-lactamase ACT-74,BETA-LACTAM,CEPHALOSPORIN
blaACT,cephalosporin-hydrolyzing class C beta-lactamase ACT-75,BETA-LACTAM,CEPHALOSPORIN
blaACT,cephalosporin-hydrolyzing class C beta-lactamase ACT-76,BETA-LACTAM,CEPHALOSPORIN
blaACT,cephalosporin-hydrolyzing class C beta-lactamase ACT-77,BETA-LACTAM,CEPHALOSPORIN
blaACT,cephalosporin-hydrolyzing class C beta-lactamase ACT-78,BETA-LACTAM,CEPHALOSPORIN
blaACT,cephalosporin-hydrolyzing class C beta-lactamase ACT-79,BETA-LACTAM,CEPHALOSPORIN
blaACT,cephalosporin-hydrolyzing class C beta-lactamase ACT-7,BETA-LACTAM,CEPHALOSPORIN
blaACT,cephalosporin-hydrolyzing class C beta-lactamase ACT-80,BETA-LACTAM,CEPHALOSPORIN
blaACT,cephalosporin-hydrolyzing class C beta-lactamase ACT-81,BETA-LACTAM,CEPHALOSPORIN
blaACT,cephalosporin-hydrolyzing class C beta-lactamase ACT-82,BETA-LACTAM,CEPHALOSPORIN
blaACT,cephalosporin-hydrolyzing class C beta-lactamase ACT-83,BETA-LACTAM,CEPHALOSPORIN
blaACT,cephalosporin-hydrolyzing class C beta-lactamase ACT-84,BETA-LACTAM,CEPHALOSPORIN
blaACT,ceftazidime-hydrolyzing class C beta-lactamase ACT-85,BETA-LACTAM,CEPHALOSPORIN
blaACT,inhibitor-resistant ceftazidime-hydrolyzing class C beta-lactamase ACT-86,BETA-LACTAM,CEPHALOSPORIN
blaACT,cephalosporin-hydrolyzing class C beta-lactamase ACT-87,BETA-LACTAM,CEPHALOSPORIN
blaACT,cephalosporin-hydrolyzing class C beta-lactamase ACT-88,BETA-LACTAM,CEPHALOSPORIN
blaACT,cephalosporin-hydrolyzing class C beta-lactamase ACT-89,BETA-LACTAM,CEPHALOSPORIN
blaACT,cephalosporin-hydrolyzing class C beta-lactamase ACT-8,BETA-LACTAM,CEPHALOSPORIN
blaACT,cephalosporin-hydrolyzing class C beta-lactamase ACT-90,BETA-LACTAM,CEPHALOSPORIN
blaACT,cephalosporin-hydrolyzing class C beta-lactamase ACT-91,BETA-LACTAM,CEPHALOSPORIN
blaACT,cephalosporin-hydrolyzing class C beta-lactamase ACT-92,BETA-LACTAM,CEPHALOSPORIN
blaACT,cephalosporin-hydrolyzing class C beta-lactamase ACT-93,BETA-LACTAM,CEPHALOSPORIN
blaACT,cephalosporin-hydrolyzing class C beta-lactamase ACT-94,BETA-LACTAM,CEPHALOSPORIN
blaACT,cephalosporin-hydrolyzing class C beta-lactamase ACT-95,BETA-LACTAM,CEPHALOSPORIN
blaACT,cephalosporin-hydrolyzing class C beta-lactamase ACT-96,BETA-LACTAM,CEPHALOSPORIN
blaACT,cephalosporin-hydrolyzing class C beta-lactamase ACT-97,BETA-LACTAM,CEPHALOSPORIN
blaACT,cephalosporin-hydrolyzing class C beta-lactamase ACT-98,BETA-LACTAM,CEPHALOSPORIN
blaACT,cephalosporin-hydrolyzing class C beta-lactamase ACT-99,BETA-LACTAM,CEPHALOSPORIN
blaACT,cephalosporin-hydrolyzing class C beta-lactamase ACT-9,BETA-LACTAM,CEPHALOSPORIN
blaACT,extended spectrum class C beta-lactamase ACT-GC1,BETA-LACTAM,CEPHALOSPORIN
blaADC,extended-spectrum class C beta-lactamase ADC-100,BETA-LACTAM,CEPHALOSPORIN
blaADC,extended-spectrum class C beta-lactamase ADC-101,BETA-LACTAM,CEPHALOSPORIN
blaADC,extended-spectrum class C beta-lactamase ADC-102,BETA-LACTAM,CEPHALOSPORIN
blaADC,extended-spectrum class C beta-lactamase ADC-103,BETA-LACTAM,CEPHALOSPORIN
blaADC,extended-spectrum class C beta-lactamase ADC-104,BETA-LACTAM,CEPHALOSPORIN
blaADC,extended-spectrum class C beta-lactamase ADC-105,BETA-LACTAM,CEPHALOSPORIN
blaADC,extended-spectrum class C beta-lactamase ADC-106,BETA-LACTAM,CEPHALOSPORIN
blaADC,extended-spectrum class C beta-lactamase ADC-107,BETA-LACTAM,CEPHALOSPORIN
blaADC,extended-spectrum class C beta-lactamase ADC-109,BETA-LACTAM,CEPHALOSPORIN
blaADC,extended-spectrum class C beta-lactamase ADC-10,BETA-LACTAM,CEPHALOSPORIN
blaADC,extended-spectrum class C beta-lactamase ADC-110,BETA-LACTAM,CEPHALOSPORIN
blaADC,extended-spectrum class C beta-lactamase ADC-112,BETA-LACTAM,CEPHALOSPORIN
blaADC,extended-spectrum class C beta-lactamase ADC-113,BETA-LACTAM,CEPHALOSPORIN
blaADC,extended-spectrum class C beta-lactamase ADC-114,BETA-LACTAM,CEPHALOSPORIN
blaADC,extended-spectrum class C beta-lactamase ADC-115,BETA-LACTAM,CEPHALOSPORIN
blaADC,extended-spectrum class C beta-lactamase ADC-116,BETA-LACTAM,CEPHALOSPORIN
blaADC,extended-spectrum class C beta-lactamase ADC-117,BETA-LACTAM,CEPHALOSPORIN
blaADC,extended-spectrum class C beta-lactamase ADC-119,BETA-LACTAM,CEPHALOSPORIN
blaADC,extended-spectrum class C beta-lactamase ADC-11,BETA-LACTAM,CEPHALOSPORIN
blaADC,extended-spectrum class C beta-lactamase ADC-120,BETA-LACTAM,CEPHALOSPORIN
blaADC,extended-spectrum class C beta-lactamase ADC-121,BETA-LACTAM,CEPHALOSPORIN
blaADC,extended-spectrum class C beta-lactamase ADC-122,BETA-LACTAM,CEPHALOSPORIN
blaADC,extended-spectrum class C beta-lactamase ADC-123,BETA-LACTAM,CEPHALOSPORIN
blaADC,extended-spectrum class C beta-lactamase ADC-125,BETA-LACTAM,CEPHALOSPORIN
blaADC,extended-spectrum class C beta-lactamase ADC-127,BETA-LACTAM,CEPHALOSPORIN
blaADC,extended-spectrum class C beta-lactamase ADC-128,BETA-LACTAM,CEPHALOSPORIN
blaADC,extended-spectrum class C beta-lactamase ADC-129,BETA-LACTAM,CEPHALOSPORIN
blaADC,extended-spectrum class C beta-lactamase ADC-12,BETA-LACTAM,CEPHALOSPORIN
blaADC,extended-spectrum class C beta-lactamase ADC-130,BETA-LACTAM,CEPHALOSPORIN
blaADC,extended-spectrum class C beta-lactamase ADC-131,BETA-LACTAM,CEPHALOSPORIN
blaADC,extended-spectrum class C beta-lactamase ADC-132,BETA-LACTAM,CEPHALOSPORIN
blaADC,extended-spectrum class C beta-lactamase ADC-133,BETA-LACTAM,CEPHALOSPORIN
blaADC,extended-spectrum class C beta-lactamase ADC-134,BETA-LACTAM,CEPHALOSPORIN
blaADC,extended-spectrum class C beta-lactamase ADC-135,BETA-LACTAM,CEPHALOSPORIN
blaADC,extended-spectrum class C beta-lactamase ADC-136,BETA-LACTAM,CEPHALOSPORIN
blaADC,extended-spectrum class C beta-lactamase ADC-137,BETA-LACTAM,CEPHALOSPORIN
blaADC,extended-spectrum class C beta-lactamase ADC-138,BETA-LACTAM,CEPHALOSPORIN
blaADC,extended-spectrum class C beta-lactamase ADC-139,BETA-LACTAM,CEPHALOSPORIN
blaADC,extended-spectrum class C beta-lactamase ADC-13,BETA-LACTAM,CEPHALOSPORIN
blaADC,extended-spectrum class C beta-lactamase ADC-140,BETA-LACTAM,CEPHALOSPORIN
blaADC,extended-spectrum class C beta-lactamase ADC-141,BETA-LACTAM,CEPHALOSPORIN
blaADC,extended-spectrum class C beta-lactamase ADC-143,BETA-LACTAM,CEPHALOSPORIN
blaADC,cefepime-hydrolyzing class C beta-lactamase ADC-144,BETA-LACTAM,CEPHALOSPORIN
blaADC,extended-spectrum class C beta-lactamase ADC-145,BETA-LACTAM,CEPHALOSPORIN
blaADC,extended-spectrum class C beta-lactamase ADC-146,BETA-LACTAM,CEPHALOSPORIN
blaADC,extended-spectrum class C beta-lactamase ADC-147,BETA-LACTAM,CEPHALOSPORIN
blaADC,extended-spectrum class C beta-lactamase ADC-148,BETA-LACTAM,CEPHALOSPORIN
blaADC,extended-spectrum class C beta-lactamase ADC-149,BETA-LACTAM,CEPHALOSPORIN
blaADC,extended-spectrum class C beta-lactamase ADC-14,BETA-LACTAM,CEPHALOSPORIN
blaADC,extended-spectrum class C beta-lactamase ADC-150,BETA-LACTAM,CEPHALOSPORIN
blaADC,extended-spectrum class C beta-lactamase ADC-151,BETA-LACTAM,CEPHALOSPORIN
blaADC,extended-spectrum class C beta-lactamase ADC-152,BETA-LACTAM,CEPHALOSPORIN
blaADC,extended-spectrum class C beta-lactamase ADC-153,BETA-LACTAM,CEPHALOSPORIN
blaADC,extended-spectrum class C beta-lactamase ADC-154,BETA-LACTAM,CEPHALOSPORIN
blaADC,extended-spectrum class C beta-lactamase ADC-155,BETA-LACTAM,CEPHALOSPORIN
blaADC,extended-spectrum class C beta-lactamase ADC-156,BETA-LACTAM,CEPHALOSPORIN
blaADC,extended-spectrum class C beta-lactamase ADC-157,BETA-LACTAM,CEPHALOSPORIN
blaADC,extended-spectrum class C beta-lactamase ADC-158,BETA-LACTAM,CEPHALOSPORIN
blaADC,extended-spectrum class C beta-lactamase ADC-159,BETA-LACTAM,CEPHALOSPORIN
blaADC,extended-spectrum class C beta-lactamase ADC-15,BETA-LACTAM,CEPHALOSPORIN
blaADC,extended-spectrum class C beta-lactamase ADC-160,BETA-LACTAM,CEPHALOSPORIN
blaADC,extended-spectrum class C beta-lactamase ADC-162,BETA-LACTAM,CEPHALOSPORIN
blaADC,extended-spectrum class C beta-lactamase ADC-163,BETA-LACTAM,CEPHALOSPORIN
blaADC,extended-spectrum class C beta-lactamase ADC-164,BETA-LACTAM,CEPHALOSPORIN
blaADC,extended-spectrum class C beta-lactamase ADC-165,BETA-LACTAM,CEPHALOSPORIN
blaADC,extended-spectrum class C beta-lactamase ADC-166,BETA-LACTAM,CEPHALOSPORIN
blaADC,extended-spectrum class C beta-lactamase ADC-167,BETA-LACTAM,CEPHALOSPORIN
blaADC,extended-spectrum class C beta-lactamase ADC-168,BETA-LACTAM,CEPHALOSPORIN
blaADC,extended-spectrum class C beta-lactamase ADC-169,BETA-LACTAM,CEPHALOSPORIN
blaADC,extended-spectrum class C beta-lactamase ADC-16,BETA-LACTAM,CEPHALOSPORIN
blaADC,extended-spectrum class C beta-lactamase ADC-170,BETA-LACTAM,CEPHALOSPORIN
blaADC,cefepime-hydrolyzing class C beta-lactamase ADC-171,BETA-LACTAM,CEPHALOSPORIN
blaADC,cefepime-hydrolyzing class C beta-lactamase ADC-172,BETA-LACTAM,CEPHALOSPORIN
blaADC,cefepime-hydrolyzing class C beta-lactamase ADC-173,BETA-LACTAM,CEPHALOSPORIN
blaADC,extended-spectrum class C beta-lactamase ADC-174,BETA-LACTAM,CEPHALOSPORIN
blaADC,extended-spectrum class C beta-lactamase ADC-175,BETA-LACTAM,CEPHALOSPORIN
blaADC,extended-spectrum class C beta-lactamase ADC-176,BETA-LACTAM,CEPHALOSPORIN
blaADC,cefepime-hydrolyzing class C beta-lactamase ADC-177,BETA-LACTAM,CEPHALOSPORIN
blaADC,extended-spectrum class C beta-lactamase ADC-178,BETA-LACTAM,CEPHALOSPORIN
blaADC,extended-spectrum class C beta-lactamase ADC-179,BETA-LACTAM,CEPHALOSPORIN
blaADC,extended-spectrum class C beta-lactamase ADC-17,BETA-LACTAM,CEPHALOSPORIN
blaADC,extended-spectrum class C beta-lactamase ADC-180,BETA-LACTAM,CEPHALOSPORIN
blaADC,extended-spectrum class C beta-lactamase ADC-181,BETA-LACTAM,CEPHALOSPORIN
blaADC,extended-spectrum class C beta-lactamase ADC-182,BETA-LACTAM,CEPHALOSPORIN
blaADC,extended-spectrum class C beta-lactamase ADC-183,BETA-LACTAM,CEPHALOSPORIN
blaADC,extended-spectrum class C beta-lactamase ADC-184,BETA-LACTAM,CEPHALOSPORIN
blaADC,extended-spectrum class C beta-lactamase ADC-185,BETA-LACTAM,CEPHALOSPORIN
blaADC,extended-spectrum class C beta-lactamase ADC-186,BETA-LACTAM,CEPHALOSPORIN
blaADC,extended-spectrum class C beta-lactamase ADC-187,BETA-LACTAM,CEPHALOSPORIN
blaADC,extended-spectrum class C beta-lactamase ADC-188,BETA-LACTAM,CEPHALOSPORIN
blaADC,extended-spectrum class C beta-lactamase ADC-189,BETA-LACTAM,CEPHALOSPORIN
blaADC,extended-spectrum class C beta-lactamase ADC-18,BETA-LACTAM,CEPHALOSPORIN
blaADC,extended-spectrum class C beta-lactamase ADC-190,BETA-LACTAM,CEPHALOSPORIN
blaADC,extended-spectrum class C beta-lactamase ADC-191,BETA-LACTAM,CEPHALOSPORIN
blaADC,extended-spectrum class C beta-lactamase ADC-192,BETA-LACTAM,CEPHALOSPORIN
blaADC,extended-spectrum class C beta-lactamase ADC-193,BETA-LACTAM,CEPHALOSPORIN
blaADC,extended-spectrum class C beta-lactamase ADC-194,BETA-LACTAM,CEPHALOSPORIN
blaADC,extended-spectrum class C beta-lactamase ADC-195,BETA-LACTAM,CEPHALOSPORIN
blaADC,extended-spectrum class C beta-lactamase ADC-196,BETA-LACTAM,CEPHALOSPORIN
blaADC,extended-spectrum class C beta-lactamase ADC-197,BETA-LACTAM,CEPHALOSPORIN
blaADC,extended-spectrum class C beta-lactamase ADC-198,BETA-LACTAM,CEPHALOSPORIN
blaADC,extended-spectrum class C beta-lactamase ADC-199,BETA-LACTAM,CEPHALOSPORIN
blaADC,extended-spectrum class C beta-lactamase ADC-19,BETA-LACTAM,CEPHALOSPORIN
blaADC,extended-spectrum class C beta-lactamase ADC-1,BETA-LACTAM,CEPHALOSPORIN
blaADC,extended-spectrum class C beta-lactamase ADC-200,BETA-LACTAM,CEPHALOSPORIN
blaADC,extended-spectrum class C beta-lactamase ADC-201,BETA-LACTAM,CEPHALOSPORIN
blaADC,extended-spectrum class C beta-lactamase ADC-202,BETA-LACTAM,CEPHALOSPORIN
blaADC,extended-spectrum class C beta-lactamase ADC-203,BETA-LACTAM,CEPHALOSPORIN
blaADC,extended-spectrum class C beta-lactamase ADC-204,BETA-LACTAM,CEPHALOSPORIN
blaADC,extended-spectrum class C beta-lactamase ADC-205,BETA-LACTAM,CEPHALOSPORIN
blaADC,extended-spectrum class C beta-lactamase ADC-206,BETA-LACTAM,CEPHALOSPORIN
blaADC,extended-spectrum class C beta-lactamase ADC-207,BETA-LACTAM,CEPHALOSPORIN
blaADC,extended-spectrum class C beta-lactamase ADC-208,BETA-LACTAM,CEPHALOSPORIN
blaADC,extended-spectrum class C beta-lactamase ADC-209,BETA-LACTAM,CEPHALOSPORIN
blaADC,extended-spectrum class C beta-lactamase ADC-20,BETA-LACTAM,CEPHALOSPORIN
blaADC,extended-spectrum class C beta-lactamase ADC-210,BETA-LACTAM,CEPHALOSPORIN
blaADC,extended-spectrum class C beta-lactamase ADC-211,BETA-LACTAM,CEPHALOSPORIN
blaADC,extended-spectrum class C beta-lactamase ADC-212,BETA-LACTAM,CEPHALOSPORIN
blaADC,extended-spectrum class C beta-lactamase ADC-213,BETA-LACTAM,CEPHALOSPORIN
blaADC,extended-spectrum class C beta-lactamase ADC-214,BETA-LACTAM,CEPHALOSPORIN
blaADC,extended-spectrum class C beta-lactamase ADC-215,BETA-LACTAM,CEPHALOSPORIN
blaADC,extended-spectrum class C beta-lactamase ADC-216,BETA-LACTAM,CEPHALOSPORIN
blaADC,extended-spectrum class C beta-lactamase ADC-217,BETA-LACTAM,CEPHALOSPORIN
blaADC,extended-spectrum class C beta-lactamase ADC-218,BETA-LACTAM,CEPHALOSPORIN
blaADC,cefepime-hydrolyzing class C beta-lactamase ADC-219,BETA-LACTAM,CEPHALOSPORIN
blaADC,extended-spectrum class C beta-lactamase ADC-21,BETA-LACTAM,CEPHALOSPORIN
blaADC,extended-spectrum class C beta-lactamase ADC-220,BETA-LACTAM,CEPHALOSPORIN
blaADC,extended-spectrum class C beta-lactamase ADC-221,BETA-LACTAM,CEPHALOSPORIN
blaADC,extended-spectrum class C beta-lactamase ADC-222,BETA-LACTAM,CEPHALOSPORIN
blaADC,extended-spectrum class C beta-lactamase ADC-223,BETA-LACTAM,CEPHALOSPORIN
blaADC,cefepime-hydrolyzing class C beta-lactamase ADC-224,BETA-LACTAM,CEPHALOSPORIN
blaADC,cefepime-hydrolyzing class C beta-lactamase ADC-225,BETA-LACTAM,CEPHALOSPORIN
blaADC,extended-spectrum class C beta-lactamase ADC-226,BETA-LACTAM,CEPHALOSPORIN
blaADC,extended-spectrum class C beta-lactamase ADC-227,BETA-LACTAM,CEPHALOSPORIN
blaADC,cefepime-hydrolyzing class C beta-lactamase ADC-228,BETA-LACTAM,CEPHALOSPORIN
blaADC,extended-spectrum class C beta-lactamase ADC-229,BETA-LACTAM,CEPHALOSPORIN
blaADC,extended-spectrum class C beta-lactamase ADC-22,BETA-LACTAM,CEPHALOSPORIN
blaADC,extended-spectrum class C beta-lactamase ADC-230,BETA-LACTAM,CEPHALOSPORIN
blaADC,extended-spectrum class C beta-lactamase ADC-231,BETA-LACTAM,CEPHALOSPORIN
blaADC,cefepime-hydrolyzing class C beta-lactamase ADC-232,BETA-LACTAM,CEPHALOSPORIN
blaADC,cefepime-hydrolyzing class C beta-lactamase ADC-233,BETA-LACTAM,CEPHALOSPORIN
blaADC,extended-spectrum class C beta-lactamase ADC-234,BETA-LACTAM,CEPHALOSPORIN
blaADC,extended-spectrum class C beta-lactamase ADC-235,BETA-LACTAM,CEPHALOSPORIN
blaADC,extended-spectrum class C beta-lactamase ADC-236,BETA-LACTAM,CEPHALOSPORIN
blaADC,extended-spectrum class C beta-lactamase ADC-237,BETA-LACTAM,CEPHALOSPORIN
blaADC,extended-spectrum class C beta-lactamase ADC-238,BETA-LACTAM,CEPHALOSPORIN
blaADC,extended-spectrum class C beta-lactamase ADC-239,BETA-LACTAM,CEPHALOSPORIN
blaADC,extended-spectrum class C beta-lactamase ADC-23,BETA-LACTAM,CEPHALOSPORIN
blaADC,extended-spectrum class C beta-lactamase ADC-240,BETA-LACTAM,CEPHALOSPORIN
blaADC,extended-spectrum class C beta-lactamase ADC-241,BETA-LACTAM,CEPHALOSPORIN
blaADC,extended-spectrum class C beta-lactamase ADC-242,BETA-LACTAM,CEPHALOSPORIN
blaADC,extended-spectrum class C beta-lactamase ADC-243,BETA-LACTAM,CEPHALOSPORIN
blaADC,extended-spectrum class C beta-lactamase ADC-244,BETA-LACTAM,CEPHALOSPORIN
blaADC,extended-spectrum class C beta-lactamase ADC-245,BETA-LACTAM,CEPHALOSPORIN
blaADC,extended-spectrum class C beta-lactamase ADC-246,BETA-LACTAM,CEPHALOSPORIN
blaADC,extended-spectrum class C beta-lactamase ADC-247,BETA-LACTAM,CEPHALOSPORIN
blaADC,extended-spectrum class C beta-lactamase ADC-248,BETA-LACTAM,CEPHALOSPORIN
blaADC,extended-spectrum class C beta-lactamase ADC-249,BETA-LACTAM,CEPHALOSPORIN
blaADC,extended-spectrum class C beta-lactamase ADC-24,BETA-LACTAM,CEPHALOSPORIN
blaADC,extended-spectrum class C beta-lactamase ADC-250,BETA-LACTAM,CEPHALOSPORIN
blaADC,extended-spectrum class C beta-lactamase ADC-251,BETA-LACTAM,CEPHALOSPORIN
blaADC,extended-spectrum class C beta-lactamase ADC-252,BETA-LACTAM,CEPHALOSPORIN
blaADC,extended-spectrum class C beta-lactamase ADC-253,BETA-LACTAM,CEPHALOSPORIN
blaADC,extended-spectrum class C beta-lactamase ADC-254,BETA-LACTAM,CEPHALOSPORIN
blaADC,extended-spectrum class C beta-lactamase ADC-255,BETA-LACTAM,CEPHALOSPORIN
blaADC,extended-spectrum class C beta-lactamase ADC-256,BETA-LACTAM,CEPHALOSPORIN
blaADC,extended-spectrum class C beta-lactamase ADC-257,BETA-LACTAM,CEPHALOSPORIN
blaADC,extended-spectrum class C beta-lactamase ADC-258,BETA-LACTAM,CEPHALOSPORIN
blaADC,extended-spectrum class C beta-lactamase ADC-259,BETA-LACTAM,CEPHALOSPORIN
blaADC,extended-spectrum class C beta-lactamase ADC-25,BETA-LACTAM,CEPHALOSPORIN
blaADC,extended-spectrum class C beta-lactamase ADC-260,BETA-LACTAM,CEPHALOSPORIN
blaADC,cefepime-hydrolyzing class C beta-lactamase ADC-261,BETA-LACTAM,CEPHALOSPORIN
blaADC,extended-spectrum class C beta-lactamase ADC-262,BETA-LACTAM,CEPHALOSPORIN
blaADC,extended-spectrum class C beta-lactamase ADC-263,BETA-LACTAM,CEPHALOSPORIN
blaADC,extended-spectrum class C beta-lactamase ADC-264,BETA-LACTAM,CEPHALOSPORIN
blaADC,extended-spectrum class C beta-lactamase ADC-265,BETA-LACTAM,CEPHALOSPORIN
blaADC,extended-spectrum class C beta-lactamase ADC-266,BETA-LACTAM,CEPHALOSPORIN
blaADC,extended-spectrum class C beta-lactamase ADC-267,BETA-LACTAM,CEPHALOSPORIN
blaADC,extended-spectrum class C beta-lactamase ADC-268,BETA-LACTAM,CEPHALOSPORIN
blaADC,extended-spectrum class C beta-lactamase ADC-269,BETA-LACTAM,CEPHALOSPORIN
blaADC,extended-spectrum class C beta-lactamase ADC-26,BETA-LACTAM,CEPHALOSPORIN
blaADC,extended-spectrum class C beta-lactamase ADC-270,BETA-LACTAM,CEPHALOSPORIN
blaADC,extended-spectrum class C beta-lactamase ADC-271,BETA-LACTAM,CEPHALOSPORIN
blaADC,extended-spectrum class C beta-lactamase ADC-272,BETA-LACTAM,CEPHALOSPORIN
blaADC,extended-spectrum class C beta-lactamase ADC-273,BETA-LACTAM,CEPHALOSPORIN
blaADC,extended-spectrum class C beta-lactamase ADC-274,BETA-LACTAM,CEPHALOSPORIN
blaADC,extended-spectrum class C beta-lactamase ADC-275,BETA-LACTAM,CEPHALOSPORIN
blaADC,extended-spectrum class C beta-lactamase ADC-276,BETA-LACTAM,CEPHALOSPORIN
blaADC,extended-spectrum class C beta-lactamase ADC-277,BETA-LACTAM,CEPHALOSPORIN
blaADC,extended-spectrum class C beta-lactamase ADC-278,BETA-LACTAM,CEPHALOSPORIN
blaADC,extended-spectrum class C beta-lactamase ADC-279,BETA-LACTAM,CEPHALOSPORIN
blaADC,extended-spectrum class C beta-lactamase ADC-280,BETA-LACTAM,CEPHALOSPORIN
blaADC,extended-spectrum class C beta-lactamase ADC-281,BETA-LACTAM,CEPHALOSPORIN
blaADC,extended-spectrum class C beta-lactamase ADC-282,BETA-LACTAM,CEPHALOSPORIN
blaADC,extended-spectrum class C beta-lactamase ADC-283,BETA-LACTAM,CEPHALOSPORIN
blaADC,extended-spectrum class C beta-lactamase ADC-284,BETA-LACTAM,CEPHALOSPORIN
blaADC,extended-spectrum class C beta-lactamase ADC-285,BETA-LACTAM,CEPHALOSPORIN
blaADC,extended-spectrum class C beta-lactamase ADC-286,BETA-LACTAM,CEPHALOSPORIN
blaADC,extended-spectrum class C beta-lactamase ADC-287,BETA-LACTAM,CEPHALOSPORIN
blaADC,extended-spectrum class C beta-lactamase ADC-288,BETA-LACTAM,CEPHALOSPORIN
blaADC,extended-spectrum class C beta-lactamase ADC-289,BETA-LACTAM,CEPHALOSPORIN
blaADC,extended-spectrum class C beta-lactamase ADC-290,BETA-LACTAM,CEPHALOSPORIN
blaADC,extended-spectrum class C beta-lactamase ADC-291,BETA-LACTAM,CEPHALOSPORIN
blaADC,extended-spectrum class C beta-lactamase ADC-292,BETA-LACTAM,CEPHALOSPORIN
blaADC,extended-spectrum class C beta-lactamase ADC-293,BETA-LACTAM,CEPHALOSPORIN
blaADC,extended-spectrum class C beta-lactamase ADC-294,BETA-LACTAM,CEPHALOSPORIN
blaADC,extended-spectrum class C beta-lactamase ADC-295,BETA-LACTAM,CEPHALOSPORIN
blaADC,extended-spectrum class C beta-lactamase ADC-29,BETA-LACTAM,CEPHALOSPORIN
blaADC,extended-spectrum class C beta-lactamase ADC-2,BETA-LACTAM,CEPHALOSPORIN
blaADC,extended-spectrum class C beta-lactamase ADC-302,BETA-LACTAM,CEPHALOSPORIN
blaADC,extended-spectrum class C beta-lactamase ADC-303,BETA-LACTAM,CEPHALOSPORIN
blaADC,extended-spectrum class C beta-lactamase ADC-304,BETA-LACTAM,CEPHALOSPORIN
blaADC,extended-spectrum class C beta-lactamase ADC-305,BETA-LACTAM,CEPHALOSPORIN
blaADC,extended-spectrum class C beta-lactamase ADC-306,BETA-LACTAM,CEPHALOSPORIN
blaADC,extended-spectrum class C beta-lactamase ADC-307,BETA-LACTAM,CEPHALOSPORIN
blaADC,extended-spectrum class C beta-lactamase ADC-308,BETA-LACTAM,CEPHALOSPORIN
blaADC,extended-spectrum class C beta-lactamase ADC-309,BETA-LACTAM,CEPHALOSPORIN
blaADC,extended-spectrum class C beta-lactamase ADC-30,BETA-LACTAM,CEPHALOSPORIN
blaADC,extended-spectrum class C beta-lactamase ADC-310,BETA-LACTAM,CEPHALOSPORIN
blaADC,extended-spectrum class C beta-lactamase ADC-311,BETA-LACTAM,CEPHALOSPORIN
blaADC,extended-spectrum class C beta-lactamase ADC-312,BETA-LACTAM,CEPHALOSPORIN
blaADC,extended-spectrum class C beta-lactamase ADC-313,BETA-LACTAM,CEPHALOSPORIN
blaADC,extended-spectrum class C beta-lactamase ADC-314,BETA-LACTAM,CEPHALOSPORIN
blaADC,extended-spectrum class C beta-lactamase ADC-315,BETA-LACTAM,CEPHALOSPORIN
blaADC,extended-spectrum class C beta-lactamase ADC-316,BETA-LACTAM,CEPHALOSPORIN
blaADC,extended-spectrum class C beta-lactamase ADC-317,BETA-LACTAM,CEPHALOSPORIN
blaADC,extended-spectrum class C beta-lactamase ADC-318,BETA-LACTAM,CEPHALOSPORIN
blaADC,extended-spectrum class C beta-lactamase ADC-319,BETA-LACTAM,CEPHALOSPORIN
blaADC,extended-spectrum class C beta-lactamase ADC-31,BETA-LACTAM,CEPHALOSPORIN
blaADC,extended-spectrum class C beta-lactamase ADC-320,BETA-LACTAM,CEPHALOSPORIN
blaADC,extended-spectrum class C beta-lactamase ADC-321,BETA-LACTAM,CEPHALOSPORIN
blaADC,extended-spectrum class C beta-lactamase ADC-322,BETA-LACTAM,CEPHALOSPORIN
blaADC,extended-spectrum class C beta-lactamase ADC-323,BETA-LACTAM,CEPHALOSPORIN
blaADC,extended-spectrum class C beta-lactamase ADC-324,BETA-LACTAM,CEPHALOSPORIN
blaADC,extended-spectrum class C beta-lactamase ADC-325,BETA-LACTAM,CEPHALOSPORIN
blaADC,extended-spectrum class C beta-lactamase ADC-326,BETA-LACTAM,CEPHALOSPORIN
blaADC,extended-spectrum class C beta-lactamase ADC-327,BETA-LACTAM,CEPHALOSPORIN
blaADC,extended-spectrum class C beta-lactamase ADC-328,BETA-LACTAM,CEPHALOSPORIN
blaADC,extended-spectrum class C beta-lactamase ADC-329,BETA-LACTAM,CEPHALOSPORIN
blaADC,extended-spectrum class C beta-lactamase ADC-32,BETA-LACTAM,CEPHALOSPORIN
blaADC,extended-spectrum class C beta-lactamase ADC-330,BETA-LACTAM,CEPHALOSPORIN
blaADC,extended-spectrum class C beta-lactamase ADC-331,BETA-LACTAM,CEPHALOSPORIN
blaADC,extended-spectrum class C beta-lactamase ADC-332,BETA-LACTAM,CEPHALOSPORIN
blaADC,extended-spectrum class C beta-lactamase ADC-333,BETA-LACTAM,CEPHALOSPORIN
blaADC,extended-spectrum class C beta-lactamase ADC-334,BETA-LACTAM,CEPHALOSPORIN
blaADC,extended-spectrum class C beta-lactamase ADC-335,BETA-LACTAM,CEPHALOSPORIN
blaADC,extended-spectrum class C beta-lactamase ADC-336,BETA-LACTAM,CEPHALOSPORIN
blaADC,extended-spectrum class C beta-lactamase ADC-337,BETA-LACTAM,CEPHALOSPORIN
blaADC,extended-spectrum class C beta-lactamase ADC-338,BETA-LACTAM,CEPHALOSPORIN
blaADC,extended-spectrum class C beta-lactamase ADC-339,BETA-LACTAM,CEPHALOSPORIN
blaADC,cefepime-hydrolyzing class C beta-lactamase ADC-33,BETA-LACTAM,CEPHALOSPORIN
blaADC,extended-spectrum class C beta-lactamase ADC-340,BETA-LACTAM,CEPHALOSPORIN
blaADC,extended-spectrum class C beta-lactamase ADC-341,BETA-LACTAM,CEPHALOSPORIN
blaADC,extended-spectrum class C beta-lactamase ADC-342,BETA-LACTAM,CEPHALOSPORIN
blaADC,extended-spectrum class C beta-lactamase ADC-343,BETA-LACTAM,CEPHALOSPORIN
blaADC,extended-spectrum class C beta-lactamase ADC-344,BETA-LACTAM,CEPHALOSPORIN
blaADC,extended-spectrum class C beta-lactamase ADC-345,BETA-LACTAM,CEPHALOSPORIN
blaADC,extended-spectrum class C beta-lactamase ADC-346,BETA-LACTAM,CEPHALOSPORIN
blaADC,extended-spectrum class C beta-lactamase ADC-347,BETA-LACTAM,CEPHALOSPORIN
blaADC,extended-spectrum class C beta-lactamase ADC-348,BETA-LACTAM,CEPHALOSPORIN
blaADC,extended-spectrum class C beta-lactamase ADC-349,BETA-LACTAM,CEPHALOSPORIN
blaADC,extended-spectrum class C beta-lactamase ADC-350,BETA-LACTAM,CEPHALOSPORIN
blaADC,extended-spectrum class C beta-lactamase ADC-351,BETA-LACTAM,CEPHALOSPORIN
blaADC,extended-spectrum class C beta-lactamase ADC-352,BETA-LACTAM,CEPHALOSPORIN
blaADC,extended-spectrum class C beta-lactamase ADC-353,BETA-LACTAM,CEPHALOSPORIN
blaADC,extended-spectrum class C beta-lactamase ADC-354,BETA-LACTAM,CEPHALOSPORIN
blaADC,extended-spectrum class C beta-lactamase ADC-355,BETA-LACTAM,CEPHALOSPORIN
blaADC,extended-spectrum class C beta-lactamase ADC-356,BETA-LACTAM,CEPHALOSPORIN
blaADC,extended-spectrum class C beta-lactamase ADC-357,BETA-LACTAM,CEPHALOSPORIN
blaADC,extended-spectrum class C beta-lactamase ADC-358,BETA-LACTAM,CEPHALOSPORIN
blaADC,class C beta-lactamase ADC-359,BETA-LACTAM,CEPHALOSPORIN
blaADC,extended-spectrum class C beta-lactamase ADC-360,BETA-LACTAM,CEPHALOSPORIN
blaADC,extended-spectrum class C beta-lactamase ADC-361,BETA-LACTAM,CEPHALOSPORIN
blaADC,extended-spectrum class C beta-lactamase ADC-362,BETA-LACTAM,CEPHALOSPORIN
blaADC,extended-spectrum class C beta-lactamase ADC-363,BETA-LACTAM,CEPHALOSPORIN
blaADC,extended-spectrum class C beta-lactamase ADC-364,BETA-LACTAM,CEPHALOSPORIN
blaADC,extended-spectrum class C beta-lactamase ADC-365,BETA-LACTAM,CEPHALOSPORIN
blaADC,extended-spectrum class C beta-lactamase ADC-366,BETA-LACTAM,CEPHALOSPORIN
blaADC,extended-spectrum class C beta-lactamase ADC-367,BETA-LACTAM,CEPHALOSPORIN
blaADC,extended-spectrum class C beta-lactamase ADC-368,BETA-LACTAM,CEPHALOSPORIN
blaADC,extended-spectrum class C beta-lactamase ADC-369,BETA-LACTAM,CEPHALOSPORIN
blaADC,extended-spectrum class C beta-lactamase ADC-370,BETA-LACTAM,CEPHALOSPORIN
blaADC,extended-spectrum class C beta-lactamase ADC-371,BETA-LACTAM,CEPHALOSPORIN
blaADC,extended-spectrum class C beta-lactamase ADC-372,BETA-LACTAM,CEPHALOSPORIN
blaADC,extended-spectrum class C beta-lactamase ADC-373,BETA-LACTAM,CEPHALOSPORIN
blaADC,extended-spectrum class C beta-lactamase ADC-374,BETA-LACTAM,CEPHALOSPORIN
blaADC,extended-spectrum class C beta-lactamase ADC-375,BETA-LACTAM,CEPHALOSPORIN
blaADC,extended-spectrum class C beta-lactamase ADC-376,BETA-LACTAM,CEPHALOSPORIN
blaADC,extended-spectrum class C beta-lactamase ADC-377,BETA-LACTAM,CEPHALOSPORIN
blaADC,extended-spectrum class C beta-lactamase ADC-378,BETA-LACTAM,CEPHALOSPORIN
blaADC,extended-spectrum class C beta-lactamase ADC-379,BETA-LACTAM,CEPHALOSPORIN
blaADC,extended-spectrum class C beta-lactamase ADC-380,BETA-LACTAM,CEPHALOSPORIN
blaADC,extended-spectrum class C beta-lactamase ADC-381,BETA-LACTAM,CEPHALOSPORIN
blaADC,extended-spectrum class C beta-lactamase ADC-382,BETA-LACTAM,CEPHALOSPORIN
blaADC,extended-spectrum class C beta-lactamase ADC-383,BETA-LACTAM,CEPHALOSPORIN
blaADC,extended-spectrum class C beta-lactamase ADC-384,BETA-LACTAM,CEPHALOSPORIN
blaADC,extended-spectrum class C beta-lactamase ADC-385,BETA-LACTAM,CEPHALOSPORIN
blaADC,extended-spectrum class C beta-lactamase ADC-386,BETA-LACTAM,CEPHALOSPORIN
blaADC,extended-spectrum class C beta-lactamase ADC-387,BETA-LACTAM,CEPHALOSPORIN
blaADC,extended-spectrum class C beta-lactamase ADC-388,BETA-LACTAM,CEPHALOSPORIN
blaADC,extended-spectrum class C beta-lactamase ADC-389,BETA-LACTAM,CEPHALOSPORIN
blaADC,extended-spectrum class C beta-lactamase ADC-38,BETA-LACTAM,CEPHALOSPORIN
blaADC,extended-spectrum class C beta-lactamase ADC-390,BETA-LACTAM,CEPHALOSPORIN
blaADC,extended-spectrum class C beta-lactamase ADC-391,BETA-LACTAM,CEPHALOSPORIN
blaADC,extended-spectrum class C beta-lactamase ADC-392,BETA-LACTAM,CEPHALOSPORIN
blaADC,extended-spectrum class C beta-lactamase ADC-393,BETA-LACTAM,CEPHALOSPORIN
blaADC,extended-spectrum class C beta-lactamase ADC-394,BETA-LACTAM,CEPHALOSPORIN
blaADC,extended-spectrum class C beta-lactamase ADC-395,BETA-LACTAM,CEPHALOSPORIN
blaADC,extended-spectrum class C beta-lactamase ADC-396,BETA-LACTAM,CEPHALOSPORIN
blaADC,extended-spectrum class C beta-lactamase ADC-397,BETA-LACTAM,CEPHALOSPORIN
blaADC,extended-spectrum class C beta-lactamase ADC-39,BETA-LACTAM,CEPHALOSPORIN
blaADC,extended-spectrum class C beta-lactamase ADC-3,BETA-LACTAM,CEPHALOSPORIN
blaADC,extended-spectrum class C beta-lactamase ADC-41,BETA-LACTAM,CEPHALOSPORIN
blaADC,extended-spectrum class C beta-lactamase ADC-42,BETA-LACTAM,CEPHALOSPORIN
blaADC,extended-spectrum class C beta-lactamase ADC-43,BETA-LACTAM,CEPHALOSPORIN
blaADC,extended-spectrum class C beta-lactamase ADC-44,BETA-LACTAM,CEPHALOSPORIN
blaADC,extended-spectrum class C beta-lactamase ADC-4,BETA-LACTAM,CEPHALOSPORIN
blaADC,extended-spectrum class C beta-lactamase ADC-50,BETA-LACTAM,CEPHALOSPORIN
blaADC,extended-spectrum class C beta-lactamase ADC-51,BETA-LACTAM,CEPHALOSPORIN
blaADC,extended-spectrum class C beta-lactamase ADC-52,BETA-LACTAM,CEPHALOSPORIN
blaADC,extended-spectrum class C beta-lactamase ADC-53,BETA-LACTAM,CEPHALOSPORIN
blaADC,extended-spectrum class C beta-lactamase ADC-54,BETA-LACTAM,CEPHALOSPORIN
blaADC,cefepime-hydrolyzing class C beta-lactamase ADC-56,BETA-LACTAM,CEPHALOSPORIN
blaADC,extended-spectrum class C beta-lactamase ADC-57,BETA-LACTAM,CEPHALOSPORIN
blaADC,extended-spectrum class C beta-lactamase ADC-58,BETA-LACTAM,CEPHALOSPORIN
blaADC,extended-spectrum class C beta-lactamase ADC-59,BETA-LACTAM,CEPHALOSPORIN
blaADC,extended-spectrum class C beta-lactamase ADC-5,BETA-LACTAM,CEPHALOSPORIN
blaADC,extended-spectrum class C beta-lactamase ADC-60,BETA-LACTAM,CEPHALOSPORIN
blaADC,extended-spectrum class C beta-lactamase ADC-61,BETA-LACTAM,CEPHALOSPORIN
blaADC,extended-spectrum class C beta-lactamase ADC-62,BETA-LACTAM,CEPHALOSPORIN
blaADC,extended-spectrum class C beta-lactamase ADC-63,BETA-LACTAM,CEPHALOSPORIN
blaADC,extended-spectrum class C beta-lactamase ADC-65,BETA-LACTAM,CEPHALOSPORIN
blaADC,extended-spectrum class C beta-lactamase ADC-66,BETA-LACTAM,CEPHALOSPORIN
blaADC,extended-spectrum class C beta-lactamase ADC-67,BETA-LACTAM,CEPHALOSPORIN
blaADC,carbapenem-hydrolyzing class C beta-lactamase ADC-68,BETA-LACTAM,CARBAPENEM
blaADC,extended-spectrum class C beta-lactamase ADC-6,BETA-LACTAM,CEPHALOSPORIN
blaADC,extended-spectrum class C beta-lactamase ADC-70,BETA-LACTAM,CEPHALOSPORIN
blaADC,extended-spectrum class C beta-lactamase ADC-73,BETA-LACTAM,CEPHALOSPORIN
blaADC,extended-spectrum class C beta-lactamase ADC-74,BETA-LACTAM,CEPHALOSPORIN
blaADC,extended-spectrum class C beta-lactamase ADC-75,BETA-LACTAM,CEPHALOSPORIN
blaADC,extended-spectrum class C beta-lactamase ADC-76,BETA-LACTAM,CEPHALOSPORIN
blaADC,extended-spectrum class C beta-lactamase ADC-77,BETA-LACTAM,CEPHALOSPORIN
blaADC,extended-spectrum class C beta-lactamase ADC-78,BETA-LACTAM,CEPHALOSPORIN
blaADC,extended-spectrum class C beta-lactamase ADC-79,BETA-LACTAM,CEPHALOSPORIN
blaADC,extended-spectrum class C beta-lactamase ADC-7,BETA-LACTAM,CEPHALOSPORIN
blaADC,extended-spectrum class C beta-lactamase ADC-80,BETA-LACTAM,CEPHALOSPORIN
blaADC,extended-spectrum class C beta-lactamase ADC-81,BETA-LACTAM,CEPHALOSPORIN
blaADC,extended-spectrum class C beta-lactamase ADC-82,BETA-LACTAM,CEPHALOSPORIN
blaADC,extended-spectrum class C beta-lactamase ADC-83,BETA-LACTAM,CEPHALOSPORIN
blaADC,extended-spectrum class C beta-lactamase ADC-84,BETA-LACTAM,CEPHALOSPORIN
blaADC,extended-spectrum class C beta-lactamase ADC-85,BETA-LACTAM,CEPHALOSPORIN
blaADC,extended-spectrum class C beta-lactamase ADC-86,BETA-LACTAM,CEPHALOSPORIN
blaADC,extended-spectrum class C beta-lactamase ADC-87,BETA-LACTAM,CEPHALOSPORIN
blaADC,extended-spectrum class C beta-lactamase ADC-88,BETA-LACTAM,CEPHALOSPORIN
blaADC,extended-spectrum class C beta-lactamase ADC-89,BETA-LACTAM,CEPHALOSPORIN
blaADC,ADC-like class C beta-lactamase ADC-8,BETA-LACTAM,CEPHALOSPORIN
blaADC,extended-spectrum class C beta-lactamase ADC-90,BETA-LACTAM,CEPHALOSPORIN
blaADC,extended-spectrum class C beta-lactamase ADC-91,BETA-LACTAM,CEPHALOSPORIN
blaADC,extended-spectrum class C beta-lactamase ADC-92,BETA-LACTAM,CEPHALOSPORIN
blaADC,extended-spectrum class C beta-lactamase ADC-93,BETA-LACTAM,CEPHALOSPORIN
blaADC,extended-spectrum class C beta-lactamase ADC-94,BETA-LACTAM,CEPHALOSPORIN
blaADC,extended-spectrum class C beta-lactamase ADC-95,BETA-LACTAM,CEPHALOSPORIN
blaADC,extended-spectrum class C beta-lactamase ADC-96,BETA-LACTAM,CEPHALOSPORIN
blaADC,extended-spectrum class C beta-lactamase ADC-97,BETA-LACTAM,CEPHALOSPORIN
blaADC,extended-spectrum class C beta-lactamase ADC-98,BETA-LACTAM,CEPHALOSPORIN
blaADC,extended-spectrum class C beta-lactamase ADC-99,BETA-LACTAM,CEPHALOSPORIN
blaAER,carbenicillin-hydrolyzing class A beta-lactamase AER-1,BETA-LACTAM,BETA-LACTAM
blaAFM,subclass B1 metallo-beta-lactamase AFM-1,BETA-LACTAM,CARBAPENEM
blaAFM,subclass B1 metallo-beta-lactamase AFM-2,BETA-LACTAM,CARBAPENEM
blaAFM,subclass B1 metallo-beta-lactamase AFM-3,BETA-LACTAM,CARBAPENEM
blaAFM,subclass B1 metallo-beta-lactamase AFM-4,BETA-LACTAM,CARBAPENEM
blaAFM,subclass B1 metallo-beta-lactamase AFM-5,BETA-LACTAM,CARBAPENEM
blaAHM,subclass B3-like metallo-beta-lactamase AHM-1,BETA-LACTAM,CARBAPENEM
blaAIM,subclass B3 metallo-beta-lactamase AIM-1,BETA-LACTAM,CARBAPENEM
blaAIM,subclass B3 metallo-beta-lactamase AIM-2,BETA-LACTAM,CARBAPENEM
blaALG11,subclass B3 metallo-beta-lactamase ALG11-1,BETA-LACTAM,CARBAPENEM
blaALG6,subclass B3 metallo-beta-lactamase ALG6-1,BETA-LACTAM,CARBAPENEM
blaALI,subclass B1 metallo-beta-lactamase ALI-1,BETA-LACTAM,CARBAPENEM
blaALI,subclass B1 metallo-beta-lactamase ALI-2,BETA-LACTAM,CARBAPENEM
blaAMZ,class C beta-lactamase AMZ-1,BETA-LACTAM,CEPHALOSPORIN
blaANA,subclass B1 metallo-beta-lactamase ANA-1,BETA-LACTAM,CARBAPENEM
blaAQU,extended-spectrum class C beta-lactamase AQU-1,BETA-LACTAM,CEPHALOSPORIN
blaARL,class A beta-lactamase ARL-1,BETA-LACTAM,BETA-LACTAM
blaARL,class A beta-lactamase ARL-2,BETA-LACTAM,BETA-LACTAM
blaARL,class A beta-lactamase ARL-3,BETA-LACTAM,BETA-LACTAM
blaARL,class A beta-lactamase ARL-4,BETA-LACTAM,BETA-LACTAM
blaARL,class A beta-lactamase ARL-5,BETA-LACTAM,BETA-LACTAM
blaARL,class A beta-lactamase ARL-6,BETA-LACTAM,BETA-LACTAM
blaASDC,extended-spectrum class C beta-lactamase ASDC-1,BETA-LACTAM,CEPHALOSPORIN
blaAST,broad-spectrum class A beta-lactamase AST-1,BETA-LACTAM,BETA-LACTAM
blaASU1,class A beta-lactamase ASU1-1,BETA-LACTAM,CEPHALOSPORIN
blaAVDC,class C beta-lactamase AVDC-1,BETA-LACTAM,CEPHALOSPORIN
blaAXC,carbapenem-hydrolyzing class A beta-lactamase AXC-1,BETA-LACTAM,CARBAPENEM
blaAXC,carbapenem-hydrolyzing class A beta-lactamase AXC-2,BETA-LACTAM,CARBAPENEM
blaAXC,carbapenem-hydrolyzing class A beta-lactamase AXC-3,BETA-LACTAM,CARBAPENEM
blaAXC,carbapenem-hydrolyzing class A beta-lactamase AXC-4,BETA-LACTAM,CARBAPENEM
blaAXC,carbapenem-hydrolyzing class A beta-lactamase AXC-5,BETA-LACTAM,CARBAPENEM
blaAXC,carbapenem-hydrolyzing class A beta-lactamase AXC-6,BETA-LACTAM,CARBAPENEM
blaAXC,carbapenem-hydrolyzing class A beta-lactamase AXC-7,BETA-LACTAM,CARBAPENEM
blaAXC,carbapenem-hydrolyzing class A beta-lactamase AXC-8,BETA-LACTAM,CARBAPENEM
blaB,subclass B1 metallo-beta-lactamase BlaB-10,BETA-LACTAM,CARBAPENEM
blaB,subclass B1 metallo-beta-lactamase BlaB-11,BETA-LACTAM,CARBAPENEM
blaB,subclass B1 metallo-beta-lactamase BlaB-12,BETA-LACTAM,CARBAPENEM
blaB,subclass B1 metallo-beta-lactamase BlaB-13,BETA-LACTAM,CARBAPENEM
blaB,subclass B1 metallo-beta-lactamase BlaB-14,BETA-LACTAM,CARBAPENEM
blaB,subclass B1 metallo-beta-lactamase BlaB-15,BETA-LACTAM,CARBAPENEM
blaB,subclass B1 metallo-beta-lactamase BlaB-16,BETA-LACTAM,CARBAPENEM
blaB,subclass B1 metallo-beta-lactamase BlaB-17,BETA-LACTAM,CARBAPENEM
blaB,subclass B1 metallo-beta-lactamase BlaB-18,BETA-LACTAM,CARBAPENEM
blaB,subclass B1 metallo-beta-lactamase BlaB-19,BETA-LACTAM,CARBAPENEM
blaB,subclass B1 metallo-beta-lactamase BlaB-1,BETA-LACTAM,CARBAPENEM
blaB,subclass B1 metallo-beta-lactamase BlaB-20,BETA-LACTAM,CARBAPENEM
blaB,subclass B1 metallo-beta-lactamase BlaB-21,BETA-LACTAM,CARBAPENEM
blaB,subclass B1 metallo-beta-lactamase BlaB-22,BETA-LACTAM,CARBAPENEM
blaB,subclass B1 metallo-beta-lactamase BlaB-23,BETA-LACTAM,CARBAPENEM
blaB,subclass B1 metallo-beta-lactamase BlaB-24,BETA-LACTAM,CARBAPENEM
blaB,subclass B1 metallo-beta-lactamase BlaB-25,BETA-LACTAM,CARBAPENEM
blaB,subclass B1 metallo-beta-lactamase BlaB-26,BETA-LACTAM,CARBAPENEM
blaB,subclass B1 metallo-beta-lactamase BlaB-27,BETA-LACTAM,CARBAPENEM
blaB,subclass B1 metallo-beta-lactamase BlaB-28,BETA-LACTAM,CARBAPENEM
blaB,subclass B1 metallo-beta-lactamase BlaB-29,BETA-LACTAM,CARBAPENEM
blaB,subclass B1 metallo-beta-lactamase BlaB-2,BETA-LACTAM,CARBAPENEM
blaB,subclass B1 metallo-beta-lactamase BlaB-30,BETA-LACTAM,CARBAPENEM
blaB,subclass B1 metallo-beta-lactamase BlaB-31,BETA-LACTAM,CARBAPENEM
blaB,subclass B1 metallo-beta-lactamase BlaB-32,BETA-LACTAM,CARBAPENEM
blaB,subclass B1 metallo-beta-lactamase BlaB-33,BETA-LACTAM,CARBAPENEM
blaB,subclass B1 metallo-beta-lactamase BlaB-34,BETA-LACTAM,CARBAPENEM
blaB,subclass B1 metallo-beta-lactamase BlaB-35,BETA-LACTAM,CARBAPENEM
blaB,subclass B1 metallo-beta-lactamase BlaB-36,BETA-LACTAM,CARBAPENEM
blaB,subclass B1 metallo-beta-lactamase BlaB-37,BETA-LACTAM,CARBAPENEM
blaB,subclass B1 metallo-beta-lactamase BlaB-38,BETA-LACTAM,CARBAPENEM
blaB,subclass B1 metallo-beta-lactamase BlaB-39,BETA-LACTAM,CARBAPENEM
blaB,subclass B1 metallo-beta-lactamase BlaB-3,BETA-LACTAM,CARBAPENEM
blaB,subclass B1 metallo-beta-lactamase BlaB-5,BETA-LACTAM,CARBAPENEM
blaB,subclass B1 metallo-beta-lactamase BlaB-6,BETA-LACTAM,CARBAPENEM
blaB,subclass B1 metallo-beta-lactamase BlaB-7,BETA-LACTAM,CARBAPENEM
blaB,subclass B1 metallo-beta-lactamase BlaB-8,BETA-LACTAM,CARBAPENEM
blaB,subclass B1 metallo-beta-lactamase BlaB-9,BETA-LACTAM,CARBAPENEM
blaB3SU1,subclass B3 metallo-beta-lactamase B3SU1-1,BETA-LACTAM,CEPHALOSPORIN
blaB3SU2,subclass B3 metallo-beta-lactamase B3SU2-1,BETA-LACTAM,CEPHALOSPORIN
blaBAT,class D beta-lactamase BAT-1,BETA-LACTAM,BETA-LACTAM
blaBCL,class A beta-lactamase BCL-1,BETA-LACTAM,BETA-LACTAM
blaBEL,extended-spectrum class A beta-lactamase BEL-1,BETA-LACTAM,CEPHALOSPORIN
blaBEL,extended-spectrum class A beta-lactamase BEL-2,BETA-LACTAM,CEPHALOSPORIN
blaBEL,extended-spectrum class A beta-lactamase BEL-3,BETA-LACTAM,CEPHALOSPORIN
blaBEL,extended-spectrum class A beta-lactamase BEL-4,BETA-LACTAM,CEPHALOSPORIN
blaBEL,extended-spectrum class A beta-lactamase BEL-5,BETA-LACTAM,CEPHALOSPORIN
blaBES,extended spectrum class A beta-lactamase BES-1,BETA-LACTAM,CEPHALOSPORIN
blaBIC,carbapenem-hydrolyzing class A beta-lactamase BIC-1,BETA-LACTAM,CARBAPENEM
blaBIC,carbapenem-hydrolyzing class A beta-lactamase BIC-2,BETA-LACTAM,CARBAPENEM
blaCMY,CMY-2 family class C beta-lactamase BIL-1,BETA-LACTAM,CEPHALOSPORIN
blaBIM,subclass B1 metallo-beta-lactamase BIM-1,BETA-LACTAM,CARBAPENEM
blaBIM,subclass B1 metallo-beta-lactamase BIM-2,BETA-LACTAM,CARBAPENEM
blaBJP,subclass B3 metallo-beta-lactamase BJP-1,BETA-LACTAM,CARBAPENEM
blaBKC,carbapenem-hydrolyzing class A beta-lactamase BKC-1,BETA-LACTAM,CARBAPENEM
blaBKC,carbapenem-hydrolyzing class A beta-lactamase BKC-2,BETA-LACTAM,CARBAPENEM
blaBMHC,subclass B1 metallo-beta-lactamase BMHC-1,BETA-LACTAM,CARBAPENEM
blaBOR,class A beta-lactamase BOR-1,BETA-LACTAM,BETA-LACTAM
blaBPU,class D beta-lactamase BPU-1,BETA-LACTAM,CEPHALOSPORIN
blaBRO,class A beta-lactamase BRO-1,BETA-LACTAM,BETA-LACTAM
blaBRO,class A beta-lactamase BRO-2,BETA-LACTAM,BETA-LACTAM
blaBSU,class D beta-lactamase BSU-1,BETA-LACTAM,BETA-LACTAM
blaBUT,extended-spectrum class C beta-lactamase BUT-1,BETA-LACTAM,CEPHALOSPORIN
blaBUT,class C beta-lactamase BUT-2,BETA-LACTAM,BETA-LACTAM
blaCAE,broad-spectrum class A beta-lactamase CAE-1,BETA-LACTAM,CEPHALOSPORIN
blaCAM,subclass B1 metallo-beta-lactamase CAM-1,BETA-LACTAM,CARBAPENEM
blaCAM,subclass B1 metallo-beta-lactamase CAM-2,BETA-LACTAM,CARBAPENEM
blaCAR,subclass B3 metallo-beta-lactamase CAR-1,BETA-LACTAM,CARBAPENEM
blaRTG,RTG family carbenicillin-hydrolyzing extended-spectrum class A beta-lactamase CARB-10,BETA-LACTAM,CEPHALOSPORIN
blaPSE,PSE family carbenicillin-hydrolyzing class A beta-lactamase CARB-11,BETA-LACTAM,BETA-LACTAM
blaPSE,PSE family carbenicillin-hydrolyzing class A beta-lactamase CARB-12,BETA-LACTAM,BETA-LACTAM
blaRTG,RTG family carbenicillin-hydrolyzing class A beta-lactamase CARB-14,BETA-LACTAM,BETA-LACTAM
blaRTG,RTG family carbenicillin-hydrolyzing class A beta-lactamase CARB-16,BETA-LACTAM,BETA-LACTAM
blaCARB,carbenicillin-hydrolyzing class A beta-lactamase CARB-17,BETA-LACTAM,BETA-LACTAM
blaCARB,carbenicillin-hydrolyzing class A beta-lactamase CARB-18,BETA-LACTAM,BETA-LACTAM
blaCARB,carbenicillin-hydrolyzing class A beta-lactamase CARB-19,BETA-LACTAM,BETA-LACTAM
blaPSE,PSE family carbenicillin-hydrolyzing class A beta-lactamase CARB-1,BETA-LACTAM,BETA-LACTAM
blaCARB,carbenicillin-hydrolyzing class A beta-lactamase CARB-20,BETA-LACTAM,BETA-LACTAM
blaCARB,carbenicillin-hydrolyzing class A beta-lactamase CARB-21,BETA-LACTAM,BETA-LACTAM
blaCARB,carbenicillin-hydrolyzing class A beta-lactamase CARB-22,BETA-LACTAM,BETA-LACTAM
blaCARB,carbenicillin-hydrolyzing class A beta-lactamase CARB-23,BETA-LACTAM,BETA-LACTAM
blaCARB,carbenicillin-hydrolyzing class A beta-lactamase CARB-24,BETA-LACTAM,BETA-LACTAM
blaCARB,carbenicillin-hydrolyzing class A beta-lactamase CARB-25,BETA-LACTAM,BETA-LACTAM
blaCARB,carbenicillin-hydrolyzing class A beta-lactamase CARB-26,BETA-LACTAM,BETA-LACTAM
blaCARB,carbenicillin-hydrolyzing class A beta-lactamase CARB-27,BETA-LACTAM,BETA-LACTAM
blaCARB,carbenicillin-hydrolyzing class A beta-lactamase CARB-28,BETA-LACTAM,BETA-LACTAM
blaCARB,carbenicillin-hydrolyzing class A beta-lactamase CARB-29,BETA-LACTAM,BETA-LACTAM
blaPSE,PSE family carbenicillin-hydrolyzing class A beta-lactamase CARB-2,BETA-LACTAM,BETA-LACTAM
blaCARB,carbenicillin-hydrolyzing class A beta-lactamase CARB-30,BETA-LACTAM,BETA-LACTAM
blaCARB,carbenicillin-hydrolyzing class A beta-lactamase CARB-31,BETA-LACTAM,BETA-LACTAM
blaCARB,carbenicillin-hydrolyzing class A beta-lactamase CARB-32,BETA-LACTAM,BETA-LACTAM
blaCARB,carbenicillin-hydrolyzing class A beta-lactamase CARB-33,BETA-LACTAM,BETA-LACTAM
blaCARB,carbenicillin-hydrolyzing class A beta-lactamase CARB-34,BETA-LACTAM,BETA-LACTAM
blaCARB,carbenicillin-hydrolyzing class A beta-lactamase CARB-35,BETA-LACTAM,BETA-LACTAM
blaCARB,carbenicillin-hydrolyzing class A beta-lactamase CARB-36,BETA-LACTAM,BETA-LACTAM
blaCARB,carbenicillin-hydrolyzing class A beta-lactamase CARB-38,BETA-LACTAM,BETA-LACTAM
blaPSE,PSE family carbenicillin-hydrolyzing class A beta-lactamase CARB-3,BETA-LACTAM,BETA-LACTAM
blaCARB,carbenicillin-hydrolyzing class A beta-lactamase CARB-40,BETA-LACTAM,BETA-LACTAM
blaCARB,carbenicillin-hydrolyzing class A beta-lactamase CARB-41,BETA-LACTAM,BETA-LACTAM
blaCARB,carbenicillin-hydrolyzing class A beta-lactamase CARB-42,BETA-LACTAM,BETA-LACTAM
blaCARB,carbenicillin-hydrolyzing class A beta-lactamase CARB-43,BETA-LACTAM,BETA-LACTAM
blaCARB,carbenicillin-hydrolyzing class A beta-lactamase CARB-44,BETA-LACTAM,BETA-LACTAM
blaCARB,carbenicillin-hydrolyzing class A beta-lactamase CARB-45,BETA-LACTAM,BETA-LACTAM
blaCARB,carbenicillin-hydrolyzing class A beta-lactamase CARB-46,BETA-LACTAM,BETA-LACTAM
blaCARB,carbenicillin-hydrolyzing class A beta-lactamase CARB-47,BETA-LACTAM,BETA-LACTAM
blaCARB,carbenicillin-hydrolyzing class A beta-lactamase CARB-48,BETA-LACTAM,BETA-LACTAM
blaRTG,RTG family carbenicillin-hydrolyzing class A beta-lactamase CARB-49,BETA-LACTAM,BETA-LACTAM
blaPSE,PSE family carbenicillin-hydrolyzing class A beta-lactamase CARB-4,BETA-LACTAM,BETA-LACTAM
blaRTG,RTG family carbenicillin-hydrolyzing class A beta-lactamase CARB-50,BETA-LACTAM,BETA-LACTAM
blaPSE,PSE family carbenicillin-hydrolyzing class A beta-lactamase CARB-51,BETA-LACTAM,BETA-LACTAM
blaPSE,PSE family carbenicillin-hydrolyzing class A beta-lactamase CARB-52,BETA-LACTAM,BETA-LACTAM
blaPSE,PSE family carbenicillin-hydrolyzing class A beta-lactamase CARB-53,BETA-LACTAM,BETA-LACTAM
blaRTG,RTG family carbenicillin-hydrolyzing class A beta-lactamase CARB-54,BETA-LACTAM,BETA-LACTAM
blaPSE,PSE family carbenicillin-hydrolyzing class A beta-lactamase CARB-55,BETA-LACTAM,BETA-LACTAM
blaCARB,carbenicillin-hydrolyzing class A beta-lactamase CARB-56,BETA-LACTAM,BETA-LACTAM
blaCARB,carbenicillin-hydrolyzing class A beta-lactamase CARB-57,BETA-LACTAM,BETA-LACTAM
blaPSE,PSE family carbenicillin-hydrolyzing class A beta-lactamase CARB-58,BETA-LACTAM,BETA-LACTAM
blaPSE,PSE family carbenicillin-hydrolyzing class A beta-lactamase CARB-59,BETA-LACTAM,BETA-LACTAM
blaRTG,RTG family carbenicillin-hydrolyzing class A beta-lactamase CARB-5,BETA-LACTAM,BETA-LACTAM
blaPSE,PSE family carbenicillin-hydrolyzing class A beta-lactamase CARB-60,BETA-LACTAM,BETA-LACTAM
blaPSE,PSE family carbenicillin-hydrolyzing class A beta-lactamase CARB-61,BETA-LACTAM,BETA-LACTAM
blaPSE,PSE family carbenicillin-hydrolyzing class A beta-lactamase CARB-62,BETA-LACTAM,BETA-LACTAM
blaPSE,PSE family carbenicillin-hydrolyzing class A beta-lactamase CARB-6,BETA-LACTAM,BETA-LACTAM
blaPSE,PSE family carbenicillin-hydrolyzing class A beta-lactamase CARB-7,BETA-LACTAM,BETA-LACTAM
blaRTG,RTG family carbenicillin-hydrolyzing class A beta-lactamase CARB-8,BETA-LACTAM,BETA-LACTAM
blaPSE,PSE family carbenicillin-hydrolyzing class A beta-lactamase CARB-9,BETA-LACTAM,BETA-LACTAM
blaCAU,subclass B3 metallo-beta-lactamase CAU-1,BETA-LACTAM,CARBAPENEM
blaCBP,penicillin-hydrolyzing class A beta-lactamase CBP-1,BETA-LACTAM,BETA-LACTAM
blaCDA,class C beta-lactamase CDA-1,BETA-LACTAM,CEPHALOSPORIN
blaCDD,extended-spectrum class D beta-lactamase CDD-1,BETA-LACTAM,CEPHALOSPORIN
blaCDD,extended-spectrum class D beta-lactamase CDD-2,BETA-LACTAM,CEPHALOSPORIN
blaCESS,extended-spectrum class A beta-lactamase CESS-1,BETA-LACTAM,CEPHALOSPORIN
blaCFE,CMY-2 family cephalosporin-hydrolyzing class C beta-lactamase CFE-1,BETA-LACTAM,CEPHALOSPORIN
blaCFE,CMY-2 family class C beta-lactamase CFE-2,BETA-LACTAM,CEPHALOSPORIN
blaCGA,extended-spectrum class A beta-lactamase CGA-1,BETA-LACTAM,CEPHALOSPORIN
blaIND,IND family subclass B1 metallo-beta-lactamase CGB-1,BETA-LACTAM,CARBAPENEM
blaCHM,subclass B1 metallo-beta-lactamase CHM-1,BETA-LACTAM,CARBAPENEM
blaCIA,extended-spectrum class A beta-lactamase CIA-1,BETA-LACTAM,CEPHALOSPORIN
blaCIA,extended-spectrum class A beta-lactamase CIA-2,BETA-LACTAM,CEPHALOSPORIN
blaCIA,extended-spectrum class A beta-lactamase CIA-3,BETA-LACTAM,CEPHALOSPORIN
blaCIA,extended-spectrum class A beta-lactamase CIA-4,BETA-LACTAM,CEPHALOSPORIN
blaCIB,subclass B1 metallo-beta-lactamase CIM-1,BETA-LACTAM,CARBAPENEM
blaCKO,MAL/CKO family class A beta-lactamase CKO-1,BETA-LACTAM,BETA-LACTAM
blaCMA,class C beta-lactamase CMA-1,BETA-LACTAM,CEPHALOTHIN
blaCMA,class C beta-lactamase CMA-2,BETA-LACTAM,CEPHALOTHIN
blaCME,extended-spectrum class A beta-lactamase CME-1,BETA-LACTAM,CEPHALOSPORIN
blaCME,extended-spectrum class A beta-lactamase CME-2,BETA-LACTAM,CEPHALOSPORIN
blaCME,extended-spectrum class A beta-lactamase CME-3,BETA-LACTAM,CEPHALOSPORIN
blaCMH,class C beta-lactamase CMH-10,BETA-LACTAM,BETA-LACTAM
blaCMH,class C beta-lactamase CMH-11,BETA-LACTAM,BETA-LACTAM
blaCMH,class C beta-lactamase CMH-12,BETA-LACTAM,BETA-LACTAM
blaCMH,class C beta-lactamase CMH-13,BETA-LACTAM,BETA-LACTAM
blaCMH,class C beta-lactamase CMH-14,BETA-LACTAM,BETA-LACTAM
blaCMH,class C beta-lactamase CMH-15,BETA-LACTAM,BETA-LACTAM
blaCMH,class C beta-lactamase CMH-16,BETA-LACTAM,BETA-LACTAM
blaCMH,class C beta-lactamase CMH-17,BETA-LACTAM,BETA-LACTAM
blaCMH,class C beta-lactamase CMH-18,BETA-LACTAM,BETA-LACTAM
blaCMH,class C beta-lactamase CMH-19,BETA-LACTAM,BETA-LACTAM
blaCMH,extended-spectrum class C beta-lactamase CMH-1,BETA-LACTAM,CEPHALOSPORIN
blaCMH,class C beta-lactamase CMH-20,BETA-LACTAM,BETA-LACTAM
blaCMH,class C beta-lactamase CMH-21,BETA-LACTAM,BETA-LACTAM
blaCMH,class C beta-lactamase CMH-22,BETA-LACTAM,BETA-LACTAM
blaCMH,class C beta-lactamase CMH-23,BETA-LACTAM,BETA-LACTAM
blaCMH,class C beta-lactamase CMH-24,BETA-LACTAM,BETA-LACTAM
blaCMH,class C beta-lactamase CMH-25,BETA-LACTAM,BETA-LACTAM
blaCMH,class C beta-lactamase CMH-26,BETA-LACTAM,BETA-LACTAM
blaCMH,class C beta-lactamase CMH-27,BETA-LACTAM,BETA-LACTAM
blaCMH,class C beta-lactamase CMH-28,BETA-LACTAM,BETA-LACTAM
blaCMH,class C beta-lactamase CMH-29,BETA-LACTAM,BETA-LACTAM
blaCMH,extended-spectrum class C beta-lactamase CMH-2,BETA-LACTAM,BETA-LACTAM
blaCMH,class C beta-lactamase CMH-30,BETA-LACTAM,BETA-LACTAM
blaCMH,class C beta-lactamase CMH-31,BETA-LACTAM,BETA-LACTAM
blaCMH,class C beta-lactamase CMH-32,BETA-LACTAM,BETA-LACTAM
blaCMH,class C beta-lactamase CMH-33,BETA-LACTAM,BETA-LACTAM
blaCMH,class C beta-lactamase CMH-34,BETA-LACTAM,BETA-LACTAM
blaCMH,inhibitor-resistant carbapenem-hydrolyzing class C beta-lactamase CMH-3,BETA-LACTAM,CARBAPENEM
blaCMH,class C beta-lactamase CMH-4,BETA-LACTAM,BETA-LACTAM
blaCMH,class C beta-lactamase CMH-5,BETA-LACTAM,BETA-LACTAM
blaCMH,class C beta-lactamase CMH-6,BETA-LACTAM,BETA-LACTAM
blaCMH,class C beta-lactamase CMH-7,BETA-LACTAM,BETA-LACTAM
blaCMH,class C beta-lactamase CMH-8,BETA-LACTAM,BETA-LACTAM
blaCMH,class C beta-lactamase CMH-9,BETA-LACTAM,BETA-LACTAM
blaCMY,class C beta-lactamase CMY-100,BETA-LACTAM,CEPHALOSPORIN
blaCMY,class C beta-lactamase CMY-101,BETA-LACTAM,CEPHALOSPORIN
blaCMY,class C beta-lactamase CMY-102,BETA-LACTAM,CEPHALOSPORIN
blaCMY,class C beta-lactamase CMY-103,BETA-LACTAM,CEPHALOSPORIN
blaCMY,class C beta-lactamase CMY-104,BETA-LACTAM,CEPHALOSPORIN
blaCMY,class C beta-lactamase CMY-105,BETA-LACTAM,CEPHALOSPORIN
blaCMY,class C beta-lactamase CMY-106,BETA-LACTAM,CEPHALOSPORIN
blaCMY,extended-spectrum class C beta-lactamase CMY-107,BETA-LACTAM,CEPHALOSPORIN
blaCMY,class C beta-lactamase CMY-108,BETA-LACTAM,CEPHALOSPORIN
blaCMY,class C beta-lactamase CMY-109,BETA-LACTAM,CEPHALOSPORIN
blaMOX,CMY-1/MOX family extended-spectrum class C beta-lactamase CMY-10,BETA-LACTAM,CEPHALOSPORIN
blaCMY,class C beta-lactamase CMY-110,BETA-LACTAM,CEPHALOSPORIN
blaCMY,class C beta-lactamase CMY-111,BETA-LACTAM,CEPHALOSPORIN
blaCMY,class C beta-lactamase CMY-112,BETA-LACTAM,CEPHALOSPORIN
blaCMY,class C beta-lactamase CMY-113,BETA-LACTAM,CEPHALOSPORIN
blaCMY,class C beta-lactamase CMY-114,BETA-LACTAM,CEPHALOSPORIN
blaCMY,class C beta-lactamase CMY-115,BETA-LACTAM,CEPHALOSPORIN
blaCMY,class C beta-lactamase CMY-116,BETA-LACTAM,CEPHALOSPORIN
blaCMY,class C beta-lactamase CMY-117,BETA-LACTAM,CEPHALOSPORIN
blaCMY,class C beta-lactamase CMY-118,BETA-LACTAM,CEPHALOSPORIN
blaCMY,class C beta-lactamase CMY-119,BETA-LACTAM,CEPHALOSPORIN
blaMOX,CMY-1/MOX family class C beta-lactamase CMY-11,BETA-LACTAM,CEPHALOSPORIN
blaCMY,class C beta-lactamase CMY-121,BETA-LACTAM,CEPHALOSPORIN
blaCMY,class C beta-lactamase CMY-122,BETA-LACTAM,CEPHALOSPORIN
blaCMY,class C beta-lactamase CMY-124,BETA-LACTAM,CEPHALOSPORIN
blaCMY,class C beta-lactamase CMY-125,BETA-LACTAM,CEPHALOSPORIN
blaCMY,class C beta-lactamase CMY-127,BETA-LACTAM,CEPHALOSPORIN
blaCMY,class C beta-lactamase CMY-128,BETA-LACTAM,CEPHALOSPORIN
blaCMY,class C beta-lactamase CMY-129,BETA-LACTAM,CEPHALOSPORIN
blaCMY,class C beta-lactamase CMY-12,BETA-LACTAM,CEPHALOSPORIN
blaCMY,class C beta-lactamase CMY-130,BETA-LACTAM,CEPHALOSPORIN
blaCMY,class C beta-lactamase CMY-131,BETA-LACTAM,CEPHALOSPORIN
blaCMY,class C beta-lactamase CMY-132,BETA-LACTAM,CEPHALOSPORIN
blaCMY,class C beta-lactamase CMY-133,BETA-LACTAM,CEPHALOSPORIN
blaCMY,class C beta-lactamase CMY-134,BETA-LACTAM,CEPHALOSPORIN
blaCMY,class C beta-lactamase CMY-135,BETA-LACTAM,CEPHALOSPORIN
blaCMY,extended-spectrum class C beta-lactamase CMY-136,BETA-LACTAM,CEPHALOSPORIN
blaCMY,class C beta-lactamase CMY-137,BETA-LACTAM,CEPHALOSPORIN
blaCMY,class C beta-lactamase CMY-138,BETA-LACTAM,CEPHALOSPORIN
blaCMY,class C beta-lactamase CMY-139,BETA-LACTAM,CEPHALOSPORIN
blaCMY,class C beta-lactamase CMY-13,BETA-LACTAM,CEPHALOSPORIN
blaCMY,class C beta-lactamase CMY-140,BETA-LACTAM,CEPHALOSPORIN
blaCMY,class C beta-lactamase CMY-141,BETA-LACTAM,CEPHALOSPORIN
blaCMY,class C beta-lactamase CMY-142,BETA-LACTAM,CEPHALOSPORIN
blaCMY,class C beta-lactamase CMY-143,BETA-LACTAM,CEPHALOSPORIN
blaCMY,class C beta-lactamase CMY-144,BETA-LACTAM,CEPHALOSPORIN
blaCMY,class C beta-lactamase CMY-145,BETA-LACTAM,CEPHALOSPORIN
blaCMY,class C beta-lactamase CMY-146,BETA-LACTAM,CEPHALOSPORIN
blaCMY,class C beta-lactamase CMY-147,BETA-LACTAM,CEPHALOSPORIN
blaCMY,class C beta-lactamase CMY-148,BETA-LACTAM,CEPHALOSPORIN
blaCMY,class C beta-lactamase CMY-149,BETA-LACTAM,CEPHALOSPORIN
blaCMY,class C beta-lactamase CMY-14,BETA-LACTAM,CEPHALOSPORIN
blaCMY,class C beta-lactamase CMY-150,BETA-LACTAM,CEPHALOSPORIN
blaCMY,class C beta-lactamase CMY-151,BETA-LACTAM,CEPHALOSPORIN
blaCMY,class C beta-lactamase CMY-152,BETA-LACTAM,CEPHALOSPORIN
blaCMY,class C beta-lactamase CMY-153,BETA-LACTAM,CEPHALOSPORIN
blaCMY,class C beta-lactamase CMY-154,BETA-LACTAM,CEPHALOSPORIN
blaCMY,class C beta-lactamase CMY-155,BETA-LACTAM,CEPHALOSPORIN
blaCMY,class C beta-lactamase CMY-156,BETA-LACTAM,CEPHALOSPORIN
blaCMY,class C beta-lactamase CMY-157,BETA-LACTAM,CEPHALOSPORIN
blaCMY,class C beta-lactamase CMY-158,BETA-LACTAM,CEPHALOSPORIN
blaCMY,class C beta-lactamase CMY-159,BETA-LACTAM,CEPHALOSPORIN
blaCMY,class C beta-lactamase CMY-15,BETA-LACTAM,CEPHALOSPORIN
blaCMY,class C beta-lactamase CMY-160,BETA-LACTAM,CEPHALOSPORIN
blaCMY,class C beta-lactamase CMY-161,BETA-LACTAM,CEPHALOSPORIN
blaCMY,class C beta-lactamase CMY-162,BETA-LACTAM,CEPHALOSPORIN
blaCMY,class C beta-lactamase CMY-163,BETA-LACTAM,CEPHALOSPORIN
blaCMY,class C beta-lactamase CMY-164,BETA-LACTAM,CEPHALOSPORIN
blaCMY,class C beta-lactamase CMY-165,BETA-LACTAM,CEPHALOSPORIN
blaCMY,class C beta-lactamase CMY-166,BETA-LACTAM,CEPHALOSPORIN
blaCMY,class C beta-lactamase CMY-167,BETA-LACTAM,CEPHALOSPORIN
blaCMY,class C beta-lactamase CMY-168,BETA-LACTAM,CEPHALOSPORIN
blaCMY,class C beta-lactamase CMY-169,BETA-LACTAM,CEPHALOSPORIN
blaCMY,class C beta-lactamase CMY-16,BETA-LACTAM,CEPHALOSPORIN
blaCMY,class C beta-lactamase CMY-170,BETA-LACTAM,CEPHALOSPORIN
blaCMY,class C beta-lactamase CMY-171,BETA-LACTAM,CEPHALOSPORIN
blaCMY,inhibitor-resistant extended-spectrum class C beta-lactamase CMY-172,BETA-LACTAM,CEPHALOSPORIN
blaCMY,class C beta-lactamase CMY-173,BETA-LACTAM,CEPHALOSPORIN
blaCMY,class C beta-lactamase CMY-174,BETA-LACTAM,CEPHALOSPORIN
blaCMY,class C beta-lactamase CMY-175,BETA-LACTAM,CEPHALOSPORIN
blaCMY,class C beta-lactamase CMY-176,BETA-LACTAM,CEPHALOSPORIN
blaCMY,class C beta-lactamase CMY-177,BETA-LACTAM,CEPHALOSPORIN
blaCMY,inhibitor-resistant extended spectrum class C beta-lactamase CMY-178,BETA-LACTAM,CEPHALOSPORIN
blaCMY,class C beta-lactamase CMY-179,BETA-LACTAM,CEPHALOSPORIN
blaCMY,class C beta-lactamase CMY-17,BETA-LACTAM,CEPHALOSPORIN
blaCMY,class C beta-lactamase CMY-180,BETA-LACTAM,CEPHALOSPORIN
blaCMY,class C beta-lactamase CMY-181,BETA-LACTAM,CEPHALOSPORIN
blaCMY,class C beta-lactamase CMY-182,BETA-LACTAM,CEPHALOSPORIN
blaCMY,class C beta-lactamase CMY-183,BETA-LACTAM,CEPHALOSPORIN
blaCMY,class C beta-lactamase CMY-184,BETA-LACTAM,CEPHALOSPORIN
blaCMY,inhibitor-resistant extended spectrum class C beta-lactamase CMY-185,BETA-LACTAM,CEPHALOSPORIN/TANIBORBACTAM
blaCMY,class C beta-lactamase CMY-186,BETA-LACTAM,CEPHALOSPORIN
blaCMY,class C beta-lactamase CMY-188,BETA-LACTAM,CEPHALOSPORIN
blaCMY,class C beta-lactamase CMY-189,BETA-LACTAM,CEPHALOSPORIN
blaCMY,class C beta-lactamase CMY-18,BETA-LACTAM,CEPHALOSPORIN
blaCMY,class C beta-lactamase CMY-190,BETA-LACTAM,CEPHALOSPORIN
blaCMY,class C beta-lactamase CMY-191,BETA-LACTAM,CEPHALOSPORIN
blaCMY,inhibitor-resistant extended spectrum class C beta-lactamase CMY-192,BETA-LACTAM,CEPHALOSPORIN
blaCMY,class C beta-lactamase CMY-194,BETA-LACTAM,CEPHALOSPORIN
blaCMY,class C beta-lactamase CMY-195,BETA-LACTAM,CEPHALOSPORIN
blaCMY,class C beta-lactamase CMY-196,BETA-LACTAM,CEPHALOSPORIN
blaCMY,class C beta-lactamase CMY-197,BETA-LACTAM,CEPHALOSPORIN
blaCMY,class C beta-lactamase CMY-198,BETA-LACTAM,CEPHALOSPORIN
blaCMY,class C beta-lactamase CMY-199,BETA-LACTAM,CEPHALOSPORIN
blaMOX,CMY-1/MOX family class C beta-lactamase CMY-19,BETA-LACTAM,CEPHALOSPORIN
blaMOX,class C beta-lactamase CMY-1,BETA-LACTAM,CEPHALOSPORIN
blaCMY,class C beta-lactamase CMY-200,BETA-LACTAM,CEPHALOSPORIN
blaCMY,class C beta-lactamase CMY-201,BETA-LACTAM,CEPHALOSPORIN
blaCMY,class C beta-lactamase CMY-202,BETA-LACTAM,CEPHALOSPORIN
blaCMY,class C beta-lactamase CMY-203,BETA-LACTAM,CEPHALOSPORIN
blaCMY,class C beta-lactamase CMY-204,BETA-LACTAM,CEPHALOSPORIN
blaCMY,class C beta-lactamase CMY-205,BETA-LACTAM,CEPHALOSPORIN
blaCMY,class C beta-lactamase CMY-206,BETA-LACTAM,CEPHALOSPORIN
blaCMY,class C beta-lactamase CMY-207,BETA-LACTAM,CEPHALOSPORIN
blaCMY,class C beta-lactamase CMY-208,BETA-LACTAM,CEPHALOSPORIN
blaCFE,class C beta-lactamase CMY-209,BETA-LACTAM,CEPHALOSPORIN
blaCMY,class C beta-lactamase CMY-20,BETA-LACTAM,CEPHALOSPORIN
blaCFE,class C beta-lactamase CMY-210,BETA-LACTAM,CEPHALOSPORIN
blaCMY,class C beta-lactamase CMY-211,BETA-LACTAM,CEPHALOSPORIN
blaCFE,class C beta-lactamase CMY-212,BETA-LACTAM,CEPHALOSPORIN
blaCFE,class C beta-lactamase CMY-213,BETA-LACTAM,CEPHALOSPORIN
blaCMY,class C beta-lactamase CMY-214,BETA-LACTAM,CEPHALOSPORIN
blaCMY,class C beta-lactamase CMY-215,BETA-LACTAM,CEPHALOSPORIN
blaCMY,class C beta-lactamase CMY-216,BETA-LACTAM,CEPHALOSPORIN
blaCMY,class C beta-lactamase CMY-217,BETA-LACTAM,CEPHALOSPORIN
blaCMY,class C beta-lactamase CMY-218,BETA-LACTAM,CEPHALOSPORIN
blaCMY,class C beta-lactamase CMY-219,BETA-LACTAM,CEPHALOSPORIN
blaCMY,class C beta-lactamase CMY-21,BETA-LACTAM,CEPHALOSPORIN
blaCMY,inhibitor-resistant class C beta-lactamase CMY-220,BETA-LACTAM,CEPHALOSPORIN
blaCMY,inhibitor-resistant class C beta-lactamase CMY-221,BETA-LACTAM,CEPHALOSPORIN
blaCMY,inhibitor-resistant class C beta-lactamase CMY-222,BETA-LACTAM,CEPHALOSPORIN
blaCMY,inhibitor-resistant class C beta-lactamase CMY-223,BETA-LACTAM,CEPHALOSPORIN
blaCMY,class C beta-lactamase CMY-22,BETA-LACTAM,CEPHALOSPORIN
blaCMY,class C beta-lactamase CMY-23,BETA-LACTAM,CEPHALOSPORIN
blaCMY,class C beta-lactamase CMY-24,BETA-LACTAM,CEPHALOSPORIN
blaCMY,class C beta-lactamase CMY-25,BETA-LACTAM,CEPHALOSPORIN
blaCMY,class C beta-lactamase CMY-26,BETA-LACTAM,CEPHALOSPORIN
blaCMY,extended-spectrum class C beta-lactamase CMY-27,BETA-LACTAM,CEPHALOSPORIN
blaCMY,class C beta-lactamase CMY-28,BETA-LACTAM,CEPHALOSPORIN
blaCMY,class C beta-lactamase CMY-29,BETA-LACTAM,CEPHALOSPORIN
blaCMY,extended-spectrum class C beta-lactamase CMY-2,BETA-LACTAM,CEPHALOSPORIN
blaCMY,extended-spectrum class C beta-lactamase CMY-30,BETA-LACTAM,CEPHALOSPORIN
blaCMY,class C beta-lactamase CMY-31,BETA-LACTAM,CEPHALOSPORIN
blaCMY,extended-spectrum class C beta-lactamase CMY-32,BETA-LACTAM,CEPHALOSPORIN
blaCMY,extended-spectrum class C beta-lactamase CMY-33,BETA-LACTAM,CEPHALOSPORIN
blaCMY,class C beta-lactamase CMY-34,BETA-LACTAM,CEPHALOSPORIN
blaCMY,class C beta-lactamase CMY-35,BETA-LACTAM,CEPHALOSPORIN
blaCMY,class C beta-lactamase CMY-36,BETA-LACTAM,CEPHALOSPORIN
blaCMY,extended-spectrum class C beta-lactamase CMY-37,BETA-LACTAM,CEPHALOSPORIN
blaCMY,class C beta-lactamase CMY-38,BETA-LACTAM,CEPHALOSPORIN
blaCMY,class C beta-lactamase CMY-39,BETA-LACTAM,CEPHALOSPORIN
blaCMY,class C beta-lactamase CMY-40,BETA-LACTAM,CEPHALOSPORIN
blaCMY,class C beta-lactamase CMY-41,BETA-LACTAM,CEPHALOSPORIN
blaCMY,extended-spectrum class C beta-lactamase CMY-42,BETA-LACTAM,CEPHALOSPORIN
blaCMY,class C beta-lactamase CMY-43,BETA-LACTAM,CEPHALOSPORIN
blaCMY,extended-spectrum class C beta-lactamase CMY-44,BETA-LACTAM,CEPHALOSPORIN
blaCMY,class C beta-lactamase CMY-45,BETA-LACTAM,CEPHALOSPORIN
blaCMY,class C beta-lactamase CMY-46,BETA-LACTAM,CEPHALOSPORIN
blaCMY,class C beta-lactamase CMY-47,BETA-LACTAM,CEPHALOSPORIN
blaCMY,class C beta-lactamase CMY-48,BETA-LACTAM,CEPHALOSPORIN
blaCMY,class C beta-lactamase CMY-49,BETA-LACTAM,CEPHALOSPORIN
blaCMY,class C beta-lactamase CMY-4,BETA-LACTAM,CEPHALOSPORIN
blaCMY,class C beta-lactamase CMY-50,BETA-LACTAM,CEPHALOSPORIN
blaCMY,class C beta-lactamase CMY-51,BETA-LACTAM,CEPHALOSPORIN
blaCMY,class C beta-lactamase CMY-53,BETA-LACTAM,CEPHALOSPORIN
blaCMY,extended-spectrum class C beta-lactamase CMY-54,BETA-LACTAM,CEPHALOSPORIN
blaCMY,class C beta-lactamase CMY-55,BETA-LACTAM,CEPHALOSPORIN
blaCMY,class C beta-lactamase CMY-56,BETA-LACTAM,CEPHALOSPORIN
blaCMY,class C beta-lactamase CMY-57,BETA-LACTAM,CEPHALOSPORIN
blaCMY,class C beta-lactamase CMY-58,BETA-LACTAM,CEPHALOSPORIN
blaCMY,class C beta-lactamase CMY-59,BETA-LACTAM,CEPHALOSPORIN
blaCMY,class C beta-lactamase CMY-5,BETA-LACTAM,CEPHALOSPORIN
blaCMY,class C beta-lactamase CMY-60,BETA-LACTAM,CEPHALOSPORIN
blaCMY,class C beta-lactamase CMY-61,BETA-LACTAM,CEPHALOSPORIN
blaCMY,class C beta-lactamase CMY-62,BETA-LACTAM,CEPHALOSPORIN
blaCMY,class C beta-lactamase CMY-63,BETA-LACTAM,CEPHALOSPORIN
blaCMY,class C beta-lactamase CMY-64,BETA-LACTAM,CEPHALOSPORIN
blaCMY,class C beta-lactamase CMY-65,BETA-LACTAM,CEPHALOSPORIN
blaCMY,class C beta-lactamase CMY-66,BETA-LACTAM,CEPHALOSPORIN
blaCMY,class C beta-lactamase CMY-67,BETA-LACTAM,CEPHALOSPORIN
blaCMY,class C beta-lactamase CMY-68,BETA-LACTAM,CEPHALOSPORIN
blaCMY,class C beta-lactamase CMY-69,BETA-LACTAM,CEPHALOSPORIN
blaCMY,class C beta-lactamase CMY-6,BETA-LACTAM,CEPHALOSPORIN
blaCMY,class C beta-lactamase CMY-70,BETA-LACTAM,CEPHALOSPORIN
blaCMY,class C beta-lactamase CMY-71,BETA-LACTAM,CEPHALOSPORIN
blaCMY,class C beta-lactamase CMY-72,BETA-LACTAM,CEPHALOSPORIN
blaCMY,class C beta-lactamase CMY-73,BETA-LACTAM,CEPHALOSPORIN
blaCMY,class C beta-lactamase CMY-74,BETA-LACTAM,CEPHALOSPORIN
blaCMY,class C beta-lactamase CMY-75,BETA-LACTAM,CEPHALOSPORIN
blaCMY,class C beta-lactamase CMY-76,BETA-LACTAM,CEPHALOSPORIN
blaCMY,class C beta-lactamase CMY-77,BETA-LACTAM,CEPHALOSPORIN
blaCMY,class C beta-lactamase CMY-78,BETA-LACTAM,CEPHALOSPORIN
blaCMY,class C beta-lactamase CMY-79,BETA-LACTAM,CEPHALOSPORIN
blaCMY,class C beta-lactamase CMY-7,BETA-LACTAM,CEPHALOSPORIN
blaCMY,class C beta-lactamase CMY-80,BETA-LACTAM,CEPHALOSPORIN
blaCMY,class C beta-lactamase CMY-81,BETA-LACTAM,CEPHALOSPORIN
blaCMY,class C beta-lactamase CMY-82,BETA-LACTAM,CEPHALOSPORIN
blaCMY,class C beta-lactamase CMY-83,BETA-LACTAM,CEPHALOSPORIN
blaCMY,class C beta-lactamase CMY-84,BETA-LACTAM,CEPHALOSPORIN
blaCMY,class C beta-lactamase CMY-85,BETA-LACTAM,CEPHALOSPORIN
blaCMY,class C beta-lactamase CMY-86,BETA-LACTAM,CEPHALOSPORIN
blaCMY,class C beta-lactamase CMY-87,BETA-LACTAM,CEPHALOSPORIN
blaCMY,class C beta-lactamase CMY-89,BETA-LACTAM,CEPHALOSPORIN
blaMOX,CMY-1/MOX family extended-spectrum class C beta-lactamase CMY-8,BETA-LACTAM,CEPHALOSPORIN
blaMOX,CMY-1/MOX family class C beta-lactamase CMY-8b,BETA-LACTAM,CEPHALOSPORIN
blaCMY,class C beta-lactamase CMY-90,BETA-LACTAM,CEPHALOSPORIN
blaCMY,class C beta-lactamase CMY-93,BETA-LACTAM,CEPHALOSPORIN
blaCMY,class C beta-lactamase CMY-94,BETA-LACTAM,CEPHALOSPORIN
blaCMY,extended-spectrum class C beta-lactamase CMY-95,BETA-LACTAM,CEPHALOSPORIN
blaCMY,class C beta-lactamase CMY-96,BETA-LACTAM,CEPHALOSPORIN
blaCMY,class C beta-lactamase CMY-97,BETA-LACTAM,CEPHALOSPORIN
blaCMY,class C beta-lactamase CMY-99,BETA-LACTAM,CEPHALOSPORIN
blaMOX,CMY-1/MOX family extended-spectrum class C beta-lactamase CMY-9,BETA-LACTAM,CEPHALOSPORIN
blaCPS,subclass B3 metallo-beta-lactamase CPS-1,BETA-LACTAM,CARBAPENEM
blaCRD3,subclass B3 metallo-beta-lactamase CRD3-1,BETA-LACTAM,CARBAPENEM
blaCRH,carbapenem-hydrolyzing class A beta-lactamase CRH-1,BETA-LACTAM,CARBAPENEM
blaCRH,carbapenem-hydrolyzing class A beta-lactamase CRH-2,BETA-LACTAM,CARBAPENEM
blaCRH,carbapenem-hydrolyzing class A beta-lactamase CRH-3,BETA-LACTAM,CARBAPENEM
blaCRH,carbapenem-hydrolyzing class A beta-lactamase CRH-4,BETA-LACTAM,CARBAPENEM
blaCRP,carbapenem-hydrolyzing class A beta-lactamase CRP-1,BETA-LACTAM,CARBAPENEM
blaCSA,class C beta-lactamase CSA-1,BETA-LACTAM,CEPHALOTHIN
blaCSA,class C beta-lactamase CSA-2,BETA-LACTAM,CEPHALOTHIN
blaCSP,extended-spectrum class A beta-lactamase CSP-1,BETA-LACTAM,CEPHALOSPORIN
blaCSR,subclass B3 metallo-beta-lactamase-like protein CSR-1,BETA-LACTAM,BETA-LACTAM
blaCTX-M,extended-spectrum class A beta-lactamase CTX-M-100,BETA-LACTAM,CEPHALOSPORIN
blaCTX-M,extended-spectrum class A beta-lactamase CTX-M-101,BETA-LACTAM,CEPHALOSPORIN
blaCTX-M,extended-spectrum class A beta-lactamase CTX-M-102,BETA-LACTAM,CEPHALOSPORIN
blaCTX-M,extended-spectrum class A beta-lactamase CTX-M-103,BETA-LACTAM,CEPHALOSPORIN
blaCTX-M,extended-spectrum class A beta-lactamase CTX-M-104,BETA-LACTAM,CEPHALOSPORIN
blaCTX-M,extended-spectrum class A beta-lactamase CTX-M-105,BETA-LACTAM,CEPHALOSPORIN
blaCTX-M,extended-spectrum class A beta-lactamase CTX-M-10,BETA-LACTAM,CEPHALOSPORIN
blaCTX-M,extended-spectrum class A beta-lactamase CTX-M-110,BETA-LACTAM,CEPHALOSPORIN
blaCTX-M,extended-spectrum class A beta-lactamase CTX-M-111,BETA-LACTAM,CEPHALOSPORIN
blaCTX-M,extended-spectrum class A beta-lactamase CTX-M-112,BETA-LACTAM,CEPHALOSPORIN
blaCTX-M,extended-spectrum class A beta-lactamase CTX-M-113,BETA-LACTAM,CEPHALOSPORIN
blaCTX-M,extended-spectrum class A beta-lactamase CTX-M-114,BETA-LACTAM,CEPHALOSPORIN
blaCTX-M,extended-spectrum class A beta-lactamase CTX-M-115,BETA-LACTAM,CEPHALOSPORIN
blaCTX-M,extended-spectrum class A beta-lactamase CTX-M-116,BETA-LACTAM,CEPHALOSPORIN
blaCTX-M,extended-spectrum class A beta-lactamase CTX-M-117,BETA-LACTAM,CEPHALOSPORIN
blaCTX-M,extended-spectrum class A beta-lactamase CTX-M-121,BETA-LACTAM,CEPHALOSPORIN
blaCTX-M,extended-spectrum class A beta-lactamase CTX-M-122,BETA-LACTAM,CEPHALOSPORIN
blaCTX-M,extended-spectrum class A beta-lactamase CTX-M-123,BETA-LACTAM,CEPHALOSPORIN
blaCTX-M,extended-spectrum class A beta-lactamase CTX-M-124,BETA-LACTAM,CEPHALOSPORIN
blaCTX-M,extended-spectrum class A beta-lactamase CTX-M-125,BETA-LACTAM,CEPHALOSPORIN
blaCTX-M,extended-spectrum class A beta-lactamase CTX-M-126,BETA-LACTAM,CEPHALOSPORIN
blaCTX-M,extended-spectrum class A beta-lactamase CTX-M-127,BETA-LACTAM,CEPHALOSPORIN
blaCTX-M,extended-spectrum class A beta-lactamase CTX-M-129,BETA-LACTAM,CEPHALOSPORIN
blaCTX-M,extended-spectrum class A beta-lactamase CTX-M-12,BETA-LACTAM,CEPHALOSPORIN
blaCTX-M,extended-spectrum class A beta-lactamase CTX-M-130,BETA-LACTAM,CEPHALOSPORIN
blaCTX-M,extended-spectrum class A beta-lactamase CTX-M-131,BETA-LACTAM,CEPHALOSPORIN
blaCTX-M,extended-spectrum class A beta-lactamase CTX-M-132,BETA-LACTAM,CEPHALOSPORIN
blaCTX-M,extended-spectrum class A beta-lactamase CTX-M-134,BETA-LACTAM,CEPHALOSPORIN
blaCTX-M,extended-spectrum class A beta-lactamase CTX-M-136,BETA-LACTAM,CEPHALOSPORIN
blaCTX-M,extended-spectrum class A beta-lactamase CTX-M-137,BETA-LACTAM,CEPHALOSPORIN
blaCTX-M,extended-spectrum class A beta-lactamase CTX-M-138,BETA-LACTAM,CEPHALOSPORIN
blaCTX-M,extended-spectrum class A beta-lactamase CTX-M-139,BETA-LACTAM,CEPHALOSPORIN
blaCTX-M,extended-spectrum class A beta-lactamase CTX-M-13,BETA-LACTAM,CEPHALOSPORIN
blaCTX-M,extended-spectrum class A beta-lactamase CTX-M-140,BETA-LACTAM,CEPHALOSPORIN
blaCTX-M,extended-spectrum class A beta-lactamase CTX-M-141,BETA-LACTAM,CEPHALOSPORIN
blaCTX-M,extended-spectrum class A beta-lactamase CTX-M-142,BETA-LACTAM,CEPHALOSPORIN
blaCTX-M,extended-spectrum class A beta-lactamase CTX-M-143,BETA-LACTAM,CEPHALOSPORIN
blaCTX-M,extended-spectrum class A beta-lactamase CTX-M-144,BETA-LACTAM,CEPHALOSPORIN
blaCTX-M,extended-spectrum class A beta-lactamase CTX-M-146,BETA-LACTAM,CEPHALOSPORIN
blaCTX-M,extended-spectrum class A beta-lactamase CTX-M-147,BETA-LACTAM,CEPHALOSPORIN
blaCTX-M,extended-spectrum class A beta-lactamase CTX-M-148,BETA-LACTAM,CEPHALOSPORIN
blaCTX-M,extended-spectrum class A beta-lactamase CTX-M-14,BETA-LACTAM,CEPHALOSPORIN
blaCTX-M,extended-spectrum class A beta-lactamase CTX-M-150,BETA-LACTAM,CEPHALOSPORIN
blaCTX-M,CTX-M-like extended-spectrum class A beta-lactamase CTX-M-151,BETA-LACTAM,CEPHALOSPORIN
blaCTX-M,extended-spectrum class A beta-lactamase CTX-M-152,BETA-LACTAM,CEPHALOSPORIN
blaCTX-M,extended-spectrum class A beta-lactamase CTX-M-153,BETA-LACTAM,CEPHALOSPORIN
blaCTX-M,extended-spectrum class A beta-lactamase CTX-M-154,BETA-LACTAM,CEPHALOSPORIN
blaCTX-M,extended-spectrum class A beta-lactamase CTX-M-155,BETA-LACTAM,CEPHALOSPORIN
blaCTX-M,extended-spectrum class A beta-lactamase CTX-M-156,BETA-LACTAM,CEPHALOSPORIN
blaCTX-M,extended-spectrum class A beta-lactamase CTX-M-157,BETA-LACTAM,CEPHALOSPORIN
blaCTX-M,extended-spectrum class A beta-lactamase CTX-M-158,BETA-LACTAM,CEPHALOSPORIN
blaCTX-M,extended-spectrum class A beta-lactamase CTX-M-159,BETA-LACTAM,CEPHALOSPORIN
blaCTX-M,extended-spectrum class A beta-lactamase CTX-M-15,BETA-LACTAM,CEPHALOSPORIN
blaCTX-M,extended-spectrum class A beta-lactamase CTX-M-160,BETA-LACTAM,CEPHALOSPORIN
blaCTX-M,extended-spectrum class A beta-lactamase CTX-M-161,BETA-LACTAM,CEPHALOSPORIN
blaCTX-M,extended-spectrum class A beta-lactamase CTX-M-162,BETA-LACTAM,CEPHALOSPORIN
blaCTX-M,extended-spectrum class A beta-lactamase CTX-M-163,BETA-LACTAM,CEPHALOSPORIN
blaCTX-M,extended-spectrum class A beta-lactamase CTX-M-164,BETA-LACTAM,CEPHALOSPORIN
blaCTX-M,extended-spectrum class A beta-lactamase CTX-M-165,BETA-LACTAM,CEPHALOSPORIN
blaCTX-M,extended-spectrum class A beta-lactamase CTX-M-166,BETA-LACTAM,CEPHALOSPORIN
blaCTX-M,extended-spectrum class A beta-lactamase CTX-M-167,BETA-LACTAM,CEPHALOSPORIN
blaCTX-M,extended-spectrum class A beta-lactamase CTX-M-168,BETA-LACTAM,CEPHALOSPORIN
blaCTX-M,extended-spectrum class A beta-lactamase CTX-M-169,BETA-LACTAM,CEPHALOSPORIN
blaCTX-M,extended-spectrum class A beta-lactamase CTX-M-16,BETA-LACTAM,CEPHALOSPORIN
blaCTX-M,extended-spectrum class A beta-lactamase CTX-M-170,BETA-LACTAM,CEPHALOSPORIN
blaCTX-M,extended-spectrum class A beta-lactamase CTX-M-171,BETA-LACTAM,CEPHALOSPORIN
blaCTX-M,extended-spectrum class A beta-lactamase CTX-M-172,BETA-LACTAM,CEPHALOSPORIN
blaCTX-M,extended-spectrum class A beta-lactamase CTX-M-173,BETA-LACTAM,CEPHALOSPORIN
blaCTX-M,extended-spectrum class A beta-lactamase CTX-M-174,BETA-LACTAM,CEPHALOSPORIN
blaCTX-M,extended-spectrum class A beta-lactamase CTX-M-175,BETA-LACTAM,CEPHALOSPORIN
blaCTX-M,extended-spectrum class A beta-lactamase CTX-M-176,BETA-LACTAM,CEPHALOSPORIN
blaCTX-M,extended-spectrum class A beta-lactamase CTX-M-177,BETA-LACTAM,CEPHALOSPORIN
blaCTX-M,inhibitor-resistant class A beta-lactamase CTX-M-178,BETA-LACTAM,BETA-LACTAM
blaCTX-M,extended-spectrum class A beta-lactamase CTX-M-179,BETA-LACTAM,CEPHALOSPORIN
blaCTX-M,extended-spectrum class A beta-lactamase CTX-M-17,BETA-LACTAM,CEPHALOSPORIN
blaCTX-M,extended-spectrum class A beta-lactamase CTX-M-180,BETA-LACTAM,CEPHALOSPORIN
blaCTX-M,extended-spectrum class A beta-lactamase CTX-M-181,BETA-LACTAM,CEPHALOSPORIN
blaCTX-M,extended-spectrum class A beta-lactamase CTX-M-182,BETA-LACTAM,CEPHALOSPORIN
blaCTX-M,extended-spectrum class A beta-lactamase CTX-M-183,BETA-LACTAM,CEPHALOSPORIN
blaCTX-M,extended-spectrum class A beta-lactamase CTX-M-184,BETA-LACTAM,CEPHALOSPORIN
blaCTX-M,extended-spectrum class A beta-lactamase CTX-M-185,BETA-LACTAM,CEPHALOSPORIN
blaCTX-M,extended-spectrum class A beta-lactamase CTX-M-186,BETA-LACTAM,CEPHALOSPORIN
blaCTX-M,extended-spectrum class A beta-lactamase CTX-M-187,BETA-LACTAM,CEPHALOSPORIN
blaCTX-M,extended-spectrum class A beta-lactamase CTX-M-188,BETA-LACTAM,CEPHALOSPORIN
blaCTX-M,extended-spectrum class A beta-lactamase CTX-M-189,BETA-LACTAM,CEPHALOSPORIN
blaCTX-M,inhibitor-resistant extended-spectrum class A beta-lactamase CTX-M-190,BETA-LACTAM,CEPHALOSPORIN
blaCTX-M,extended-spectrum class A beta-lactamase CTX-M-191,BETA-LACTAM,CEPHALOSPORIN
blaCTX-M,extended-spectrum class A beta-lactamase CTX-M-192,BETA-LACTAM,CEPHALOSPORIN
blaCTX-M,extended-spectrum class A beta-lactamase CTX-M-193,BETA-LACTAM,CEPHALOSPORIN
blaCTX-M,extended-spectrum class A beta-lactamase CTX-M-194,BETA-LACTAM,CEPHALOSPORIN
blaCTX-M,extended-spectrum class A beta-lactamase CTX-M-195,BETA-LACTAM,CEPHALOSPORIN
blaCTX-M,extended-spectrum class A beta-lactamase CTX-M-196,BETA-LACTAM,CEPHALOSPORIN
blaCTX-M,extended-spectrum class A beta-lactamase CTX-M-197,BETA-LACTAM,CEPHALOSPORIN
blaCTX-M,extended-spectrum class A beta-lactamase CTX-M-198,BETA-LACTAM,CEPHALOSPORIN
blaCTX-M,inhibitor-resistant extended-spectrum class A beta-lactamase CTX-M-199,BETA-LACTAM,CEPHALOSPORIN
blaCTX-M,extended-spectrum class A beta-lactamase CTX-M-19,BETA-LACTAM,CEPHALOSPORIN
blaCTX-M,extended-spectrum class A beta-lactamase CTX-M-1,BETA-LACTAM,CEPHALOSPORIN
blaCTX-M,extended-spectrum class A beta-lactamase CTX-M-200,BETA-LACTAM,CEPHALOSPORIN
blaCTX-M,extended-spectrum class A beta-lactamase CTX-M-201,BETA-LACTAM,CEPHALOSPORIN
blaCTX-M,extended-spectrum class A beta-lactamase CTX-M-202,BETA-LACTAM,CEPHALOSPORIN
blaCTX-M,extended-spectrum class A beta-lactamase CTX-M-203,BETA-LACTAM,CEPHALOSPORIN
blaCTX-M,extended-spectrum class A beta-lactamase CTX-M-204,BETA-LACTAM,CEPHALOSPORIN
blaCTX-M,extended-spectrum class A beta-lactamase CTX-M-205,BETA-LACTAM,CEPHALOSPORIN
blaCTX-M,extended-spectrum class A beta-lactamase CTX-M-206,BETA-LACTAM,CEPHALOSPORIN
blaCTX-M,extended-spectrum class A beta-lactamase CTX-M-207,BETA-LACTAM,CEPHALOSPORIN
blaCTX-M,extended-spectrum class A beta-lactamase CTX-M-208,BETA-LACTAM,CEPHALOSPORIN
blaCTX-M,extended-spectrum class A beta-lactamase CTX-M-209,BETA-LACTAM,CEPHALOSPORIN
blaCTX-M,extended-spectrum class A beta-lactamase CTX-M-20,BETA-LACTAM,CEPHALOSPORIN
blaCTX-M,extended-spectrum class A beta-lactamase CTX-M-210,BETA-LACTAM,CEPHALOSPORIN
blaCTX-M,extended-spectrum class A beta-lactamase CTX-M-211,BETA-LACTAM,CEPHALOSPORIN
blaCTX-M,extended-spectrum class A beta-lactamase CTX-M-212,BETA-LACTAM,CEPHALOSPORIN
blaCTX-M,extended-spectrum class A beta-lactamase CTX-M-213,BETA-LACTAM,CEPHALOSPORIN
blaCTX-M,extended-spectrum class A beta-lactamase CTX-M-214,BETA-LACTAM,CEPHALOSPORIN
blaCTX-M,extended-spectrum class A beta-lactamase CTX-M-215,BETA-LACTAM,CEPHALOSPORIN
blaCTX-M,extended-spectrum class A beta-lactamase CTX-M-216,BETA-LACTAM,CEPHALOSPORIN
blaCTX-M,extended-spectrum class A beta-lactamase CTX-M-217,BETA-LACTAM,CEPHALOSPORIN
blaCTX-M,extended-spectrum class A beta-lactamase CTX-M-218,BETA-LACTAM,CEPHALOSPORIN
blaCTX-M,inhibitor-resistant extended-spectrum class A beta-lactamase CTX-M-219,BETA-LACTAM,CEPHALOSPORIN
blaCTX-M,extended-spectrum class A beta-lactamase CTX-M-21,BETA-LACTAM,CEPHALOSPORIN
blaCTX-M,extended-spectrum class A beta-lactamase CTX-M-220,BETA-LACTAM,CEPHALOSPORIN
blaCTX-M,extended-spectrum class A beta-lactamase CTX-M-221,BETA-LACTAM,CEPHALOSPORIN
blaCTX-M,extended-spectrum class A beta-lactamase CTX-M-222,BETA-LACTAM,CEPHALOSPORIN
blaCTX-M,extended-spectrum class A beta-lactamase CTX-M-223,BETA-LACTAM,CEPHALOSPORIN
blaCTX-M,extended-spectrum class A beta-lactamase CTX-M-224,BETA-LACTAM,CEPHALOSPORIN
blaCTX-M,extended-spectrum class A beta-lactamase CTX-M-225,BETA-LACTAM,CEPHALOSPORIN
blaCTX-M,extended-spectrum class A beta-lactamase CTX-M-226,BETA-LACTAM,CEPHALOSPORIN
blaCTX-M,extended-spectrum class A beta-lactamase CTX-M-227,BETA-LACTAM,CEPHALOSPORIN
blaCTX-M,extended-spectrum class A beta-lactamase CTX-M-228,BETA-LACTAM,CEPHALOSPORIN
blaCTX-M,extended-spectrum class A beta-lactamase CTX-M-229,BETA-LACTAM,CEPHALOSPORIN
blaCTX-M,extended-spectrum class A beta-lactamase CTX-M-22,BETA-LACTAM,CEPHALOSPORIN
blaCTX-M,extended-spectrum class A beta-lactamase CTX-M-230,BETA-LACTAM,CEPHALOSPORIN
blaCTX-M,extended-spectrum class A beta-lactamase CTX-M-231,BETA-LACTAM,CEPHALOSPORIN
blaCTX-M,extended-spectrum class A beta-lactamase CTX-M-232,BETA-LACTAM,CEPHALOSPORIN
blaCTX-M,extended-spectrum class A beta-lactamase CTX-M-233,BETA-LACTAM,CEPHALOSPORIN
blaCTX-M,extended-spectrum class A beta-lactamase CTX-M-234,BETA-LACTAM,CEPHALOSPORIN
blaCTX-M,extended-spectrum class A beta-lactamase CTX-M-235,BETA-LACTAM,CEPHALOSPORIN
blaCTX-M,extended-spectrum class A beta-lactamase CTX-M-236,BETA-LACTAM,CEPHALOSPORIN
blaCTX-M,extended-spectrum class A beta-lactamase CTX-M-237,BETA-LACTAM,CEPHALOSPORIN
blaCTX-M,extended-spectrum class A beta-lactamase CTX-M-238,BETA-LACTAM,CEPHALOSPORIN
blaCTX-M,extended-spectrum class A beta-lactamase CTX-M-239,BETA-LACTAM,CEPHALOSPORIN
blaCTX-M,extended-spectrum class A beta-lactamase CTX-M-23,BETA-LACTAM,CEPHALOSPORIN
blaCTX-M,extended-spectrum class A beta-lactamase CTX-M-240,BETA-LACTAM,CEPHALOSPORIN
blaCTX-M,extended-spectrum class A beta-lactamase CTX-M-241,BETA-LACTAM,CEPHALOSPORIN
blaCTX-M,extended-spectrum class A beta-lactamase CTX-M-242,BETA-LACTAM,CEPHALOSPORIN
blaCTX-M,extended-spectrum class A beta-lactamase CTX-M-243,BETA-LACTAM,CEPHALOSPORIN
blaCTX-M,extended-spectrum class A beta-lactamase CTX-M-244,BETA-LACTAM,CEPHALOSPORIN
blaCTX-M,extended-spectrum class A beta-lactamase CTX-M-245,BETA-LACTAM,CEPHALOSPORIN
blaCTX-M,extended-spectrum class A beta-lactamase CTX-M-246,BETA-LACTAM,CEPHALOSPORIN
blaCTX-M,extended-spectrum class A beta-lactamase CTX-M-247,BETA-LACTAM,CEPHALOSPORIN
blaCTX-M,extended-spectrum class A beta-lactamase CTX-M-248,BETA-LACTAM,CEPHALOSPORIN
blaCTX-M,extended-spectrum class A beta-lactamase CTX-M-249,BETA-LACTAM,CEPHALOSPORIN
blaCTX-M,extended-spectrum class A beta-lactamase CTX-M-24,BETA-LACTAM,CEPHALOSPORIN
blaCTX-M,extended-spectrum class A beta-lactamase CTX-M-251,BETA-LACTAM,CEPHALOSPORIN
blaCTX-M,extended-spectrum class A beta-lactamase CTX-M-252,BETA-LACTAM,CEPHALOSPORIN
blaCTX-M,extended-spectrum class A beta-lactamase CTX-M-253,BETA-LACTAM,CEPHALOSPORIN
blaCTX-M,extended-spectrum class A beta-lactamase CTX-M-254,BETA-LACTAM,CEPHALOSPORIN
blaCTX-M,inhibitor-resistant class A beta-lactamase CTX-M-255,BETA-LACTAM,BETA-LACTAM
blaCTX-M,extended-spectrum class A beta-lactamase CTX-M-256,BETA-LACTAM,CEPHALOSPORIN
blaCTX-M,extended-spectrum class A beta-lactamase CTX-M-257,BETA-LACTAM,CEPHALOSPORIN
blaCTX-M,extended-spectrum class A beta-lactamase CTX-M-258,BETA-LACTAM,CEPHALOSPORIN
blaCTX-M,extended-spectrum class A beta-lactamase CTX-M-259,BETA-LACTAM,CEPHALOSPORIN
blaCTX-M,extended-spectrum class A beta-lactamase CTX-M-25,BETA-LACTAM,CEPHALOSPORIN
blaCTX-M,extended-spectrum class A beta-lactamase CTX-M-260,BETA-LACTAM,CEPHALOSPORIN
blaCTX-M,extended-spectrum class A beta-lactamase CTX-M-261,BETA-LACTAM,CEPHALOSPORIN
blaCTX-M,extended-spectrum class A beta-lactamase CTX-M-262,BETA-LACTAM,CEPHALOSPORIN
blaCTX-M,extended-spectrum class A beta-lactamase CTX-M-263,BETA-LACTAM,CEPHALOSPORIN
blaCTX-M,extended-spectrum class A beta-lactamase CTX-M-264,BETA-LACTAM,CEPHALOSPORIN
blaCTX-M,extended-spectrum class A beta-lactamase CTX-M-265,BETA-LACTAM,CEPHALOSPORIN
blaCTX-M,extended-spectrum class A beta-lactamase CTX-M-266,BETA-LACTAM,CEPHALOSPORIN
blaCTX-M,extended-spectrum class A beta-lactamase CTX-M-267,BETA-LACTAM,CEPHALOSPORIN
blaCTX-M,extended-spectrum class A beta-lactamase CTX-M-268,BETA-LACTAM,CEPHALOSPORIN
blaCTX-M,extended-spectrum class A beta-lactamase CTX-M-269,BETA-LACTAM,CEPHALOSPORIN
blaCTX-M,extended-spectrum class A beta-lactamase CTX-M-26,BETA-LACTAM,CEPHALOSPORIN
blaCTX-M,extended-spectrum class A beta-lactamase CTX-M-270,BETA-LACTAM,CEPHALOSPORIN
blaCTX-M,extended-spectrum class A beta-lactamase CTX-M-271,BETA-LACTAM,CEPHALOSPORIN
blaCTX-M,extended-spectrum class A beta-lactamase CTX-M-272,BETA-LACTAM,CEPHALOSPORIN
blaCTX-M,extended-spectrum class A beta-lactamase CTX-M-273,BETA-LACTAM,CEPHALOSPORIN
blaCTX-M,extended-spectrum class A beta-lactamase CTX-M-274,BETA-LACTAM,CEPHALOSPORIN
blaCTX-M,extended-spectrum class A beta-lactamase CTX-M-275,BETA-LACTAM,CEPHALOSPORIN
blaCTX-M,extended-spectrum class A beta-lactamase CTX-M-276,BETA-LACTAM,CEPHALOSPORIN
blaCTX-M,extended-spectrum class A beta-lactamase CTX-M-277,BETA-LACTAM,CEPHALOSPORIN
blaCTX-M,extended-spectrum class A beta-lactamase CTX-M-278,BETA-LACTAM,CEPHALOSPORIN
blaCTX-M,extended-spectrum class A beta-lactamase CTX-M-279,BETA-LACTAM,CEPHALOSPORIN
blaCTX-M,extended-spectrum class A beta-lactamase CTX-M-27,BETA-LACTAM,CEPHALOSPORIN
blaCTX-M,extended-spectrum class A beta-lactamase CTX-M-280,BETA-LACTAM,CEPHALOSPORIN
blaCTX-M,extended-spectrum class A beta-lactamase CTX-M-281,BETA-LACTAM,CEPHALOSPORIN
blaCTX-M,inhibitor-resistant extended-spectrum class A beta-lactamase CTX-M-282,BETA-LACTAM,CEPHALOSPORIN
blaCTX-M,extended-spectrum class A beta-lactamase CTX-M-283,BETA-LACTAM,CEPHALOSPORIN
blaCTX-M,extended-spectrum class A beta-lactamase CTX-M-28,BETA-LACTAM,CEPHALOSPORIN
blaCTX-M,extended-spectrum class A beta-lactamase CTX-M-29,BETA-LACTAM,CEPHALOSPORIN
blaCTX-M,extended-spectrum class A beta-lactamase CTX-M-2,BETA-LACTAM,CEPHALOSPORIN
blaCTX-M,extended-spectrum class A beta-lactamase CTX-M-30,BETA-LACTAM,CEPHALOSPORIN
blaCTX-M,extended-spectrum class A beta-lactamase CTX-M-31,BETA-LACTAM,CEPHALOSPORIN
blaCTX-M,extended-spectrum class A beta-lactamase CTX-M-32,BETA-LACTAM,CEPHALOSPORIN
blaCTX-M,extended-spectrum class A beta-lactamase CTX-M-33,BETA-LACTAM,CEPHALOSPORIN
blaCTX-M,extended-spectrum class A beta-lactamase CTX-M-34,BETA-LACTAM,CEPHALOSPORIN
blaCTX-M,extended-spectrum class A beta-lactamase CTX-M-35,BETA-LACTAM,CEPHALOSPORIN
blaCTX-M,extended-spectrum class A beta-lactamase CTX-M-36,BETA-LACTAM,CEPHALOSPORIN
blaCTX-M,extended-spectrum class A beta-lactamase CTX-M-37,BETA-LACTAM,CEPHALOSPORIN
blaCTX-M,extended-spectrum class A beta-lactamase CTX-M-38,BETA-LACTAM,CEPHALOSPORIN
blaCTX-M,extended-spectrum class A beta-lactamase CTX-M-39,BETA-LACTAM,CEPHALOSPORIN
blaCTX-M,extended-spectrum class A beta-lactamase CTX-M-3,BETA-LACTAM,CEPHALOSPORIN
blaCTX-M,extended-spectrum class A beta-lactamase CTX-M-40,BETA-LACTAM,CEPHALOSPORIN
blaCTX-M,extended-spectrum class A beta-lactamase CTX-M-41,BETA-LACTAM,CEPHALOSPORIN
blaCTX-M,extended-spectrum class A beta-lactamase CTX-M-42,BETA-LACTAM,CEPHALOSPORIN
blaCTX-M,extended-spectrum class A beta-lactamase CTX-M-43,BETA-LACTAM,CEPHALOSPORIN
blaCTX-M,extended-spectrum class A beta-lactamase CTX-M-44,BETA-LACTAM,CEPHALOSPORIN
blaCTX-M,extended-spectrum class A beta-lactamase CTX-M-46,BETA-LACTAM,CEPHALOSPORIN
blaCTX-M,extended-spectrum class A beta-lactamase CTX-M-47,BETA-LACTAM,CEPHALOSPORIN
blaCTX-M,extended-spectrum class A beta-lactamase CTX-M-48,BETA-LACTAM,CEPHALOSPORIN
blaCTX-M,extended-spectrum class A beta-lactamase CTX-M-49,BETA-LACTAM,CEPHALOSPORIN
blaCTX-M,extended-spectrum class A beta-lactamase CTX-M-4,BETA-LACTAM,CEPHALOSPORIN
blaCTX-M,extended-spectrum class A beta-lactamase CTX-M-50,BETA-LACTAM,CEPHALOSPORIN
blaCTX-M,extended-spectrum class A beta-lactamase CTX-M-51,BETA-LACTAM,CEPHALOSPORIN
blaCTX-M,extended-spectrum class A beta-lactamase CTX-M-52,BETA-LACTAM,CEPHALOSPORIN
blaCTX-M,extended-spectrum class A beta-lactamase CTX-M-53,BETA-LACTAM,CEPHALOSPORIN
blaCTX-M,extended-spectrum class A beta-lactamase CTX-M-54,BETA-LACTAM,CEPHALOSPORIN
blaCTX-M,extended-spectrum class A beta-lactamase CTX-M-55,BETA-LACTAM,CEPHALOSPORIN
blaCTX-M,extended-spectrum class A beta-lactamase CTX-M-56,BETA-LACTAM,CEPHALOSPORIN
blaCTX-M,extended-spectrum class A beta-lactamase CTX-M-58,BETA-LACTAM,CEPHALOSPORIN
blaCTX-M,extended-spectrum class A beta-lactamase CTX-M-59,BETA-LACTAM,CEPHALOSPORIN
blaCTX-M,extended-spectrum class A beta-lactamase CTX-M-5,BETA-LACTAM,CEPHALOSPORIN
blaCTX-M,extended-spectrum class A beta-lactamase CTX-M-60,BETA-LACTAM,CEPHALOSPORIN
blaCTX-M,extended-spectrum class A beta-lactamase CTX-M-61,BETA-LACTAM,CEPHALOSPORIN
blaCTX-M,extended-spectrum class A beta-lactamase CTX-M-62,BETA-LACTAM,CEPHALOSPORIN
blaCTX-M,extended-spectrum class A beta-lactamase CTX-M-63,BETA-LACTAM,CEPHALOSPORIN
blaCTX-M,extended-spectrum class A beta-lactamase CTX-M-64,BETA-LACTAM,CEPHALOSPORIN
blaCTX-M,extended-spectrum class A beta-lactamase CTX-M-65,BETA-LACTAM,CEPHALOSPORIN
blaCTX-M,extended-spectrum class A beta-lactamase CTX-M-66,BETA-LACTAM,CEPHALOSPORIN
blaCTX-M,extended-spectrum class A beta-lactamase CTX-M-67,BETA-LACTAM,CEPHALOSPORIN
blaCTX-M,extended-spectrum class A beta-lactamase CTX-M-68,BETA-LACTAM,CEPHALOSPORIN
blaCTX-M,extended-spectrum class A beta-lactamase CTX-M-69,BETA-LACTAM,CEPHALOSPORIN
blaCTX-M,extended-spectrum class A beta-lactamase CTX-M-6,BETA-LACTAM,CEPHALOSPORIN
blaCTX-M,extended-spectrum class A beta-lactamase CTX-M-70,BETA-LACTAM,CEPHALOSPORIN
blaCTX-M,extended-spectrum class A beta-lactamase CTX-M-71,BETA-LACTAM,CEPHALOSPORIN
blaCTX-M,extended-spectrum class A beta-lactamase CTX-M-72,BETA-LACTAM,CEPHALOSPORIN
blaCTX-M,extended-spectrum class A beta-lactamase CTX-M-73,BETA-LACTAM,CEPHALOSPORIN
blaCTX-M,extended-spectrum class A beta-lactamase CTX-M-74,BETA-LACTAM,CEPHALOSPORIN
blaCTX-M,extended-spectrum class A beta-lactamase CTX-M-75,BETA-LACTAM,CEPHALOSPORIN
blaCTX-M,extended-spectrum class A beta-lactamase CTX-M-76,BETA-LACTAM,CEPHALOSPORIN
blaCTX-M,extended-spectrum class A beta-lactamase CTX-M-77,BETA-LACTAM,CEPHALOSPORIN
blaCTX-M,extended-spectrum class A beta-lactamase CTX-M-78,BETA-LACTAM,CEPHALOSPORIN
blaCTX-M,extended-spectrum class A beta-lactamase CTX-M-79,BETA-LACTAM,CEPHALOSPORIN
blaCTX-M,extended-spectrum class A beta-lactamase CTX-M-7,BETA-LACTAM,CEPHALOSPORIN
blaCTX-M,extended-spectrum class A beta-lactamase CTX-M-80,BETA-LACTAM,CEPHALOSPORIN
blaCTX-M,extended-spectrum class A beta-lactamase CTX-M-81,BETA-LACTAM,CEPHALOSPORIN
blaCTX-M,extended-spectrum class A beta-lactamase CTX-M-82,BETA-LACTAM,CEPHALOSPORIN
blaCTX-M,extended-spectrum class A beta-lactamase CTX-M-83,BETA-LACTAM,CEPHALOSPORIN
blaCTX-M,extended-spectrum class A beta-lactamase CTX-M-84,BETA-LACTAM,CEPHALOSPORIN
blaCTX-M,extended-spectrum class A beta-lactamase CTX-M-85,BETA-LACTAM,CEPHALOSPORIN
blaCTX-M,extended-spectrum class A beta-lactamase CTX-M-86,BETA-LACTAM,CEPHALOSPORIN
blaCTX-M,extended-spectrum class A beta-lactamase CTX-M-87,BETA-LACTAM,CEPHALOSPORIN
blaCTX-M,extended-spectrum class A beta-lactamase CTX-M-88,BETA-LACTAM,CEPHALOSPORIN
blaCTX-M,extended-spectrum class A beta-lactamase CTX-M-89,BETA-LACTAM,CEPHALOSPORIN
blaCTX-M,extended-spectrum class A beta-lactamase CTX-M-8,BETA-LACTAM,CEPHALOSPORIN
blaCTX-M,extended-spectrum class A beta-lactamase CTX-M-90,BETA-LACTAM,CEPHALOSPORIN
blaCTX-M,extended-spectrum class A beta-lactamase CTX-M-91,BETA-LACTAM,CEPHALOSPORIN
blaCTX-M,extended-spectrum class A beta-lactamase CTX-M-92,BETA-LACTAM,CEPHALOSPORIN
blaCTX-M,extended-spectrum class A beta-lactamase CTX-M-93,BETA-LACTAM,CEPHALOSPORIN
blaCTX-M,extended-spectrum class A beta-lactamase CTX-M-94,BETA-LACTAM,CEPHALOSPORIN
blaCTX-M,extended-spectrum class A beta-lactamase CTX-M-95,BETA-LACTAM,CEPHALOSPORIN
blaCTX-M,extended-spectrum class A beta-lactamase CTX-M-96,BETA-LACTAM,CEPHALOSPORIN
blaCTX-M,extended-spectrum class A beta-lactamase CTX-M-97,BETA-LACTAM,CEPHALOSPORIN
blaCTX-M,extended-spectrum class A beta-lactamase CTX-M-98,BETA-LACTAM,CEPHALOSPORIN
blaCTX-M,extended-spectrum class A beta-lactamase CTX-M-99,BETA-LACTAM,CEPHALOSPORIN
blaCTX-M,extended-spectrum class A beta-lactamase CTX-M-9,BETA-LACTAM,CEPHALOSPORIN
blaCVI,subclass B2 metallo-beta-lactamase CVI-1,BETA-LACTAM,CARBAPENEM
blaDES,extended-spectrum class A beta-lactamase DES-1,BETA-LACTAM,CEPHALOSPORIN
blaDHA,class C beta-lactamase DHA-10,BETA-LACTAM,CEPHALOSPORIN
blaDHA,class C beta-lactamase DHA-12,BETA-LACTAM,CEPHALOSPORIN
blaDHA,class C beta-lactamase DHA-13,BETA-LACTAM,CEPHALOSPORIN
blaDHA,class C beta-lactamase DHA-14,BETA-LACTAM,CEPHALOSPORIN
blaDHA,class C beta-lactamase DHA-15,BETA-LACTAM,CEPHALOSPORIN
blaDHA,class C beta-lactamase DHA-16,BETA-LACTAM,CEPHALOSPORIN
blaDHA,class C beta-lactamase DHA-17,BETA-LACTAM,CEPHALOSPORIN
blaDHA,class C beta-lactamase DHA-18,BETA-LACTAM,CEPHALOSPORIN
blaDHA,class C beta-lactamase DHA-19,BETA-LACTAM,CEPHALOSPORIN
blaDHA,extended-spectrum class C beta-lactamase DHA-1,BETA-LACTAM,CEPHALOSPORIN
blaDHA,class C beta-lactamase DHA-20,BETA-LACTAM,CEPHALOSPORIN
blaDHA,class C beta-lactamase DHA-21,BETA-LACTAM,CEPHALOSPORIN
blaDHA,class C beta-lactamase DHA-22,BETA-LACTAM,CEPHALOSPORIN
blaDHA,class C beta-lactamase DHA-23,BETA-LACTAM,CEPHALOSPORIN
blaDHA,class C beta-lactamase DHA-24,BETA-LACTAM,CEPHALOSPORIN
blaDHA,class C beta-lactamase DHA-25,BETA-LACTAM,CEPHALOSPORIN
blaDHA,class C beta-lactamase DHA-26,BETA-LACTAM,CEPHALOSPORIN
blaDHA,class C beta-lactamase DHA-27,BETA-LACTAM,CEPHALOSPORIN
blaDHA,class C beta-lactamase DHA-28,BETA-LACTAM,CEPHALOSPORIN
blaDHA,class C beta-lactamase DHA-29,BETA-LACTAM,CEPHALOSPORIN
blaDHA,class C beta-lactamase DHA-2,BETA-LACTAM,CEPHALOSPORIN
blaDHA,class C beta-lactamase DHA-30,BETA-LACTAM,CEPHALOSPORIN
blaDHA,class C beta-lactamase DHA-31,BETA-LACTAM,CEPHALOSPORIN
blaDHA,class C beta-lactamase DHA-32,BETA-LACTAM,CEPHALOSPORIN
blaDHA,class C beta-lactamase DHA-33,BETA-LACTAM,CEPHALOSPORIN
blaDHA,class C beta-lactamase DHA-34,BETA-LACTAM,CEPHALOSPORIN
blaDHA,class C beta-lactamase DHA-35,BETA-LACTAM,CEPHALOSPORIN
blaDHA,class C beta-lactamase DHA-36,BETA-LACTAM,CEPHALOSPORIN
blaDHA,class C beta-lactamase DHA-37,BETA-LACTAM,CEPHALOSPORIN
blaDHA,class C beta-lactamase DHA-3,BETA-LACTAM,CEPHALOSPORIN
blaDHA,class C beta-lactamase DHA-4,BETA-LACTAM,CEPHALOSPORIN
blaDHA,class C beta-lactamase DHA-5,BETA-LACTAM,CEPHALOSPORIN
blaDHA,class C beta-lactamase DHA-6,BETA-LACTAM,CEPHALOSPORIN
blaDHA,class C beta-lactamase DHA-7,BETA-LACTAM,CEPHALOSPORIN
blaDHA,class C beta-lactamase DHA-9,BETA-LACTAM,CEPHALOSPORIN
blaDHT2,subclass B3 metallo-beta-lactamase DHT2-1,BETA-LACTAM,CARBAPENEM
blaDIM,subclass B1 metallo-beta-lactamase DIM-1,BETA-LACTAM,CARBAPENEM
blaDYB,subclass B1 metallo-beta-lactamase DYB-1,BETA-LACTAM,CARBAPENEM
blaEAM,subclass B3 metallo-beta-lactamase EAM-1,BETA-LACTAM,CARBAPENEM
blaEBR,subclass B1 metallo-beta-lactamase EBR-1,BETA-LACTAM,CARBAPENEM
blaEBR,subclass B1 metallo-beta-lactamase EBR-2,BETA-LACTAM,CARBAPENEM
blaEBR,subclass B1 metallo-beta-lactamase EBR-3,BETA-LACTAM,CARBAPENEM
blaEBR,subclass B1 metallo-beta-lactamase EBR-4,BETA-LACTAM,CARBAPENEM
blaEBR,subclass B1 metallo-beta-lactamase EBR-5,BETA-LACTAM,CARBAPENEM
blaEC,extended-spectrum class C beta-lactamase EC-13,BETA-LACTAM,CEPHALOSPORIN
blaEC,extended-spectrum class C beta-lactamase EC-14,BETA-LACTAM,CEPHALOSPORIN
blaEC,extended-spectrum class C beta-lactamase EC-15,BETA-LACTAM,CEPHALOSPORIN
blaEC,extended-spectrum class C beta-lactamase EC-16,BETA-LACTAM,CEPHALOSPORIN
blaEC,extended-spectrum class C beta-lactamase EC-18,BETA-LACTAM,CEPHALOSPORIN
blaEC,extended-spectrum class C beta-lactamase EC-19,BETA-LACTAM,CEPHALOSPORIN
blaEC,cephalosporin-hydrolyzing class C beta-lactamase EC-5,BETA-LACTAM,CEPHALOSPORIN
blaEC,cephalosporin-hydrolyzing class C beta-lactamase EC-8,BETA-LACTAM,CEPHALOSPORIN
blaECM,subclass B3 metallo-beta-lactamase ECM-1,BETA-LACTAM,CARBAPENEM
blaECV,subclass B1 metallo-beta-lactamase ECV-1,BETA-LACTAM,CARBAPENEM
blaEFM,subclass B3 metallo-beta-lactamase EFM-1,BETA-LACTAM,CARBAPENEM
blaELC,class C beta-lactamase ELC-1,BETA-LACTAM,CEPHALOSPORIN
blaELC,class C beta-lactamase ELC-2,BETA-LACTAM,CEPHALOSPORIN
blaELM,subclass B3 metallo-beta-lactamase ELM-1,BETA-LACTAM,CARBAPENEM
blaERP,extended-spectrum class A beta-lactamase ERP-1,BETA-LACTAM,CEPHALOSPORIN
blaESP,subclass B3 metallo-beta-lactamase ESP-1,BETA-LACTAM,CARBAPENEM
blaEVM,subclass B3 metallo-beta-lactamase EVM-1,BETA-LACTAM,CARBAPENEM
blaFAR,extended-spectrum class A beta-lactamase FAR-1,BETA-LACTAM,BETA-LACTAM
blaFEZ,subclass B3 metallo-beta-lactamase FEZ-1,BETA-LACTAM,CARBAPENEM
blaFIA,subclass B1 metallo-beta-lactamase FIA-1,BETA-LACTAM,CARBAPENEM
blaFIM,subclass B1 metallo-beta-lactamase FIM-1,BETA-LACTAM,CARBAPENEM
blaFRI,FRI family carbapenem-hydrolyzing class A beta-lactamase FLC-1,BETA-LACTAM,CARBAPENEM
blaFONA,class A beta-lactamase FONA-10,BETA-LACTAM,BETA-LACTAM
blaFONA,class A beta-lactamase FONA-11,BETA-LACTAM,BETA-LACTAM
blaFONA,class A beta-lactamase FONA-12,BETA-LACTAM,BETA-LACTAM
blaFONA,class A beta-lactamase FONA-13,BETA-LACTAM,BETA-LACTAM
blaFONA,class A beta-lactamase FONA-1,BETA-LACTAM,BETA-LACTAM
blaFONA,class A beta-lactamase FONA-2,BETA-LACTAM,BETA-LACTAM
blaFONA,class A beta-lactamase FONA-3,BETA-LACTAM,BETA-LACTAM
blaFONA,class A beta-lactamase FONA-4,BETA-LACTAM,BETA-LACTAM
blaFONA,class A beta-lactamase FONA-5,BETA-LACTAM,BETA-LACTAM
blaFONA,class A beta-lactamase FONA-6,BETA-LACTAM,BETA-LACTAM
blaFONA,class A beta-lactamase FONA-7,BETA-LACTAM,BETA-LACTAM
blaFONA,class A beta-lactamase FONA-8,BETA-LACTAM,BETA-LACTAM
blaFONA,class A beta-lactamase FONA-9,BETA-LACTAM,BETA-LACTAM
blaFOX,cephalosporin-hydrolyzing class C beta-lactamase FOX-10,BETA-LACTAM,CEPHALOSPORIN
blaFOX,cephalosporin-hydrolyzing class C beta-lactamase FOX-12,BETA-LACTAM,CEPHALOSPORIN
blaFOX,cephalosporin-hydrolyzing class C beta-lactamase FOX-13,BETA-LACTAM,CEPHALOSPORIN
blaFOX,cephalosporin-hydrolyzing class C beta-lactamase FOX-14,BETA-LACTAM,CEPHALOSPORIN
blaFOX,cephalosporin-hydrolyzing class C beta-lactamase FOX-15,BETA-LACTAM,CEPHALOSPORIN
blaFOX,cephalosporin-hydrolyzing class C beta-lactamase FOX-16,BETA-LACTAM,CEPHALOSPORIN
blaFOX,cephalosporin-hydrolyzing class C beta-lactamase FOX-17,BETA-LACTAM,CEPHALOSPORIN
blaFOX,cephalosporin-hydrolyzing class C beta-lactamase FOX-18,BETA-LACTAM,CEPHALOSPORIN
blaFOX,cephalosporin-hydrolyzing class C beta-lactamase FOX-19,BETA-LACTAM,CEPHALOSPORIN
blaFOX,cephalosporin-hydrolyzing class C beta-lactamase FOX-1,BETA-LACTAM,CEPHALOSPORIN
blaFOX,cephalosporin-hydrolyzing class C beta-lactamase FOX-20,BETA-LACTAM,CEPHALOSPORIN
blaFOX,cephalosporin-hydrolyzing class C beta-lactamase FOX-21,BETA-LACTAM,CEPHALOSPORIN
blaFOX,cephalosporin-hydrolyzing class C beta-lactamase FOX-23,BETA-LACTAM,CEPHALOSPORIN
blaFOX,cephalosporin-hydrolyzing class C beta-lactamase FOX-2,BETA-LACTAM,CEPHALOSPORIN
blaFOX,cephalosporin-hydrolyzing class C beta-lactamase FOX-3,BETA-LACTAM,CEPHALOSPORIN
blaFOX,inhbitor-resistant cephalosporin-hydrolyzing class C beta-lactamase FOX-4,BETA-LACTAM,CEPHALOSPORIN
blaFOX,cephalosporin-hydrolyzing class C beta-lactamase FOX-5,BETA-LACTAM,CEPHALOSPORIN
blaFOX,cephalosporin-hydrolyzing class C beta-lactamase FOX-7,BETA-LACTAM,CEPHALOSPORIN
blaFOX,cephalosporin-hydrolyzing class C beta-lactamase FOX-8,BETA-LACTAM,CEPHALOSPORIN
blaFOX,cephalosporin-hydrolyzing class C beta-lactamase FOX-9,BETA-LACTAM,CEPHALOSPORIN
blaFPH,carbapenem-hydrolyzing class A beta-lactamase FPH-1,BETA-LACTAM,CARBAPENEM
blaFRI,carbapenem-hydrolyzing class A beta-lactamase FRI-10,BETA-LACTAM,CARBAPENEM
blaFRI,carbapenem-hydrolyzing class A beta-lactamase FRI-11,BETA-LACTAM,CARBAPENEM
blaFRI,carbapenem-hydrolyzing class A beta-lactamase FRI-12,BETA-LACTAM,CARBAPENEM
blaFRI,carbapenem-hydrolyzing class A beta-lactamase FRI-1,BETA-LACTAM,CARBAPENEM
blaFRI,carbapenem-hydrolyzing class A beta-lactamase FRI-2,BETA-LACTAM,CARBAPENEM
blaFRI,carbapenem-hydrolyzing class A beta-lactamase FRI-3,BETA-LACTAM,CARBAPENEM
blaFRI,carbapenem-hydrolyzing class A beta-lactamase FRI-4,BETA-LACTAM,CARBAPENEM
blaFRI,carbapenem-hydrolyzing class A beta-lactamase FRI-5,BETA-LACTAM,CARBAPENEM
blaFRI,carbapenem-hydrolyzing class A beta-lactamase FRI-6,BETA-LACTAM,CARBAPENEM
blaFRI,carbapenem-hydrolyzing class A beta-lactamase FRI-7,BETA-LACTAM,CARBAPENEM
blaFRI,carbapenem-hydrolyzing class A beta-lactamase FRI-8,BETA-LACTAM,CARBAPENEM
blaFRI,carbapenem-hydrolyzing class A beta-lactamase FRI-9,BETA-LACTAM,CARBAPENEM
blaFTU,class A beta-lactamase FTU-1,BETA-LACTAM,BETA-LACTAM
blaGES,extended-spectrum class A beta-lactamase GES-10,BETA-LACTAM,CEPHALOSPORIN
blaGES,extended-spectrum class A beta-lactamase GES-11,BETA-LACTAM,CEPHALOSPORIN
blaGES,extended-spectrum class A beta-lactamase GES-12,BETA-LACTAM,CEPHALOSPORIN
blaGES,extended-spectrum class A beta-lactamase GES-13,BETA-LACTAM,CEPHALOSPORIN
blaGES,carbapenem-hydrolyzing class A beta-lactamase GES-14,BETA-LACTAM,CARBAPENEM
blaGES,extended-spectrum class A beta-lactamase GES-15,BETA-LACTAM,CEPHALOSPORIN
blaGES,carbapenem-hydrolyzing class A beta-lactamase GES-16,BETA-LACTAM,CARBAPENEM
blaGES,extended-spectrum class A beta-lactamase GES-17,BETA-LACTAM,CEPHALOSPORIN
blaGES,inhibitor-resistant carbapenem-hydrolyzing class A beta-lactamase GES-18,BETA-LACTAM,CARBAPENEM
blaGES,extended-spectrum class A beta-lactamase GES-19,BETA-LACTAM,CEPHALOSPORIN
blaGES,extended-spectrum class A beta-lactamase GES-1,BETA-LACTAM,CEPHALOSPORIN
blaGES,carbapenem-hydrolyzing class A beta-lactamase GES-20,BETA-LACTAM,CARBAPENEM
blaGES,carbapenem-hydrolyzing class A beta-lactamase GES-21,BETA-LACTAM,CARBAPENEM
blaGES,class A beta-lactamase GES-22,BETA-LACTAM,CEPHALOSPORIN
blaGES,extended-spectrum class A beta-lactamase GES-23,BETA-LACTAM,CEPHALOSPORIN
blaGES,carbapenem-hydrolyzing class A beta-lactamase GES-24,BETA-LACTAM,CARBAPENEM
blaGES,carbapenem-hydrolyzing class A beta-lactamase GES-25,BETA-LACTAM,CARBAPENEM
blaGES,extended-spectrum class A beta-lactamase GES-26,BETA-LACTAM,CEPHALOSPORIN
blaGES,class A beta-lactamase GES-27,BETA-LACTAM,CEPHALOSPORIN
blaGES,carbapenem-hydrolyzing class A beta-lactamase GES-28,BETA-LACTAM,CARBAPENEM
blaGES,class A beta-lactamase GES-29,BETA-LACTAM,CEPHALOSPORIN
blaGES,extended-spectrum class A beta-lactamase GES-2,BETA-LACTAM,CEPHALOSPORIN
blaGES,carbapenem-hydrolyzing class A beta-lactamase GES-30,BETA-LACTAM,CARBAPENEM
blaGES,extended-spectrum class A beta-lactamase GES-31,BETA-LACTAM,CEPHALOSPORIN
blaGES,extended-spectrum class A beta-lactamase GES-32,BETA-LACTAM,CEPHALOSPORIN
blaGES,carbapenem-hydrolyzing class A beta-lactamase GES-33,BETA-LACTAM,CARBAPENEM
blaGES,class A beta-lactamase GES-34,BETA-LACTAM,CEPHALOSPORIN
blaGES,class A beta-lactamase GES-35,BETA-LACTAM,CEPHALOSPORIN
blaGES,class A beta-lactamase GES-36,BETA-LACTAM,CEPHALOSPORIN
blaGES,class A beta-lactamase GES-37,BETA-LACTAM,CEPHALOSPORIN
blaGES,extended-spectrum class A beta-lactamase GES-38,BETA-LACTAM,CEPHALOSPORIN
blaGES,carbapenem-hydrolyzing class A beta-lactamase GES-39,BETA-LACTAM,CARBAPENEM
blaGES,extended-spectrum class A beta-lactamase GES-3,BETA-LACTAM,CEPHALOSPORIN
blaGES,carbapenem-hydrolyzing class A beta-lactamase GES-40,BETA-LACTAM,CARBAPENEM
blaGES,carbapenem-hydrolyzing class A beta-lactamase GES-41,BETA-LACTAM,CEPHALOSPORIN
blaGES,class A beta-lactamase GES-42,BETA-LACTAM,CEPHALOSPORIN
blaGES,class A beta-lactamase GES-43,BETA-LACTAM,CEPHALOSPORIN
blaGES,extended-spectrum class A beta-lactamase GES-44,BETA-LACTAM,CEPHALOSPORIN
blaGES,extended-spectrum class A beta-lactamase GES-45,BETA-LACTAM,CEPHALOSPORIN
blaGES,class A beta-lactamase GES-46,BETA-LACTAM,CEPHALOSPORIN
blaGES,carbapenem-hydrolyzing class A beta-lactamase GES-47,BETA-LACTAM,CARBAPENEM
blaGES,carbapenem-hydrolyzing class A beta-lactamase GES-48,BETA-LACTAM,CARBAPENEM
blaGES,carbapenem-hydrolyzing class A beta-lactamase GES-49,BETA-LACTAM,CARBAPENEM
blaGES,inhibitor-resistant carbapenem-hydrolyzing class A beta-lactamase GES-4,BETA-LACTAM,CARBAPENEM
blaGES,carbapenem-hydrolyzing class A beta-lactamase GES-50,BETA-LACTAM,CARBAPENEM
blaGES,carbapenem-hydrolyzing class A beta-lactamase GES-51,BETA-LACTAM,CARBAPENEM
blaGES,extended-spectrum class A beta-lactamase GES-52,BETA-LACTAM,CEPHALOSPORIN
blaGES,carbapenem-hydrolyzing class A beta-lactamase GES-53,BETA-LACTAM,CARBAPENEM
blaGES,carbapenem-hydrolyzing class A beta-lactamase GES-54,BETA-LACTAM,CARBAPENEM
blaGES,class A beta-lactamase GES-55,BETA-LACTAM,AVIBACTAM/CEPHALOSPORIN
blaGES,class A beta-lactamase GES-56,BETA-LACTAM,CEPHALOSPORIN
blaGES,class A beta-lactamase GES-57,BETA-LACTAM,CEPHALOSPORIN
blaGES,class A beta-lactamase GES-58,BETA-LACTAM,CEPHALOSPORIN
blaGES,class A beta-lactamase GES-59,BETA-LACTAM,CEPHALOSPORIN
blaGES,carbapenem-hydrolyzing class A beta-lactamase GES-5,BETA-LACTAM,CARBAPENEM
blaGES,extended-spectrum class A beta-lactamase GES-60,BETA-LACTAM,CEPHALOSPORIN
blaGES,carbapenem-hydrolyzing class A beta-lactamase GES-61,BETA-LACTAM,CARBAPENEM
blaGES,class A beta-lactamase GES-62,BETA-LACTAM,CEPHALOSPORIN
blaGES,class A beta-lactamase GES-65,BETA-LACTAM,CEPHALOSPORIN
blaGES,carbapenem-hydrolyzing class A beta-lactamase GES-66,BETA-LACTAM,CARBAPENEM
blaGES,class A beta-lactamase GES-67,BETA-LACTAM,CEPHALOSPORIN
blaGES,inhibitor-resistant carbapenem-hydrolyzing class A beta-lactamase GES-6,BETA-LACTAM,CARBAPENEM
blaGES,extended-spectrum class A beta-lactamase GES-7,BETA-LACTAM,CEPHALOSPORIN
blaGES,extended-spectrum class A beta-lactamase GES-8,BETA-LACTAM,CEPHALOSPORIN
blaGES,extended-spectrum class A beta-lactamase GES-9,BETA-LACTAM,CEPHALOSPORIN
blaGIL,broad-spectrum class A beta-lactamase GIL-1,BETA-LACTAM,BETA-LACTAM
blaGIM,subclass B1 metallo-beta-lactamase GIM-1,BETA-LACTAM,CARBAPENEM
blaGIM,subclass B1 metallo-beta-lactamase GIM-2,BETA-LACTAM,CARBAPENEM
blaGIM,subclass B1 metallo-beta-lactamase GIM-3,BETA-LACTAM,CARBAPENEM
blaGMA,GMA family class A beta-lactamase GMA-1,BETA-LACTAM,BETA-LACTAM
blaGMA,GMA family class A beta-lactamase GMA-2,BETA-LACTAM,BETA-LACTAM
blaGMB,subclass B1 metallo-beta-lactamase GMB-1,BETA-LACTAM,CARBAPENEM
blaGOB,subclass B3 metallo-beta-lactamase GOB-10,BETA-LACTAM,CARBAPENEM
blaGOB,subclass B3 metallo-beta-lactamase GOB-11,BETA-LACTAM,CARBAPENEM
blaGOB,subclass B3 metallo-beta-lactamase GOB-12,BETA-LACTAM,CARBAPENEM
blaGOB,subclass B3 metallo-beta-lactamase GOB-13,BETA-LACTAM,CARBAPENEM
blaGOB,subclass B3 metallo-beta-lactamase GOB-14,BETA-LACTAM,CARBAPENEM
blaGOB,subclass B3 metallo-beta-lactamase GOB-15,BETA-LACTAM,CARBAPENEM
blaGOB,subclass B3 metallo-beta-lactamase GOB-16,BETA-LACTAM,CARBAPENEM
blaGOB,subclass B3 metallo-beta-lactamase GOB-17,BETA-LACTAM,CARBAPENEM
blaGOB,subclass B3 metallo-beta-lactamase GOB-18,BETA-LACTAM,CARBAPENEM
blaGOB,subclass B3 metallo-beta-lactamase GOB-19,BETA-LACTAM,CARBAPENEM
blaGOB,subclass B3 metallo-beta-lactamase GOB-1,BETA-LACTAM,CARBAPENEM
blaGOB,subclass B3 metallo-beta-lactamase GOB-20,BETA-LACTAM,CARBAPENEM
blaGOB,subclass B3 metallo-beta-lactamase GOB-21,BETA-LACTAM,CARBAPENEM
blaGOB,subclass B3 metallo-beta-lactamase GOB-22,BETA-LACTAM,CARBAPENEM
blaGOB,subclass B3 metallo-beta-lactamase GOB-23,BETA-LACTAM,CARBAPENEM
blaGOB,subclass B3 metallo-beta-lactamase GOB-24,BETA-LACTAM,CARBAPENEM
blaGOB,subclass B3 metallo-beta-lactamase GOB-25,BETA-LACTAM,CARBAPENEM
blaGOB,subclass B3 metallo-beta-lactamase GOB-26,BETA-LACTAM,CARBAPENEM
blaGOB,subclass B3 metallo-beta-lactamase GOB-27,BETA-LACTAM,CARBAPENEM
blaGOB,subclass B3 metallo-beta-lactamase GOB-28,BETA-LACTAM,CARBAPENEM
blaGOB,subclass B3 metallo-beta-lactamase GOB-29,BETA-LACTAM,CARBAPENEM
blaGOB,subclass B3 metallo-beta-lactamase GOB-30,BETA-LACTAM,CARBAPENEM
blaGOB,subclass B3 metallo-beta-lactamase GOB-31,BETA-LACTAM,CARBAPENEM
blaGOB,subclass B3 metallo-beta-lactamase GOB-32,BETA-LACTAM,CARBAPENEM
blaGOB,subclass B3 metallo-beta-lactamase GOB-33,BETA-LACTAM,CARBAPENEM
blaGOB,subclass B3 metallo-beta-lactamase GOB-34,BETA-LACTAM,CARBAPENEM
blaGOB,subclass B3 metallo-beta-lactamase GOB-35,BETA-LACTAM,CARBAPENEM
blaGOB,subclass B3 metallo-beta-lactamase GOB-36,BETA-LACTAM,CARBAPENEM
blaGOB,subclass B3 metallo-beta-lactamase GOB-37,BETA-LACTAM,CARBAPENEM
blaGOB,subclass B3 metallo-beta-lactamase GOB-38,BETA-LACTAM,CARBAPENEM
blaGOB,subclass B3 metallo-beta-lactamase GOB-39,BETA-LACTAM,CARBAPENEM
blaGOB,subclass B3 metallo-beta-lactamase GOB-3,BETA-LACTAM,CARBAPENEM
blaGOB,subclass B3 metallo-beta-lactamase GOB-40,BETA-LACTAM,CARBAPENEM
blaGOB,subclass B3 metallo-beta-lactamase GOB-41,BETA-LACTAM,CARBAPENEM
blaGOB,subclass B3 metallo-beta-lactamase GOB-42,BETA-LACTAM,CARBAPENEM
blaGOB,subclass B3 metallo-beta-lactamase GOB-43,BETA-LACTAM,CARBAPENEM
blaGOB,subclass B3 metallo-beta-lactamase GOB-44,BETA-LACTAM,CARBAPENEM
blaGOB,subclass B3 metallo-beta-lactamase GOB-45,BETA-LACTAM,CARBAPENEM
blaGOB,subclass B3 metallo-beta-lactamase GOB-46,BETA-LACTAM,CARBAPENEM
blaGOB,subclass B3 metallo-beta-lactamase GOB-47,BETA-LACTAM,CARBAPENEM
blaGOB,subclass B3 metallo-beta-lactamase GOB-48,BETA-LACTAM,CARBAPENEM
blaGOB,subclass B3 metallo-beta-lactamase GOB-49,BETA-LACTAM,CARBAPENEM
blaGOB,subclass B3 metallo-beta-lactamase GOB-4,BETA-LACTAM,CARBAPENEM
blaGOB,subclass B3 metallo-beta-lactamase GOB-50,BETA-LACTAM,CARBAPENEM
blaGOB,subclass B3 metallo-beta-lactamase GOB-51,BETA-LACTAM,CARBAPENEM
blaGOB,subclass B3 metallo-beta-lactamase GOB-52,BETA-LACTAM,CARBAPENEM
blaGOB,subclass B3 metallo-beta-lactamase GOB-53,BETA-LACTAM,CARBAPENEM
blaGOB,subclass B3 metallo-beta-lactamase GOB-5,BETA-LACTAM,CARBAPENEM
blaGOB,subclass B3 metallo-beta-lactamase GOB-6,BETA-LACTAM,CARBAPENEM
blaGOB,subclass B3 metallo-beta-lactamase GOB-7,BETA-LACTAM,CARBAPENEM
blaGOB,subclass B3 metallo-beta-lactamase GOB-8,BETA-LACTAM,CARBAPENEM
blaGOB,subclass B3 metallo-beta-lactamase GOB-9,BETA-LACTAM,CARBAPENEM
blaGPC,carbapenem-hydrolyzing class A beta-lactamase GPC-1,BETA-LACTAM,CARBAPENEM
blaGRD23,subclass B1 metallo-beta-lactamase GRD23-1,BETA-LACTAM,CARBAPENEM
blaGRD33,subclass B3 metallo-beta-lactamase GRD33-1,BETA-LACTAM,CARBAPENEM
blaHBL,class A beta-lactamase HBL-1,BETA-LACTAM,BETA-LACTAM
blaHER,penicillin-hydrolyzing class A beta-lactamase HER-1,BETA-LACTAM,BETA-LACTAM
blaHER,class A beta-lactamase HER-2,BETA-LACTAM,BETA-LACTAM
blaHER,class A beta-lactamase HER-3,BETA-LACTAM,BETA-LACTAM
blaHER,class A beta-lactamase HER-4,BETA-LACTAM,BETA-LACTAM
blaHER,class A beta-lactamase HER-5,BETA-LACTAM,BETA-LACTAM
blaHER,class A beta-lactamase HER-6,BETA-LACTAM,BETA-LACTAM
blaHER,class A beta-lactamase HER-8,BETA-LACTAM,BETA-LACTAM
blaHMB,subclass B1 metallo-beta-lactamase HMB-1,BETA-LACTAM,CARBAPENEM
blaHMB,subclass B1 metallo-beta-lactamase HMB-2,BETA-LACTAM,CARBAPENEM
blaHMB,subclass B1 metallo-beta-lactamase HMB-3,BETA-LACTAM,CARBAPENEM
blaIDC,extended-spectrum class C beta-lactamase IDC-1,BETA-LACTAM,CEPHALOSPORIN
blaIDC,extended-spectrum class C beta-lactamase IDC-2,BETA-LACTAM,CEPHALOSPORIN
blaIMI,carbapenem-hydrolyzing class A beta-lactamase IMI-10,BETA-LACTAM,CARBAPENEM
blaIMI,carbapenem-hydrolyzing class A beta-lactamase IMI-12,BETA-LACTAM,CARBAPENEM
blaIMI,carbapenem-hydrolyzing class A beta-lactamase IMI-13,BETA-LACTAM,CARBAPENEM
blaIMI,carbapenem-hydrolyzing class A beta-lactamase IMI-14,BETA-LACTAM,CARBAPENEM
blaIMI,carbapenem-hydrolyzing class A beta-lactamase IMI-15,BETA-LACTAM,CARBAPENEM
blaIMI,carbapenem-hydrolyzing class A beta-lactamase IMI-16,BETA-LACTAM,CARBAPENEM
blaIMI,carbapenem-hydrolyzing class A beta-lactamase IMI-17,BETA-LACTAM,CARBAPENEM
blaIMI,carbapenem-hydrolyzing class A beta-lactamase IMI-18,BETA-LACTAM,CARBAPENEM
blaIMI,carbapenem-hydrolyzing class A beta-lactamase IMI-19,BETA-LACTAM,CARBAPENEM
blaIMI,carbapenem-hydrolyzing class A beta-lactamase IMI-1,BETA-LACTAM,CARBAPENEM
blaIMI,carbapenem-hydrolyzing class A beta-lactamase IMI-20,BETA-LACTAM,CARBAPENEM
blaIMI,carbapenem-hydrolyzing class A beta-lactamase IMI-21,BETA-LACTAM,CARBAPENEM
blaIMI,carbapenem-hydrolyzing class A beta-lactamase IMI-22,BETA-LACTAM,CARBAPENEM
blaIMI,carbapenem-hydrolyzing class A beta-lactamase IMI-23,BETA-LACTAM,CARBAPENEM
blaIMI,carbapenem-hydrolyzing class A beta-lactamase IMI-24,BETA-LACTAM,CARBAPENEM
blaIMI,carbapenem-hydrolyzing class A beta-lactamase IMI-25,BETA-LACTAM,CARBAPENEM
blaIMI,carbapenem-hydrolyzing class A beta-lactamase IMI-26,BETA-LACTAM,CARBAPENEM
blaIMI,carbapenem-hydrolyzing class A beta-lactamase IMI-27,BETA-LACTAM,CARBAPENEM
blaIMI,carbapenem-hydrolyzing class A beta-lactamase IMI-28,BETA-LACTAM,CARBAPENEM
blaIMI,carbapenem-hydrolyzing class A beta-lactamase IMI-29,BETA-LACTAM,CARBAPENEM
blaIMI,carbapenem-hydrolyzing class A beta-lactamase IMI-2,BETA-LACTAM,CARBAPENEM
blaIMI,carbapenem-hydrolyzing class A beta-lactamase IMI-30,BETA-LACTAM,CARBAPENEM
blaIMI,carbapenem-hydrolyzing class A beta-lactamase IMI-3,BETA-LACTAM,CARBAPENEM
blaIMI,carbapenem-hydrolyzing class A beta-lactamase IMI-4,BETA-LACTAM,CARBAPENEM
blaIMI,carbapenem-hydrolyzing class A beta-lactamase IMI-5,BETA-LACTAM,CARBAPENEM
blaIMI,carbapenem-hydrolyzing class A beta-lactamase IMI-6,BETA-LACTAM,CARBAPENEM
blaIMI,carbapenem-hydrolyzing class A beta-lactamase IMI-7,BETA-LACTAM,CARBAPENEM
blaIMI,carbapenem-hydrolyzing class A beta-lactamase IMI-8,BETA-LACTAM,CARBAPENEM
blaIMI,carbapenem-hydrolyzing class A beta-lactamase IMI-9,BETA-LACTAM,CARBAPENEM
blaIMP,subclass B1 metallo-beta-lactamase IMP-100,BETA-LACTAM,CARBAPENEM
blaIMP,subclass B1 metallo-beta-lactamase IMP-101,BETA-LACTAM,CARBAPENEM
blaIMP,subclass B1 metallo-beta-lactamase IMP-102,BETA-LACTAM,CARBAPENEM
blaIMP,subclass B1 metallo-beta-lactamase IMP-104,BETA-LACTAM,CARBAPENEM
blaIMP,subclass B1 metallo-beta-lactamase IMP-105,BETA-LACTAM,CARBAPENEM
blaIMP,subclass B1 metallo-beta-lactamase IMP-106,BETA-LACTAM,CARBAPENEM
blaIMP,xeruborbactam-resistant subclass B1 metallo-beta-lactamase IMP-10,BETA-LACTAM,CARBAPENEM/XERUBORBACTAM
blaIMP,subclass B1 metallo-beta-lactamase IMP-110,BETA-LACTAM,CARBAPENEM
blaIMP,subclass B1 metallo-beta-lactamase IMP-111,BETA-LACTAM,CARBAPENEM
blaIMP,subclass B1 metallo-beta-lactamase IMP-11,BETA-LACTAM,CARBAPENEM
blaIMP,subclass B1 metallo-beta-lactamase IMP-12,BETA-LACTAM,CARBAPENEM
blaIMP,subclass B1 metallo-beta-lactamase IMP-13,BETA-LACTAM,CARBAPENEM
blaIMP,subclass B1 metallo-beta-lactamase IMP-14,BETA-LACTAM,CARBAPENEM
blaIMP,subclass B1 metallo-beta-lactamase IMP-15,BETA-LACTAM,CARBAPENEM
blaIMP,subclass B1 metallo-beta-lactamase IMP-16,BETA-LACTAM,CARBAPENEM
blaIMP,subclass B1 metallo-beta-lactamase IMP-17,BETA-LACTAM,CARBAPENEM
blaIMP,subclass B1 metallo-beta-lactamase IMP-18,BETA-LACTAM,CARBAPENEM
blaIMP,subclass B1 metallo-beta-lactamase IMP-19,BETA-LACTAM,CARBAPENEM
blaIMP,subclass B1 metallo-beta-lactamase IMP-1,BETA-LACTAM,CARBAPENEM
blaIMP,subclass B1 metallo-beta-lactamase IMP-20,BETA-LACTAM,CARBAPENEM
blaIMP,subclass B1 metallo-beta-lactamase IMP-21,BETA-LACTAM,CARBAPENEM
blaIMP,subclass B1 metallo-beta-lactamase IMP-22,BETA-LACTAM,CARBAPENEM
blaIMP,subclass B1 metallo-beta-lactamase IMP-23,BETA-LACTAM,CARBAPENEM
blaIMP,subclass B1 metallo-beta-lactamase IMP-24,BETA-LACTAM,CARBAPENEM
blaIMP,subclass B1 metallo-beta-lactamase IMP-25,BETA-LACTAM,CARBAPENEM
blaIMP,subclass B1 metallo-beta-lactamase IMP-26,BETA-LACTAM,CARBAPENEM
blaIMP,subclass B1 metallo-beta-lactamase IMP-27,BETA-LACTAM,CARBAPENEM
blaIMP,subclass B1 metallo-beta-lactamase IMP-28,BETA-LACTAM,CARBAPENEM
blaIMP,subclass B1 metallo-beta-lactamase IMP-29,BETA-LACTAM,CARBAPENEM
blaIMP,subclass B1 metallo-beta-lactamase IMP-2,BETA-LACTAM,CARBAPENEM
blaIMP,subclass B1 metallo-beta-lactamase IMP-30,BETA-LACTAM,CARBAPENEM
blaIMP,subclass B1 metallo-beta-lactamase IMP-31,BETA-LACTAM,CARBAPENEM
blaIMP,subclass B1 metallo-beta-lactamase IMP-32,BETA-LACTAM,CARBAPENEM
blaIMP,subclass B1 metallo-beta-lactamase IMP-33,BETA-LACTAM,CARBAPENEM
blaIMP,subclass B1 metallo-beta-lactamase IMP-34,BETA-LACTAM,CARBAPENEM
blaIMP,subclass B1 metallo-beta-lactamase IMP-35,BETA-LACTAM,CARBAPENEM
blaIMP,subclass B1 metallo-beta-lactamase IMP-37,BETA-LACTAM,CARBAPENEM
blaIMP,subclass B1 metallo-beta-lactamase IMP-38,BETA-LACTAM,CARBAPENEM
blaIMP,subclass B1 metallo-beta-lactamase IMP-39,BETA-LACTAM,CARBAPENEM
blaIMP,subclass B1 metallo-beta-lactamase IMP-3,BETA-LACTAM,CARBAPENEM
blaIMP,subclass B1 metallo-beta-lactamase IMP-40,BETA-LACTAM,CARBAPENEM
blaIMP,subclass B1 metallo-beta-lactamase IMP-41,BETA-LACTAM,CARBAPENEM
blaIMP,subclass B1 metallo-beta-lactamase IMP-42,BETA-LACTAM,CARBAPENEM
blaIMP,subclass B1 metallo-beta-lactamase IMP-43,BETA-LACTAM,CARBAPENEM
blaIMP,subclass B1 metallo-beta-lactamase IMP-44,BETA-LACTAM,CARBAPENEM
blaIMP,subclass B1 metallo-beta-lactamase IMP-45,BETA-LACTAM,CARBAPENEM
blaIMP,subclass B1 metallo-beta-lactamase IMP-46,BETA-LACTAM,CARBAPENEM
blaIMP,subclass B1 metallo-beta-lactamase IMP-48,BETA-LACTAM,CARBAPENEM
blaIMP,subclass B1 metallo-beta-lactamase IMP-49,BETA-LACTAM,CARBAPENEM
blaIMP,subclass B1 metallo-beta-lactamase IMP-4,BETA-LACTAM,CARBAPENEM
blaIMP,subclass B1 metallo-beta-lactamase IMP-50,BETA-LACTAM,CARBAPENEM
blaIMP,subclass B1 metallo-beta-lactamase IMP-51,BETA-LACTAM,CARBAPENEM
blaIMP,subclass B1 metallo-beta-lactamase IMP-52,BETA-LACTAM,CARBAPENEM
blaIMP,subclass B1 metallo-beta-lactamase IMP-53,BETA-LACTAM,CARBAPENEM
blaIMP,subclass B1 metallo-beta-lactamase IMP-54,BETA-LACTAM,CARBAPENEM
blaIMP,subclass B1 metallo-beta-lactamase IMP-55,BETA-LACTAM,CARBAPENEM
blaIMP,subclass B1 metallo-beta-lactamase IMP-56,BETA-LACTAM,CARBAPENEM
blaIMP,subclass B1 metallo-beta-lactamase IMP-58,BETA-LACTAM,CARBAPENEM
blaIMP,subclass B1 metallo-beta-lactamase IMP-59,BETA-LACTAM,CARBAPENEM
blaIMP,subclass B1 metallo-beta-lactamase IMP-5,BETA-LACTAM,CARBAPENEM
blaIMP,subclass B1 metallo-beta-lactamase IMP-60,BETA-LACTAM,CARBAPENEM
blaIMP,subclass B1 metallo-beta-lactamase IMP-61,BETA-LACTAM,CARBAPENEM
blaIMP,subclass B1 metallo-beta-lactamase IMP-62,BETA-LACTAM,CARBAPENEM
blaIMP,subclass B1 metallo-beta-lactamase IMP-63,BETA-LACTAM,CARBAPENEM
blaIMP,subclass B1 metallo-beta-lactamase IMP-64,BETA-LACTAM,CARBAPENEM
blaIMP,subclass B1 metallo-beta-lactamase IMP-65,BETA-LACTAM,CARBAPENEM
blaIMP,subclass B1 metallo-beta-lactamase IMP-66,BETA-LACTAM,CARBAPENEM
blaIMP,subclass B1 metallo-beta-lactamase IMP-67,BETA-LACTAM,CARBAPENEM
blaIMP,subclass B1 metallo-beta-lactamase IMP-68,BETA-LACTAM,CARBAPENEM
blaIMP,subclass B1 metallo-beta-lactamase IMP-69,BETA-LACTAM,CARBAPENEM
blaIMP,subclass B1 metallo-beta-lactamase IMP-6,BETA-LACTAM,CARBAPENEM
blaIMP,subclass B1 metallo-beta-lactamase IMP-70,BETA-LACTAM,CARBAPENEM
blaIMP,subclass B1 metallo-beta-lactamase IMP-71,BETA-LACTAM,CARBAPENEM
blaIMP,subclass B1 metallo-beta-lactamase IMP-73,BETA-LACTAM,CARBAPENEM
blaIMP,subclass B1 metallo-beta-lactamase IMP-74,BETA-LACTAM,CARBAPENEM
blaIMP,subclass B1 metallo-beta-lactamase IMP-75,BETA-LACTAM,CARBAPENEM
blaIMP,subclass B1 metallo-beta-lactamase IMP-76,BETA-LACTAM,CARBAPENEM
blaIMP,subclass B1 metallo-beta-lactamase IMP-77,BETA-LACTAM,CARBAPENEM
blaIMP,subclass B1 metallo-beta-lactamase IMP-78,BETA-LACTAM,CARBAPENEM
blaIMP,subclass B1 metallo-beta-lactamase IMP-79,BETA-LACTAM,CARBAPENEM
blaIMP,subclass B1 metallo-beta-lactamase IMP-7,BETA-LACTAM,CARBAPENEM
blaIMP,subclass B1 metallo-beta-lactamase IMP-80,BETA-LACTAM,CARBAPENEM
blaIMP,subclass B1 metallo-beta-lactamase IMP-81,BETA-LACTAM,CARBAPENEM
blaIMP,subclass B1 metallo-beta-lactamase IMP-82,BETA-LACTAM,CARBAPENEM
blaIMP,subclass B1 metallo-beta-lactamase IMP-83,BETA-LACTAM,CARBAPENEM
blaIMP,subclass B1 metallo-beta-lactamase IMP-84,BETA-LACTAM,CARBAPENEM
blaIMP,subclass B1 metallo-beta-lactamase IMP-85,BETA-LACTAM,CARBAPENEM
blaIMP,subclass B1 metallo-beta-lactamase IMP-86,BETA-LACTAM,CARBAPENEM
blaIMP,subclass B1 metallo-beta-lactamase IMP-87,BETA-LACTAM,CARBAPENEM
blaIMP,subclass B1 metallo-beta-lactamase IMP-88,BETA-LACTAM,CARBAPENEM
blaIMP,subclass B1 metallo-beta-lactamase IMP-89,BETA-LACTAM,CARBAPENEM
blaIMP,subclass B1 metallo-beta-lactamase IMP-8,BETA-LACTAM,CARBAPENEM
blaIMP,subclass B1 metallo-beta-lactamase IMP-90,BETA-LACTAM,CARBAPENEM
blaIMP,subclass B1 metallo-beta-lactamase IMP-91,BETA-LACTAM,CARBAPENEM
blaIMP,subclass B1 metallo-beta-lactamase IMP-92,BETA-LACTAM,CARBAPENEM
blaIMP,subclass B1 metallo-beta-lactamase IMP-93,BETA-LACTAM,CARBAPENEM
blaIMP,subclass B1 metallo-beta-lactamase IMP-94,BETA-LACTAM,CARBAPENEM
blaIMP,subclass B1 metallo-beta-lactamase IMP-95,BETA-LACTAM,CARBAPENEM
blaIMP,subclass B1 metallo-beta-lactamase IMP-96,BETA-LACTAM,CARBAPENEM
blaIMP,subclass B1 metallo-beta-lactamase IMP-97,BETA-LACTAM,CARBAPENEM
blaIMP,subclass B1 metallo-beta-lactamase IMP-98,BETA-LACTAM,CARBAPENEM
blaIMP,subclass B1 metallo-beta-lactamase IMP-99,BETA-LACTAM,CARBAPENEM
blaIMP,subclass B1 metallo-beta-lactamase IMP-9,BETA-LACTAM,CARBAPENEM
blaIND,subclass B1 metallo-beta-lactamase IND-10,BETA-LACTAM,CARBAPENEM
blaIND,subclass B1 metallo-beta-lactamase IND-11,BETA-LACTAM,CARBAPENEM
blaIND,subclass B1 metallo-beta-lactamase IND-12,BETA-LACTAM,CARBAPENEM
blaIND,subclass B1 metallo-beta-lactamase IND-14,BETA-LACTAM,CARBAPENEM
blaIND,subclass B1 metallo-beta-lactamase IND-15,BETA-LACTAM,CARBAPENEM
blaIND,subclass B1 metallo-beta-lactamase IND-16,BETA-LACTAM,CARBAPENEM
blaIND,subclass B1 metallo-beta-lactamase IND-17,BETA-LACTAM,CARBAPENEM
blaIND,subclass B1 metallo-beta-lactamase IND-18,BETA-LACTAM,CARBAPENEM
blaIND,subclass B1 metallo-beta-lactamase IND-19,BETA-LACTAM,CARBAPENEM
blaIND,subclass B1 metallo-beta-lactamase IND-1,BETA-LACTAM,CARBAPENEM
blaIND,subclass B1 metallo-beta-lactamase IND-2,BETA-LACTAM,CARBAPENEM
blaIND,subclass B1 metallo-beta-lactamase IND-2a,BETA-LACTAM,CARBAPENEM
blaIND,subclass B1 metallo-beta-lactamase IND-3,BETA-LACTAM,CARBAPENEM
blaIND,subclass B1 metallo-beta-lactamase IND-4,BETA-LACTAM,CARBAPENEM
blaIND,subclass B1 metallo-beta-lactamase IND-5,BETA-LACTAM,CARBAPENEM
blaIND,subclass B1 metallo-beta-lactamase IND-6,BETA-LACTAM,CARBAPENEM
blaIND,subclass B1 metallo-beta-lactamase IND-7,BETA-LACTAM,CARBAPENEM
blaIND,subclass B1 metallo-beta-lactamase IND-8,BETA-LACTAM,CARBAPENEM
blaIND,subclass B1 metallo-beta-lactamase IND-9,BETA-LACTAM,CARBAPENEM
blaJOHN,subclass B1 metallo-beta-lactamase JOHN-1,BETA-LACTAM,CARBAPENEM
blaKBL,class A beta-lactamase KBL-1,BETA-LACTAM,BETA-LACTAM
blaKHM,subclass B1 metallo-beta-lactamase KHM-1,BETA-LACTAM,CARBAPENEM
blaKHM,subclass B1 metallo-beta-lactamase KHM-2,BETA-LACTAM,CARBAPENEM
blaKLUC,extended-spectrum class A beta-lactamase KLUC-1,BETA-LACTAM,CEPHALOSPORIN
blaKLUC,extended-spectrum class A beta-lactamase KLUC-2,BETA-LACTAM,CEPHALOSPORIN
blaKLUC,extended-spectrum class A beta-lactamase KLUC-3,BETA-LACTAM,CEPHALOSPORIN
blaKLUC,extended-spectrum class A beta-lactamase KLUC-4,BETA-LACTAM,CEPHALOSPORIN
blaKLUC,extended-spectrum class A beta-lactamase KLUC-5,BETA-LACTAM,CEPHALOSPORIN
blaKLUC,extended-spectrum class A beta-lactamase KLUC-6,BETA-LACTAM,CEPHALOSPORIN
blaCTX-M,CTX-M family extended-spectrum class A beta-lactamase KLUG-1,BETA-LACTAM,CEPHALOSPORIN
blaKPC,inhibitor-resistant carbapenem-hydrolyzing class A beta-lactamase KPC-100,BETA-LACTAM,CARBAPENEM
blaKPC,inhibitor-resistant carbapenem-hydrolyzing class A beta-lactamase KPC-101,BETA-LACTAM,CARBAPENEM
blaKPC,carbapenem-hydrolyzing class A beta-lactamase KPC-102,BETA-LACTAM,CARBAPENEM
blaKPC,class A beta-lactamase KPC-103,BETA-LACTAM,CARBAPENEM
blaKPC,class A beta-lactamase KPC-104,BETA-LACTAM,CARBAPENEM
blaKPC,class A beta-lactamase KPC-105,BETA-LACTAM,CARBAPENEM
blaKPC,inhibitor-resistant class A beta-lactamase KPC-106,BETA-LACTAM,CARBAPENEM
blaKPC,class A beta-lactamase KPC-107,BETA-LACTAM,CARBAPENEM
blaKPC,class A beta-lactamase KPC-108,BETA-LACTAM,CARBAPENEM
blaKPC,inhibitor-resistant carbapenem-hydrolyzing class A beta-lactamase KPC-109,BETA-LACTAM,CARBAPENEM
blaKPC,carbapenem-hydrolyzing class A beta-lactamase KPC-10,BETA-LACTAM,CARBAPENEM
blaKPC,inhibitor-resistant class A beta-lactamase KPC-110,BETA-LACTAM,CEPHALOSPORIN
blaKPC,inhibitor-resistant class A beta-lactamase KPC-111,BETA-LACTAM,CEPHALOSPORIN
blaKPC,inhibitor-resistant extended-spectrum class A beta-lactamase KPC-112,BETA-LACTAM,CEPHALOSPORIN
blaKPC,inhibitor-resistant carbapenem-hydrolyzing class A beta-lactamase KPC-113,BETA-LACTAM,CARBAPENEM
blaKPC,inhibitor-resistant carbapenem-hydrolyzing class A beta-lactamase KPC-114,BETA-LACTAM,CARBAPENEM
blaKPC,inhibitor-resistant class A beta-lactamase KPC-115,BETA-LACTAM,CEPHALOSPORIN
blaKPC,carbapenem-hydrolyzing class A beta-lactamase KPC-116,BETA-LACTAM,CARBAPENEM
blaKPC,inhibitor-resistant carbapenem-hydrolyzing class A beta-lactamase KPC-117,BETA-LACTAM,CARBAPENEM
blaKPC,carbapenem-hydrolyzing class A beta-lactamase KPC-118,BETA-LACTAM,CARBAPENEM
blaKPC,carbapenem-hydrolyzing class A beta-lactamase KPC-119,BETA-LACTAM,CARBAPENEM
blaKPC,carbapenem-hydrolyzing class A beta-lactamase KPC-11,BETA-LACTAM,CARBAPENEM
blaKPC,carbapenem-hydrolyzing class A beta-lactamase KPC-120,BETA-LACTAM,CARBAPENEM
blaKPC,inhibitor-resistant extended-spectrum class A beta-lactamase KPC-121,BETA-LACTAM,CEPHALOSPORIN
blaKPC,carbapenem-hydrolyzing class A beta-lactamase KPC-122,BETA-LACTAM,CARBAPENEM
blaKPC,inhibitor-resistant extended-spectrum class A beta-lactamase KPC-123,BETA-LACTAM,CEPHALOSPORIN
blaKPC,inhibitor-resistant carbapenem-hydrolyzing class A beta-lactamase KPC-124,BETA-LACTAM,CARBAPENEM
blaKPC,inhibitor-resistant carbapenem-hydrolyzing class A beta-lactamase KPC-125,BETA-LACTAM,CARBAPENEM
blaKPC,carbapenem-hydrolyzing class A beta-lactamase KPC-126,BETA-LACTAM,CARBAPENEM
blaKPC,carbapenem-hydrolyzing class A beta-lactamase KPC-127,BETA-LACTAM,CARBAPENEM
blaKPC,carbapenem-hydrolyzing class A beta-lactamase KPC-128,BETA-LACTAM,CARBAPENEM
blaKPC,class A beta-lactamase KPC-129,BETA-LACTAM,CARBAPENEM
blaKPC,extended-spectrum class A beta-lactamase KPC-12,BETA-LACTAM,CEPHALOSPORIN
blaKPC,class A beta-lactamase KPC-130,BETA-LACTAM,CARBAPENEM
blaKPC,carbapenem-hydrolyzing class A beta-lactamase KPC-131,BETA-LACTAM,CARBAPENEM
blaKPC,inhibitor-resistant class A beta-lactamase KPC-132,BETA-LACTAM,CARBAPENEM
blaKPC,carbapenem-hydrolyzing class A beta-lactamase KPC-133,BETA-LACTAM,CARBAPENEM
blaKPC,inhibitor-resistant carbapenem-hydrolyzing class A beta-lactamase KPC-134,BETA-LACTAM,CARBAPENEM
blaKPC,inhibitor-resistant class A beta-lactamase KPC-135,BETA-LACTAM,CARBAPENEM
blaKPC,carbapenem-hydrolyzing class A beta-lactamase KPC-136,BETA-LACTAM,CARBAPENEM
blaKPC,inhibitor-resistant class A beta-lactamase KPC-137,BETA-LACTAM,CARBAPENEM
blaKPC,inhibitor-resistant extended-spectrum class A beta-lactamase KPC-138,BETA-LACTAM,CEPHALOSPORIN
blaKPC,inhibitor-resistant carbapenem-hydrolyzing class A beta-lactamase KPC-139,BETA-LACTAM,CARBAPENEM
blaKPC,carbapenem-hydrolyzing class A beta-lactamase KPC-13,BETA-LACTAM,CARBAPENEM
blaKPC,inhibitor-resistant carbapenem-hydrolyzing class A beta-lactamase KPC-140,BETA-LACTAM,CARBAPENEM
blaKPC,inhibitor-resistant carbapenem-hydrolyzing class A beta-lactamase KPC-141,BETA-LACTAM,CARBAPENEM
blaKPC,inhibitor-resistant carbapenem-hydrolyzing class A beta-lactamase KPC-142,BETA-LACTAM,CARBAPENEM
blaKPC,inhibitor-resistant carbapenem-hydrolyzing class A beta-lactamase KPC-143,BETA-LACTAM,CARBAPENEM
blaKPC,inhibitor-resistant carbapenem-hydrolyzing class A beta-lactamase KPC-144,BETA-LACTAM,CARBAPENEM
blaKPC,inhibitor-resistant extended-spectrum class A beta-lactamase KPC-145,BETA-LACTAM,CEPHALOSPORIN
blaKPC,carbapenem-hydrolyzing class A beta-lactamase KPC-146,BETA-LACTAM,CARBAPENEM
blaKPC,carbapenem-hydrolyzing class A beta-lactamase KPC-147,BETA-LACTAM,CARBAPENEM
blaKPC,class A beta-lactamase KPC-148,BETA-LACTAM,CARBAPENEM
blaKPC,carbapenem-hydrolyzing class A beta-lactamase KPC-149,BETA-LACTAM,CARBAPENEM
blaKPC,inhibitor-resistant extended-spectrum class A beta-lactamase KPC-14,BETA-LACTAM,CEPHALOSPORIN
blaKPC,inhibitor-resistant class A beta-lactamase KPC-150,BETA-LACTAM,CARBAPENEM
blaKPC,inhibitor-resistant extended-spectrum class A beta-lactamase KPC-151,BETA-LACTAM,CEPHALOSPORIN
blaKPC,inhibitor-resistant extended-spectrum class A beta-lactamase KPC-152,BETA-LACTAM,CEPHALOSPORIN
blaKPC,inhibitor-resistant extended-spectrum class A beta-lactamase KPC-153,BETA-LACTAM,CEPHALOSPORIN
blaKPC,inhibitor-resistant extended-spectrum class A beta-lactamase KPC-154,BETA-LACTAM,CEPHALOSPORIN
blaKPC,inhibitor-resistant class A beta-lactamase KPC-155,BETA-LACTAM,CEPHALOSPORIN
blaKPC,carbapenem-hydrolyzing class A beta-lactamase KPC-156,BETA-LACTAM,CARBAPENEM
blaKPC,carbapenem-hydrolyzing class A beta-lactamase KPC-157,BETA-LACTAM,CARBAPENEM
blaKPC,inhibitor-resistant carbapenem-hydrolyzing class A beta-lactamase KPC-158,BETA-LACTAM,CARBAPENEM
blaKPC,inhibitor-resistant extended-spectrum class A beta-lactamase KPC-159,BETA-LACTAM,CEPHALOSPORIN
blaKPC,inhibitor-resistant extended-spectrum class A beta-lactamase KPC-15,BETA-LACTAM,CARBAPENEM
blaKPC,carbapenem-hydrolyzing class A beta-lactamase KPC-160,BETA-LACTAM,CARBAPENEM
blaKPC,carbapenem-hydrolyzing class A beta-lactamase KPC-161,BETA-LACTAM,CARBAPENEM
blaKPC,carbapenem-hydrolyzing class A beta-lactamase KPC-162,BETA-LACTAM,CARBAPENEM
blaKPC,carbapenem-hydrolyzing class A beta-lactamase KPC-163,BETA-LACTAM,CARBAPENEM
blaKPC,carbapenem-hydrolyzing class A beta-lactamase KPC-164,BETA-LACTAM,CARBAPENEM
blaKPC,carbapenem-hydrolyzing class A beta-lactamase KPC-165,BETA-LACTAM,CARBAPENEM
blaKPC,carbapenem-hydrolyzing class A beta-lactamase KPC-166,BETA-LACTAM,CARBAPENEM
blaKPC,inhibitor-resistant extended-spectrum class A beta-lactamase KPC-167,BETA-LACTAM,CEPHALOSPORIN
blaKPC,inhibitor-resistant carbapenem-hydrolyzing class A beta-lactamase KPC-168,BETA-LACTAM,CARBAPENEM
blaKPC,inhibitor-resistant extended-spectrum class A beta-lactamase KPC-169,BETA-LACTAM,CEPHALOSPORIN
blaKPC,carbapenem-hydrolyzing class A beta-lactamase KPC-16,BETA-LACTAM,CARBAPENEM
blaKPC,inhibitor-resistant extended-spectrum class A beta-lactamase KPC-170,BETA-LACTAM,CEPHALOSPORIN
blaKPC,inhibitor-resistant carbapenem-hydrolyzing class A beta-lactamase KPC-171,BETA-LACTAM,CARBAPENEM
blaKPC,inhibitor-resistant extended-spectrum class A beta-lactamase KPC-172,BETA-LACTAM,CEPHALOSPORIN
blaKPC,inhibitor-resistant extended-spectrum class A beta-lactamase KPC-173,BETA-LACTAM,CEPHALOSPORIN
blaKPC,inhibitor-resistant carbapenem-hydrolyzing class A beta-lactamase KPC-174,BETA-LACTAM,CARBAPENEM
blaKPC,inhibitor-resistant extended-spectrum class A beta-lactamase KPC-175,BETA-LACTAM,CEPHALOSPORIN
blaKPC,inhibitor-resistant carbapenem-hydrolyzing class A beta-lactamase KPC-176,BETA-LACTAM,CARBAPENEM
blaKPC,inhibitor-resistant carbapenem-hydrolyzing class A beta-lactamase KPC-177,BETA-LACTAM,CARBAPENEM
blaKPC,inhibitor-resistant carbapenem-hydrolyzing class A beta-lactamase KPC-178,BETA-LACTAM,CARBAPENEM
blaKPC,inhibitor-resistant extended-spectrum class A beta-lactamase KPC-179,BETA-LACTAM,CEPHALOSPORIN
blaKPC,carbapenem-hydrolyzing class A beta-lactamase KPC-17,BETA-LACTAM,CARBAPENEM
blaKPC,inhibitor-resistant carbapenem-hydrolyzing class A beta-lactamase KPC-180,BETA-LACTAM,CARBAPENEM
blaKPC,carbapenem-hydrolyzing class A beta-lactamase KPC-181,BETA-LACTAM,CARBAPENEM
blaKPC,carbapenem-hydrolyzing class A beta-lactamase KPC-182,BETA-LACTAM,CARBAPENEM
blaKPC,carbapenem-hydrolyzing class A beta-lactamase KPC-183,BETA-LACTAM,CARBAPENEM
blaKPC,carbapenem-hydrolyzing class A beta-lactamase KPC-184,BETA-LACTAM,CARBAPENEM
blaKPC,inhibitor-resistant extended-spectrum class A beta-lactamase KPC-185,BETA-LACTAM,CEPHALOSPORIN
blaKPC,inhibitor-resistant extended-spectrum class A beta-lactamase KPC-186,BETA-LACTAM,CEPHALOSPORIN
blaKPC,inhibitor-resistant class A beta-lactamase KPC-187,BETA-LACTAM,CARBAPENEM
blaKPC,inhibitor-resistant class A beta-lactamase KPC-188,BETA-LACTAM,CARBAPENEM
blaKPC,inhibitor-resistant extended-spectrum class A beta-lactamase KPC-189,BETA-LACTAM,CEPHALOSPORIN
blaKPC,carbapenem-hydrolyzing class A beta-lactamase KPC-18,BETA-LACTAM,CARBAPENEM
blaKPC,inhibitor-resistant class A beta-lactamase KPC-190,BETA-LACTAM,CARBAPENEM
blaKPC,inhibitor-resistant class A beta-lactamase KPC-191,BETA-LACTAM,CARBAPENEM
blaKPC,inhibitor-resistant carbapenem-hydrolyzing class A beta-lactamase KPC-192,BETA-LACTAM,CARBAPENEM
blaKPC,class A beta-lactamase KPC-193,BETA-LACTAM,CARBAPENEM
blaKPC,inhibitor-resistant extended-spectrum class A beta-lactamase KPC-194,BETA-LACTAM,CEPHALOSPORIN
blaKPC,carbapenem-hydrolyzing class A beta-lactamase KPC-195,BETA-LACTAM,CARBAPENEM
blaKPC,inhibitor-resistant carbapenem-hydrolyzing class A beta-lactamase KPC-196,BETA-LACTAM,CARBAPENEM
blaKPC,inhibitor-resistant extended-spectrum class A beta-lactamase KPC-197,BETA-LACTAM,CEPHALOSPORIN
blaKPC,carbapenem-hydrolyzing class A beta-lactamase KPC-19,BETA-LACTAM,CARBAPENEM
blaKPC,inhibitor-resistant extended-spectrum class A beta-lactamase KPC-201,BETA-LACTAM,CEPHALOSPORIN
blaKPC,inhibitor-resistant carbapenem-hydrolyzing class A beta-lactamase KPC-202,BETA-LACTAM,CARBAPENEM
blaKPC,inhibitor-resistant extended-spectrum class A beta-lactamase KPC-203,BETA-LACTAM,CEPHALOSPORIN
blaKPC,inhibitor-resistant carbapenem-hydrolyzing class A beta-lactamase KPC-204,BETA-LACTAM,CARBAPENEM
blaKPC,inhibitor-resistant class A beta-lactamase KPC-205,BETA-LACTAM,CARBAPENEM
blaKPC,inhibitor-resistant extended-spectrum class A beta-lactamase KPC-206,BETA-LACTAM,CEPHALOSPORIN
blaKPC,inhibitor-resistant extended-spectrum class A beta-lactamase KPC-207,BETA-LACTAM,CEPHALOSPORIN
blaKPC,inhibitor-resistant extended-spectrum class A beta-lactamase KPC-208,BETA-LACTAM,CEPHALOSPORIN
blaKPC,inhibitor-resistant extended-spectrum class A beta-lactamase KPC-209,BETA-LACTAM,CEPHALOSPORIN
blaKPC,carbapenem-hydrolyzing class A beta-lactamase KPC-211,BETA-LACTAM,CARBAPENEM
blaKPC,carbapenem-hydrolyzing class A beta-lactamase KPC-212,BETA-LACTAM,CARBAPENEM
blaKPC,inhibitor-resistant carbapenem-hydrolyzing class A beta-lactamase KPC-213,BETA-LACTAM,CARBAPENEM
blaKPC,inhibitor-resistant carbapenem-hydrolyzing class A beta-lactamase KPC-214,BETA-LACTAM,CARBAPENEM
blaKPC,inhibitor-resistant carbapenem-hydrolyzing class A beta-lactamase KPC-215,BETA-LACTAM,CARBAPENEM
blaKPC,inhibitor-resistant carbapenem-hydrolyzing class A beta-lactamase KPC-216,BETA-LACTAM,CARBAPENEM
blaKPC,inhibitor-resistant class A beta-lactamase KPC-217,BETA-LACTAM,CARBAPENEM
blaKPC,inhibitor-resistant class A beta-lactamase KPC-218,BETA-LACTAM,CARBAPENEM
blaKPC,inhibitor-resistant extended-spectrum class A beta-lactamase KPC-219,BETA-LACTAM,CEPHALOSPORIN
blaKPC,carbapenem-hydrolyzing class A beta-lactamase KPC-21,BETA-LACTAM,CARBAPENEM/CEFTIBUTEN-AVIBACTAM
blaKPC,inhibitor-resistant extended-spectrum class A beta-lactamase KPC-220,BETA-LACTAM,CEPHALOSPORIN
blaKPC,inhibitor-resistant extended-spectrum class A beta-lactamase KPC-221,BETA-LACTAM,CEPHALOSPORIN
blaKPC,inhibitor-resistant extended-spectrum class A beta-lactamase KPC-222,BETA-LACTAM,CEPHALOSPORIN
blaKPC,carbapenem-hydrolyzing class A beta-lactamase KPC-223,BETA-LACTAM,CARBAPENEM
blaKPC,carbapenem-hydrolyzing class A beta-lactamase KPC-224,BETA-LACTAM,CARBAPENEM
blaKPC,inhibitor-resistant carbapenem-hydrolyzing class A beta-lactamase KPC-225,BETA-LACTAM,CARBAPENEM
blaKPC,inhibitor-resistant extended-spectrum class A beta-lactamase KPC-226,BETA-LACTAM,CEPHALOSPORIN
blaKPC,inhibitor-resistant carbapenem-hydrolyzing class A beta-lactamase KPC-227,BETA-LACTAM,CARBAPENEM
blaKPC,inhibitor-resistant extended-spectrum class A beta-lactamase KPC-228,BETA-LACTAM,CEPHALOSPORIN
blaKPC,carbapenem-hydrolyzing class A beta-lactamase KPC-22,BETA-LACTAM,CARBAPENEM
blaKPC,inhibitor-resistant extended-spectrum class A beta-lactamase KPC-230,BETA-LACTAM,CEPHALOSPORIN
blaKPC,carbapenem-hydrolyzing class A beta-lactamase KPC-231,BETA-LACTAM,CARBAPENEM
blaKPC,carbapenem-hydrolyzing class A beta-lactamase KPC-232,BETA-LACTAM,CARBAPENEM
blaKPC,inhibitor-resistant carbapenem-hydrolyzing class A beta-lactamase KPC-233,BETA-LACTAM,CARBAPENEM
blaKPC,inhibitor-resistant carbapenem-hydrolyzing class A beta-lactamase KPC-234,BETA-LACTAM,CARBAPENEM
blaKPC,carbapenem-hydrolyzing class A beta-lactamase KPC-236,BETA-LACTAM,CARBAPENEM
blaKPC,carbapenem-hydrolyzing class A beta-lactamase KPC-237,BETA-LACTAM,CARBAPENEM
blaKPC,carbapenem-hydrolyzing class A beta-lactamase KPC-238,BETA-LACTAM,CARBAPENEM
blaKPC,carbapenem-hydrolyzing class A beta-lactamase KPC-239,BETA-LACTAM,CARBAPENEM
blaKPC,carbapenem-hydrolyzing class A beta-lactamase KPC-23,BETA-LACTAM,CARBAPENEM
blaKPC,carbapenem-hydrolyzing class A beta-lactamase KPC-240,BETA-LACTAM,CARBAPENEM
blaKPC,carbapenem-hydrolyzing class A beta-lactamase KPC-241,BETA-LACTAM,CARBAPENEM
blaKPC,carbapenem-hydrolyzing class A beta-lactamase KPC-242,BETA-LACTAM,CARBAPENEM
blaKPC,carbapenem-hydrolyzing class A beta-lactamase KPC-243,BETA-LACTAM,CARBAPENEM
blaKPC,carbapenem-hydrolyzing class A beta-lactamase KPC-244,BETA-LACTAM,CARBAPENEM
blaKPC,carbapenem-hydrolyzing class A beta-lactamase KPC-245,BETA-LACTAM,CARBAPENEM
blaKPC,carbapenem-hydrolyzing class A beta-lactamase KPC-246,BETA-LACTAM,CARBAPENEM
blaKPC,carbapenem-hydrolyzing class A beta-lactamase KPC-247,BETA-LACTAM,CARBAPENEM
blaKPC,inhibitor-resistant extended-spectrum class A beta-lactamase KPC-248,BETA-LACTAM,CEPHALOSPORIN
blaKPC,inhibitor-resistant carbapenem-hydrolyzing class A beta-lactamase KPC-249,BETA-LACTAM,CARBAPENEM
blaKPC,carbapenem-hydrolyzing class A beta-lactamase KPC-24,BETA-LACTAM,CARBAPENEM
blaKPC,class A beta-lactamase KPC-250,BETA-LACTAM,CARBAPENEM
blaKPC,carbapenem-hydrolyzing class A beta-lactamase KPC-251,BETA-LACTAM,CARBAPENEM
blaKPC,inhibitor-resistant carbapenem-hydrolyzing class A beta-lactamase KPC-252,BETA-LACTAM,CARBAPENEM
blaKPC,inhibitor-resistant extended-spectrum class A beta-lactamase KPC-255,BETA-LACTAM,CEPHALOSPORIN
blaKPC,carbapenem-hydrolyzing class A beta-lactamase KPC-256,BETA-LACTAM,CARBAPENEM
blaKPC,carbapenem-hydrolyzing class A beta-lactamase KPC-257,BETA-LACTAM,CARBAPENEM
blaKPC,inhibitor-resistant extended-spectrum class A beta-lactamase KPC-258,BETA-LACTAM,CEPHALOSPORIN
blaKPC,inhibitor-resistant extended-spectrum class A beta-lactamase KPC-259,BETA-LACTAM,CEPHALOSPORIN
blaKPC,inhibitor-resistant extended-spectrum class A beta-lactamase KPC-25,BETA-LACTAM,CEPHALOSPORIN
blaKPC,inhibitor-resistant carbapenem-hydrolyzing class A beta-lactamase KPC-260,BETA-LACTAM,CARBAPENEM
blaKPC,inhibitor-resistant class A beta-lactamase KPC-261,BETA-LACTAM,CARBAPENEM
blaKPC,carbapenem-hydrolyzing class A beta-lactamase KPC-262,BETA-LACTAM,CARBAPENEM
blaKPC,carbapenem-hydrolyzing class A beta-lactamase KPC-263,BETA-LACTAM,CARBAPENEM
blaKPC,inhibitor-resistant extended-spectrum class A beta-lactamase KPC-264,BETA-LACTAM,CEPHALOSPORIN
blaKPC,inhibitor-resistant carbapenem-hydrolyzing class A beta-lactamase KPC-265,BETA-LACTAM,CARBAPENEM
blaKPC,inhibitor-resistant carbapenem-hydrolyzing class A beta-lactamase KPC-266,BETA-LACTAM,CARBAPENEM
blaKPC,inhibitor-resistant class A beta-lactamase KPC-267,BETA-LACTAM,CEPHALOSPORIN
blaKPC,inhibitor-resistant class A beta-lactamase KPC-268,BETA-LACTAM,CEPHALOSPORIN
blaKPC,inhibitor-resistant extended-spectrum class A beta-lactamase KPC-269,BETA-LACTAM,CEPHALOSPORIN
blaKPC,carbapenem-hydrolyzing class A beta-lactamase KPC-26,BETA-LACTAM,CARBAPENEM
blaKPC,inhibitor-resistant carbapenem-hydrolyzing class A beta-lactamase KPC-270,BETA-LACTAM,CARBAPENEM
blaKPC,inhibitor-resistant carbapenem-hydrolyzing class A beta-lactamase KPC-271,BETA-LACTAM,CARBAPENEM
blaKPC,inhibitor-resistant extended-spectrum class A beta-lactamase KPC-272,BETA-LACTAM,CEPHALOSPORIN
blaKPC,inhibitor-resistant class A beta-lactamase KPC-273,BETA-LACTAM,CARBAPENEM
blaKPC,inhibitor-resistant class A beta-lactamase KPC-274,BETA-LACTAM,CARBAPENEM
blaKPC,inhibitor-resistant class A beta-lactamase KPC-275,BETA-LACTAM,CARBAPENEM
blaKPC,inhibitor-resistant carbapenem-hydrolyzing class A beta-lactamase KPC-276,BETA-LACTAM,CARBAPENEM
blaKPC,carbapenem-hydrolyzing class A beta-lactamase KPC-27,BETA-LACTAM,CARBAPENEM/CEFTIBUTEN-AVIBACTAM
blaKPC,inhibitor-resistant extended-spectrum class A beta-lactamase KPC-28,BETA-LACTAM,CEPHALOSPORIN
blaKPC,inhibitor-resistant carbapenem-hydrolyzing class A beta-lactamase KPC-29,BETA-LACTAM,CARBAPENEM
blaKPC,carbapenem-hydrolyzing class A beta-lactamase KPC-2,BETA-LACTAM,CARBAPENEM
blaKPC,inhibitor-resistant carbapenem-hydrolyzing class A beta-lactamase KPC-30,BETA-LACTAM,CARBAPENEM
blaKPC,inhibitor-resistant extended-spectrum class A beta-lactamase KPC-31,BETA-LACTAM,CEFIDEROCOL/CEPHALOSPORIN
blaKPC,inhibitor-resistant extended-spectrum class A beta-lactamase KPC-32,BETA-LACTAM,CEPHALOSPORIN
blaKPC,inhibitor-resistant extended-spectrum class A beta-lactamase KPC-33,BETA-LACTAM,CEPHALOSPORIN
blaKPC,carbapenem-hydrolyzing class A beta-lactamase KPC-34,BETA-LACTAM,CARBAPENEM
blaKPC,inhibitor-resistant extended-spectrum class A beta-lactamase KPC-35,BETA-LACTAM,CEFIDEROCOL/CEPHALOSPORIN
blaKPC,carbapenem-hydrolyzing class A beta-lactamase KPC-36,BETA-LACTAM,CARBAPENEM
blaKPC,carbapenem-hydrolyzing class A beta-lactamase KPC-37,BETA-LACTAM,CARBAPENEM
blaKPC,carbapenem-hydrolyzing class A beta-lactamase KPC-38,BETA-LACTAM,CARBAPENEM
blaKPC,inhibitor-resistant extended-spectrum class A beta-lactamase KPC-39,BETA-LACTAM,CEPHALOSPORIN
blaKPC,carbapenem-hydrolyzing class A beta-lactamase KPC-3,BETA-LACTAM,CARBAPENEM
blaKPC,inhibitor-resistant carbapenem-hydrolyzing class A beta-lactamase KPC-40,BETA-LACTAM,CARBAPENEM
blaKPC,inhibitor-resistant extended-spectrum class A beta-lactamase KPC-41,BETA-LACTAM,CEPHALOSPORIN
blaKPC,carbapenem-hydrolyzing class A beta-lactamase KPC-42,BETA-LACTAM,CARBAPENEM
blaKPC,carbapenem-hydrolyzing class A beta-lactamase KPC-43,BETA-LACTAM,CARBAPENEM
blaKPC,inhibitor-resistant carbapenem-hydrolyzing class A beta-lactamase KPC-44,BETA-LACTAM,CARBAPENEM
blaKPC,carbapenem-hydrolyzing class A beta-lactamase KPC-45,BETA-LACTAM,CARBAPENEM
blaKPC,inhibitor-resistant extended-spectrum class A beta-lactamase KPC-46,BETA-LACTAM,CEPHALOSPORIN
blaKPC,inhibitor-resistant extended-spectrum class A beta-lactamase KPC-47,BETA-LACTAM,CEPHALOSPORIN
blaKPC,inhibitor-resistant extended-spectrum class A beta-lactamase KPC-48,BETA-LACTAM,CEPHALOSPORIN
blaKPC,inhibitor-resistant extended-spectrum class A beta-lactamase KPC-49,BETA-LACTAM,CEPHALOSPORIN
blaKPC,carbapenem-hydrolyzing class A beta-lactamase KPC-4,BETA-LACTAM,CARBAPENEM
blaKPC,inhibitor-resistant extended-spectrum class A beta-lactamase KPC-50,BETA-LACTAM,CEPHALOSPORIN
blaKPC,inhibitor-resistant extended-spectrum class A beta-lactamase KPC-51,BETA-LACTAM,CEPHALOSPORIN
blaKPC,inhibitor-resistant extended-spectrum class A beta-lactamase KPC-52,BETA-LACTAM,CEPHALOSPORIN
blaKPC,inhibitor-resistant extended-spectrum class A beta-lactamase KPC-53,BETA-LACTAM,CEPHALOSPORIN
blaKPC,carbapenem-hydrolyzing class A beta-lactamase KPC-54,BETA-LACTAM,CARBAPENEM
blaKPC,carbapenem-hydrolyzing class A beta-lactamase KPC-55,BETA-LACTAM,CARBAPENEM
blaKPC,carbapenem-hydrolyzing class A beta-lactamase KPC-56,BETA-LACTAM,CARBAPENEM
blaKPC,inhibitor-resistant extended-spectrum class A beta-lactamase KPC-57,BETA-LACTAM,CEPHALOSPORIN
blaKPC,inhibitor-resistant class A beta-lactamase KPC-58,BETA-LACTAM,CARBAPENEM
blaKPC,carbapenem-hydrolyzing class A beta-lactamase KPC-59,BETA-LACTAM,CARBAPENEM
blaKPC,carbapenem-hydrolyzing class A beta-lactamase KPC-5,BETA-LACTAM,CARBAPENEM
blaKPC,carbapenem-hydrolyzing class A beta-lactamase KPC-60,BETA-LACTAM,CARBAPENEM
blaKPC,inhibitor-resistant extended-spectrum class A beta-lactamase KPC-61,BETA-LACTAM,CEPHALOSPORIN
blaKPC,inhibitor-resistant extended-spectrum class A beta-lactamase KPC-62,BETA-LACTAM,CEFIDEROCOL/CEPHALOSPORIN
blaKPC,inhibitor-resistant extended-spectrum class A beta-lactamase KPC-63,BETA-LACTAM,CEPHALOSPORIN
blaKPC,inhibitor-resistant extended-spectrum class A beta-lactamase KPC-64,BETA-LACTAM,CEPHALOSPORIN
blaKPC,inhibitor-resistant extended-spectrum class A beta-lactamase KPC-65,BETA-LACTAM,CEPHALOSPORIN
blaKPC,inhibitor-resistant extended-spectrum class A beta-lactamase KPC-66,BETA-LACTAM,CEPHALOSPORIN
blaKPC,inhibitor-resistant carbapenem-hydrolyzing class A beta-lactamase KPC-67,BETA-LACTAM,CARBAPENEM
blaKPC,inhibitor-resistant extended-spectrum class A beta-lactamase KPC-68,BETA-LACTAM,CEPHALOSPORIN
blaKPC,inhibitor-resistant extended-spectrum class A beta-lactamase KPC-69,BETA-LACTAM,CEPHALOSPORIN
blaKPC,carbapenem-hydrolyzing class A beta-lactamase KPC-6,BETA-LACTAM,CARBAPENEM
blaKPC,inhibitor-resistant extended-spectrum class A beta-lactamase KPC-70,BETA-LACTAM,CEPHALOSPORIN
blaKPC,inhibitor-resistant extended-spectrum class A beta-lactamase KPC-71,BETA-LACTAM,CEPHALOSPORIN
blaKPC,inhibitor-resistant extended-spectrum class A beta-lactamase KPC-72,BETA-LACTAM,CEPHALOSPORIN
blaKPC,inhibitor-resistant extended-spectrum class A beta-lactamase KPC-73,BETA-LACTAM,CEPHALOSPORIN
blaKPC,inhibitor-resistant extended-spectrum class A beta-lactamase KPC-74,BETA-LACTAM,CEPHALOSPORIN
blaKPC,carbapenem-hydrolyzing class A beta-lactamase KPC-75,BETA-LACTAM,CARBAPENEM
blaKPC,inhibitor-resistant extended-spectrum class A beta-lactamase KPC-76,BETA-LACTAM,CEPHALOSPORIN
blaKPC,carbapenem-hydrolyzing class A beta-lactamase KPC-77,BETA-LACTAM,CARBAPENEM
blaKPC,inhibitor-resistant carbapenem-hydrolyzing class A beta-lactamase KPC-78,BETA-LACTAM,CARBAPENEM
blaKPC,inhibitor-resistant extended-spectrum class A beta-lactamase KPC-79,BETA-LACTAM,CEPHALOSPORIN
blaKPC,carbapenem-hydrolyzing class A beta-lactamase KPC-7,BETA-LACTAM,CARBAPENEM
blaKPC,carbapenem-hydrolyzing class A beta-lactamase KPC-80,BETA-LACTAM,CARBAPENEM
blaKPC,carbapenem-hydrolyzing class A beta-lactamase KPC-81,BETA-LACTAM,CARBAPENEM
blaKPC,inhibitor-resistant extended-spectrum class A beta-lactamase KPC-82,BETA-LACTAM,CEPHALOSPORIN
blaKPC,carbapenem-hydrolyzing class A beta-lactamase KPC-83,BETA-LACTAM,CARBAPENEM
blaKPC,inhibitor-resistant carbapenem-hydrolyzing class A beta-lactamase KPC-84,BETA-LACTAM,CARBAPENEM
blaKPC,carbapenem-hydrolyzing class A beta-lactamase KPC-85,BETA-LACTAM,CARBAPENEM
blaKPC,inhibitor-resistant extended-spectrum class A beta-lactamase KPC-86,BETA-LACTAM,CEPHALOSPORIN
blaKPC,inhibitor-resistant carbapenem-hydrolyzing class A beta-lactamase KPC-87,BETA-LACTAM,CARBAPENEM
blaKPC,inhibitor-resistant extended-spectrum class A beta-lactamase KPC-88,BETA-LACTAM,CEPHALOSPORIN
blaKPC,carbapenem-hydrolyzing class A beta-lactamase KPC-89,BETA-LACTAM,CARBAPENEM
blaKPC,inhibitor-resistant carbapenem-hydrolyzing class A beta-lactamase KPC-8,BETA-LACTAM,CARBAPENEM
blaKPC,inhibitor-resistant extended-spectrum class A beta-lactamase KPC-90,BETA-LACTAM,CEPHALOSPORIN
blaKPC,carbapenem-hydrolyzing class A beta-lactamase KPC-91,BETA-LACTAM,CARBAPENEM
blaKPC,inhibitor-resistant extended-spectrum class A beta-lactamase KPC-92,BETA-LACTAM,CEPHALOSPORIN
blaKPC,inhibitor-resistant extended-spectrum class A beta-lactamase KPC-93,BETA-LACTAM,CEPHALOSPORIN
blaKPC,inhibitor-resistant extended-spectrum class A beta-lactamase KPC-94,BETA-LACTAM,CEPHALOSPORIN
blaKPC,inhibitor-resistant extended-spectrum class A beta-lactamase KPC-95,BETA-LACTAM,CEPHALOSPORIN
blaKPC,carbapenem-hydrolyzing class A beta-lactamase KPC-96,BETA-LACTAM,CARBAPENEM
blaKPC,class A beta-lactamase KPC-97,BETA-LACTAM,CARBAPENEM
blaKPC,carbapenem-hydrolyzing class A beta-lactamase KPC-98,BETA-LACTAM,CARBAPENEM
blaKPC,inhibitor-resistant carbapenem-hydrolyzing class A beta-lactamase KPC-99,BETA-LACTAM,CARBAPENEM
blaLAP,class A beta-lactamase LAP-1,BETA-LACTAM,BETA-LACTAM
blaLAP,class A beta-lactamase LAP-2,BETA-LACTAM,BETA-LACTAM
blaLAQ,extended-spectrum class C beta-lactamase LAQ-1,BETA-LACTAM,CEPHALOSPORIN
blaLAT,CMY-2 family cephalosporin-hydrolyzing class C beta-lactamase LAT-1,BETA-LACTAM,CEPHALOSPORIN
blaLAT,CMY-2 family cephalosporin-hydrolyzing class C beta-lactamase LAT-3,BETA-LACTAM,CEPHALOSPORIN
blaLCR,oxacillin-hydrolyzing class D beta-lactamase LCR-1,BETA-LACTAM,BETA-LACTAM
blaLEN,class A beta-lactamase LEN-100,BETA-LACTAM,BETA-LACTAM
blaLEN,class A beta-lactamase LEN-101,BETA-LACTAM,BETA-LACTAM
blaLEN,class A beta-lactamase LEN-102,BETA-LACTAM,BETA-LACTAM
blaLEN,class A beta-lactamase LEN-103,BETA-LACTAM,BETA-LACTAM
blaLEN,class A beta-lactamase LEN-104,BETA-LACTAM,BETA-LACTAM
blaLEN,class A beta-lactamase LEN-105,BETA-LACTAM,BETA-LACTAM
blaLEN,class A beta-lactamase LEN-106,BETA-LACTAM,BETA-LACTAM
blaLEN,class A beta-lactamase LEN-107,BETA-LACTAM,BETA-LACTAM
blaLEN,class A beta-lactamase LEN-108,BETA-LACTAM,BETA-LACTAM
blaLEN,class A beta-lactamase LEN-109,BETA-LACTAM,BETA-LACTAM
blaLEN,class A beta-lactamase LEN-10,BETA-LACTAM,BETA-LACTAM
blaLEN,class A beta-lactamase LEN-110,BETA-LACTAM,BETA-LACTAM
blaLEN,class A beta-lactamase LEN-111,BETA-LACTAM,BETA-LACTAM
blaLEN,class A beta-lactamase LEN-112,BETA-LACTAM,BETA-LACTAM
blaLEN,class A beta-lactamase LEN-113,BETA-LACTAM,BETA-LACTAM
blaLEN,class A beta-lactamase LEN-114,BETA-LACTAM,BETA-LACTAM
blaLEN,class A beta-lactamase LEN-115,BETA-LACTAM,BETA-LACTAM
blaLEN,class A beta-lactamase LEN-118,BETA-LACTAM,BETA-LACTAM
blaLEN,class A beta-lactamase LEN-119,BETA-LACTAM,BETA-LACTAM
blaLEN,class A beta-lactamase LEN-11,BETA-LACTAM,BETA-LACTAM
blaLEN,class A beta-lactamase LEN-120,BETA-LACTAM,BETA-LACTAM
blaLEN,class A beta-lactamase LEN-121,BETA-LACTAM,BETA-LACTAM
blaLEN,class A beta-lactamase LEN-122,BETA-LACTAM,BETA-LACTAM
blaLEN,class A beta-lactamase LEN-123,BETA-LACTAM,BETA-LACTAM
blaLEN,class A beta-lactamase LEN-124,BETA-LACTAM,BETA-LACTAM
blaLEN,class A beta-lactamase LEN-125,BETA-LACTAM,BETA-LACTAM
blaLEN,class A beta-lactamase LEN-126,BETA-LACTAM,BETA-LACTAM
blaLEN,class A beta-lactamase LEN-127,BETA-LACTAM,BETA-LACTAM
blaLEN,class A beta-lactamase LEN-128,BETA-LACTAM,BETA-LACTAM
blaLEN,class A beta-lactamase LEN-129,BETA-LACTAM,BETA-LACTAM
blaLEN,class A beta-lactamase LEN-12,BETA-LACTAM,BETA-LACTAM
blaLEN,class A beta-lactamase LEN-130,BETA-LACTAM,BETA-LACTAM
blaLEN,class A beta-lactamase LEN-132,BETA-LACTAM,BETA-LACTAM
blaLEN,class A beta-lactamase LEN-133,BETA-LACTAM,BETA-LACTAM
blaLEN,class A beta-lactamase LEN-134,BETA-LACTAM,BETA-LACTAM
blaLEN,class A beta-lactamase LEN-135,BETA-LACTAM,BETA-LACTAM
blaLEN,class A beta-lactamase LEN-136,BETA-LACTAM,BETA-LACTAM
blaLEN,class A beta-lactamase LEN-137,BETA-LACTAM,BETA-LACTAM
blaLEN,class A beta-lactamase LEN-138,BETA-LACTAM,BETA-LACTAM
blaLEN,class A beta-lactamase LEN-139,BETA-LACTAM,BETA-LACTAM
blaLEN,class A beta-lactamase LEN-13,BETA-LACTAM,BETA-LACTAM
blaLEN,class A beta-lactamase LEN-140,BETA-LACTAM,BETA-LACTAM
blaLEN,class A beta-lactamase LEN-141,BETA-LACTAM,BETA-LACTAM
blaLEN,class A beta-lactamase LEN-142,BETA-LACTAM,BETA-LACTAM
blaLEN,class A beta-lactamase LEN-143,BETA-LACTAM,BETA-LACTAM
blaLEN,class A beta-lactamase LEN-144,BETA-LACTAM,BETA-LACTAM
blaLEN,class A beta-lactamase LEN-145,BETA-LACTAM,BETA-LACTAM
blaLEN,class A beta-lactamase LEN-146,BETA-LACTAM,BETA-LACTAM
blaLEN,class A beta-lactamase LEN-147,BETA-LACTAM,BETA-LACTAM
blaLEN,class A beta-lactamase LEN-148,BETA-LACTAM,BETA-LACTAM
blaLEN,class A beta-lactamase LEN-149,BETA-LACTAM,BETA-LACTAM
blaLEN,class A beta-lactamase LEN-150,BETA-LACTAM,BETA-LACTAM
blaLEN,class A beta-lactamase LEN-151,BETA-LACTAM,BETA-LACTAM
blaLEN,class A beta-lactamase LEN-152,BETA-LACTAM,BETA-LACTAM
blaLEN,class A beta-lactamase LEN-153,BETA-LACTAM,BETA-LACTAM
blaLEN,class A beta-lactamase LEN-154,BETA-LACTAM,BETA-LACTAM
blaLEN,class A beta-lactamase LEN-155,BETA-LACTAM,BETA-LACTAM
blaLEN,class A beta-lactamase LEN-156,BETA-LACTAM,BETA-LACTAM
blaLEN,class A beta-lactamase LEN-157,BETA-LACTAM,BETA-LACTAM
blaLEN,class A beta-lactamase LEN-159,BETA-LACTAM,BETA-LACTAM
blaLEN,class A beta-lactamase LEN-15,BETA-LACTAM,BETA-LACTAM
blaLEN,class A beta-lactamase LEN-160,BETA-LACTAM,BETA-LACTAM
blaLEN,class A beta-lactamase LEN-161,BETA-LACTAM,BETA-LACTAM
blaLEN,class A beta-lactamase LEN-163,BETA-LACTAM,BETA-LACTAM
blaLEN,class A beta-lactamase LEN-164,BETA-LACTAM,BETA-LACTAM
blaLEN,class A beta-lactamase LEN-165,BETA-LACTAM,BETA-LACTAM
blaLEN,class A beta-lactamase LEN-166,BETA-LACTAM,BETA-LACTAM
blaLEN,class A beta-lactamase LEN-167,BETA-LACTAM,BETA-LACTAM
blaLEN,class A beta-lactamase LEN-168,BETA-LACTAM,BETA-LACTAM
blaLEN,class A beta-lactamase LEN-169,BETA-LACTAM,BETA-LACTAM
blaLEN,class A beta-lactamase LEN-16,BETA-LACTAM,BETA-LACTAM
blaLEN,class A beta-lactamase LEN-170,BETA-LACTAM,BETA-LACTAM
blaLEN,class A beta-lactamase LEN-171,BETA-LACTAM,BETA-LACTAM
blaLEN,class A beta-lactamase LEN-172,BETA-LACTAM,BETA-LACTAM
blaLEN,class A beta-lactamase LEN-173,BETA-LACTAM,BETA-LACTAM
blaLEN,class A beta-lactamase LEN-174,BETA-LACTAM,BETA-LACTAM
blaLEN,class A beta-lactamase LEN-175,BETA-LACTAM,BETA-LACTAM
blaLEN,class A beta-lactamase LEN-176,BETA-LACTAM,BETA-LACTAM
blaLEN,class A beta-lactamase LEN-177,BETA-LACTAM,BETA-LACTAM
blaLEN,class A beta-lactamase LEN-178,BETA-LACTAM,BETA-LACTAM
blaLEN,class A beta-lactamase LEN-179,BETA-LACTAM,BETA-LACTAM
blaLEN,class A beta-lactamase LEN-17,BETA-LACTAM,BETA-LACTAM
blaLEN,class A beta-lactamase LEN-180,BETA-LACTAM,BETA-LACTAM
blaLEN,class A beta-lactamase LEN-181,BETA-LACTAM,BETA-LACTAM
blaLEN,class A beta-lactamase LEN-182,BETA-LACTAM,BETA-LACTAM
blaLEN,class A beta-lactamase LEN-183,BETA-LACTAM,BETA-LACTAM
blaLEN,class A beta-lactamase LEN-184,BETA-LACTAM,BETA-LACTAM
blaLEN,class A beta-lactamase LEN-185,BETA-LACTAM,BETA-LACTAM
blaLEN,class A beta-lactamase LEN-186,BETA-LACTAM,BETA-LACTAM
blaLEN,class A beta-lactamase LEN-188,BETA-LACTAM,BETA-LACTAM
blaLEN,class A beta-lactamase LEN-189,BETA-LACTAM,BETA-LACTAM
blaLEN,class A beta-lactamase LEN-18,BETA-LACTAM,BETA-LACTAM
blaLEN,class A beta-lactamase LEN-190,BETA-LACTAM,BETA-LACTAM
blaLEN,class A beta-lactamase LEN-191,BETA-LACTAM,BETA-LACTAM
blaLEN,class A beta-lactamase LEN-192,BETA-LACTAM,BETA-LACTAM
blaLEN,class A beta-lactamase LEN-193,BETA-LACTAM,BETA-LACTAM
blaLEN,class A beta-lactamase LEN-194,BETA-LACTAM,BETA-LACTAM
blaLEN,class A beta-lactamase LEN-195,BETA-LACTAM,BETA-LACTAM
blaLEN,class A beta-lactamase LEN-196,BETA-LACTAM,BETA-LACTAM
blaLEN,class A beta-lactamase LEN-197,BETA-LACTAM,BETA-LACTAM
blaLEN,class A beta-lactamase LEN-198,BETA-LACTAM,BETA-LACTAM
blaLEN,class A beta-lactamase LEN-199,BETA-LACTAM,BETA-LACTAM
blaLEN,class A beta-lactamase LEN-19,BETA-LACTAM,BETA-LACTAM
blaLEN,class A beta-lactamase LEN-1,BETA-LACTAM,BETA-LACTAM
blaLEN,class A beta-lactamase LEN-200,BETA-LACTAM,BETA-LACTAM
blaLEN,class A beta-lactamase LEN-201,BETA-LACTAM,BETA-LACTAM
blaLEN,class A beta-lactamase LEN-202,BETA-LACTAM,BETA-LACTAM
blaLEN,class A beta-lactamase LEN-203,BETA-LACTAM,BETA-LACTAM
blaLEN,class A beta-lactamase LEN-204,BETA-LACTAM,BETA-LACTAM
blaLEN,class A beta-lactamase LEN-205,BETA-LACTAM,BETA-LACTAM
blaLEN,class A beta-lactamase LEN-206,BETA-LACTAM,BETA-LACTAM
blaLEN,class A beta-lactamase LEN-207,BETA-LACTAM,BETA-LACTAM
blaLEN,class A beta-lactamase LEN-208,BETA-LACTAM,BETA-LACTAM
blaLEN,class A beta-lactamase LEN-209,BETA-LACTAM,BETA-LACTAM
blaLEN,class A beta-lactamase LEN-20,BETA-LACTAM,BETA-LACTAM
blaLEN,class A beta-lactamase LEN-210,BETA-LACTAM,BETA-LACTAM
blaLEN,class A beta-lactamase LEN-211,BETA-LACTAM,BETA-LACTAM
blaLEN,class A beta-lactamase LEN-21,BETA-LACTAM,BETA-LACTAM
blaLEN,class A beta-lactamase LEN-22,BETA-LACTAM,BETA-LACTAM
blaLEN,class A beta-lactamase LEN-23,BETA-LACTAM,BETA-LACTAM
blaLEN,class A beta-lactamase LEN-24,BETA-LACTAM,BETA-LACTAM
blaLEN,class A beta-lactamase LEN-25,BETA-LACTAM,BETA-LACTAM
blaLEN,class A beta-lactamase LEN-26,BETA-LACTAM,BETA-LACTAM
blaLEN,class A beta-lactamase LEN-27,BETA-LACTAM,BETA-LACTAM
blaLEN,class A beta-lactamase LEN-28,BETA-LACTAM,BETA-LACTAM
blaLEN,class A beta-lactamase LEN-2,BETA-LACTAM,BETA-LACTAM
blaLEN,class A beta-lactamase LEN-30,BETA-LACTAM,BETA-LACTAM
blaLEN,class A beta-lactamase LEN-31,BETA-LACTAM,BETA-LACTAM
blaLEN,class A beta-lactamase LEN-32,BETA-LACTAM,BETA-LACTAM
blaLEN,class A beta-lactamase LEN-34,BETA-LACTAM,BETA-LACTAM
blaLEN,class A beta-lactamase LEN-35,BETA-LACTAM,BETA-LACTAM
blaLEN,class A beta-lactamase LEN-36,BETA-LACTAM,BETA-LACTAM
blaLEN,class A beta-lactamase LEN-37,BETA-LACTAM,BETA-LACTAM
blaLEN,class A beta-lactamase LEN-38,BETA-LACTAM,BETA-LACTAM
blaLEN,class A beta-lactamase LEN-39,BETA-LACTAM,BETA-LACTAM
blaLEN,class A beta-lactamase LEN-40,BETA-LACTAM,BETA-LACTAM
blaLEN,class A beta-lactamase LEN-41,BETA-LACTAM,BETA-LACTAM
blaLEN,class A beta-lactamase LEN-42,BETA-LACTAM,BETA-LACTAM
blaLEN,class A beta-lactamase LEN-43,BETA-LACTAM,BETA-LACTAM
blaLEN,class A beta-lactamase LEN-51,BETA-LACTAM,BETA-LACTAM
blaLEN,class A beta-lactamase LEN-55,BETA-LACTAM,BETA-LACTAM
blaLEN,class A beta-lactamase LEN-58,BETA-LACTAM,BETA-LACTAM
blaLEN,class A beta-lactamase LEN-5,BETA-LACTAM,BETA-LACTAM
blaLEN,class A beta-lactamase LEN-7,BETA-LACTAM,BETA-LACTAM
blaLEN,class A beta-lactamase LEN-8,BETA-LACTAM,BETA-LACTAM
blaLEN,class A beta-lactamase LEN-94,BETA-LACTAM,BETA-LACTAM
blaLEN,class A beta-lactamase LEN-95,BETA-LACTAM,BETA-LACTAM
blaLEN,class A beta-lactamase LEN-96,BETA-LACTAM,BETA-LACTAM
blaLEN,class A beta-lactamase LEN-97,BETA-LACTAM,BETA-LACTAM
blaLEN,class A beta-lactamase LEN-98,BETA-LACTAM,BETA-LACTAM
blaLEN,class A beta-lactamase LEN-99,BETA-LACTAM,BETA-LACTAM
blaLEN,class A beta-lactamase LEN-9,BETA-LACTAM,BETA-LACTAM
blaLHK,class C beta-lactamase LHK-1,BETA-LACTAM,BETA-LACTAM
blaLHK,class C beta-lactamase LHK-2,BETA-LACTAM,BETA-LACTAM
blaLHK,class C beta-lactamase LHK-3,BETA-LACTAM,BETA-LACTAM
blaLHK,class C beta-lactamase LHK-4,BETA-LACTAM,BETA-LACTAM
blaLHK,class C beta-lactamase LHK-5,BETA-LACTAM,BETA-LACTAM
blaLHK,class C beta-lactamase LHK-6,BETA-LACTAM,BETA-LACTAM
blaLHK,class C beta-lactamase LHK-7,BETA-LACTAM,BETA-LACTAM
blaLMB,subclass B3 metallo-beta-lactamase LMB-1,BETA-LACTAM,CARBAPENEM
blaLRG,extended-spectrum class A beta-lactamase LRG-1,BETA-LACTAM,CEPHALOSPORIN
blaLUS,class A beta-lactamase LUS-1,BETA-LACTAM,BETA-LACTAM
blaLUT,extended-spectrum class A beta-lactamase LUT-1,BETA-LACTAM,CEPHALOSPORIN
blaLUT,class A beta-lactamase LUT-2,BETA-LACTAM,CEPHALOSPORIN
blaLUT,class A beta-lactamase LUT-3,BETA-LACTAM,CEPHALOSPORIN
blaLUT,class A beta-lactamase LUT-4,BETA-LACTAM,CEPHALOSPORIN
blaLUT,class A beta-lactamase LUT-5,BETA-LACTAM,CEPHALOSPORIN
blaLUT,class A beta-lactamase LUT-6,BETA-LACTAM,CEPHALOSPORIN
blaCKO,MAL/CKO family class A beta-lactamase MAL-1,BETA-LACTAM,BETA-LACTAM
blaCKO,MAL/CKO family class A beta-lactamase MAL-2,BETA-LACTAM,BETA-LACTAM
blaCAU,subclass B3 metallo-beta-lactamase MBL1b,BETA-LACTAM,CARBAPENEM
blaMIM,subclass B3 metallo-beta-lactamase MIM-1,BETA-LACTAM,CARBAPENEM
blaMIR,cephalosporin-hydrolyzing class C beta-lactamase MIR-10,BETA-LACTAM,CEPHALOSPORIN
blaMIR,cephalosporin-hydrolyzing class C beta-lactamase MIR-11,BETA-LACTAM,CEPHALOSPORIN
blaMIR,cephalosporin-hydrolyzing class C beta-lactamase MIR-12,BETA-LACTAM,CEPHALOSPORIN
blaMIR,cephalosporin-hydrolyzing class C beta-lactamase MIR-13,BETA-LACTAM,CEPHALOSPORIN
blaACT,cephalosporin-hydrolyzing class C beta-lactamase MIR-14,BETA-LACTAM,CEPHALOSPORIN
blaMIR,cephalosporin-hydrolyzing class C beta-lactamase MIR-15,BETA-LACTAM,CEPHALOSPORIN
blaMIR,cephalosporin-hydrolyzing class C beta-lactamase MIR-16,BETA-LACTAM,CEPHALOSPORIN
blaMIR,cephalosporin-hydrolyzing class C beta-lactamase MIR-17,BETA-LACTAM,CEPHALOSPORIN
blaMIR,cephalosporin-hydrolyzing class C beta-lactamase MIR-18,BETA-LACTAM,CEPHALOSPORIN
blaMIR,cephalosporin-hydrolyzing class C beta-lactamase MIR-19,BETA-LACTAM,CEPHALOSPORIN
blaMIR,cephalosporin-hydrolyzing class C beta-lactamase MIR-1,BETA-LACTAM,CEPHALOSPORIN
blaMIR,cephalosporin-hydrolyzing class C beta-lactamase MIR-20,BETA-LACTAM,CEPHALOSPORIN
blaMIR,cephalosporin-hydrolyzing class C beta-lactamase MIR-21,BETA-LACTAM,CEPHALOSPORIN
blaMIR,cephalosporin-hydrolyzing class C beta-lactamase MIR-22,BETA-LACTAM,CEPHALOSPORIN
blaMIR,cephalosporin-hydrolyzing class C beta-lactamase MIR-23,BETA-LACTAM,CEPHALOSPORIN
blaMIR,cephalosporin-hydrolyzing class C beta-lactamase MIR-24,BETA-LACTAM,CEPHALOSPORIN
blaMIR,cephalosporin-hydrolyzing class C beta-lactamase MIR-25,BETA-LACTAM,CEPHALOSPORIN
blaMIR,cephalosporin-hydrolyzing class C beta-lactamase MIR-26,BETA-LACTAM,CEPHALOSPORIN
blaMIR,cephalosporin-hydrolyzing class C beta-lactamase MIR-27,BETA-LACTAM,CEPHALOSPORIN
blaMIR,cephalosporin-hydrolyzing class C beta-lactamase MIR-28,BETA-LACTAM,CEPHALOSPORIN
blaMIR,cephalosporin-hydrolyzing class C beta-lactamase MIR-29,BETA-LACTAM,CEPHALOSPORIN
blaMIR,cephalosporin-hydrolyzing class C beta-lactamase MIR-2,BETA-LACTAM,CEPHALOSPORIN
blaMIR,cephalosporin-hydrolyzing class C beta-lactamase MIR-30,BETA-LACTAM,CEPHALOSPORIN
blaMIR,cephalosporin-hydrolyzing class C beta-lactamase MIR-31,BETA-LACTAM,CEPHALOSPORIN
blaMIR,cephalosporin-hydrolyzing class C beta-lactamase MIR-32,BETA-LACTAM,CEPHALOSPORIN
blaMIR,cephalosporin-hydrolyzing class C beta-lactamase MIR-33,BETA-LACTAM,CEPHALOSPORIN
blaMIR,cephalosporin-hydrolyzing class C beta-lactamase MIR-34,BETA-LACTAM,CEPHALOSPORIN
blaMIR,cephalosporin-hydrolyzing class C beta-lactamase MIR-35,BETA-LACTAM,CEPHALOSPORIN
blaMIR,cephalosporin-hydrolyzing class C beta-lactamase MIR-36,BETA-LACTAM,CEPHALOSPORIN
blaMIR,cephalosporin-hydrolyzing class C beta-lactamase MIR-37,BETA-LACTAM,CEPHALOSPORIN
blaMIR,cephalosporin-hydrolyzing class C beta-lactamase MIR-38,BETA-LACTAM,CEPHALOSPORIN
blaMIR,cephalosporin-hydrolyzing class C beta-lactamase MIR-39,BETA-LACTAM,CEPHALOSPORIN
blaMIR,cephalosporin-hydrolyzing class C beta-lactamase MIR-3,BETA-LACTAM,CEPHALOSPORIN
blaMIR,cephalosporin-hydrolyzing class C beta-lactamase MIR-4,BETA-LACTAM,CEPHALOSPORIN
blaMIR,cephalosporin-hydrolyzing class C beta-lactamase MIR-5,BETA-LACTAM,CEPHALOSPORIN
blaMIR,cephalosporin-hydrolyzing class C beta-lactamase MIR-6,BETA-LACTAM,CEPHALOSPORIN
blaMIR,cephalosporin-hydrolyzing class C beta-lactamase MIR-7,BETA-LACTAM,CEPHALOSPORIN
blaMIR,cephalosporin-hydrolyzing class C beta-lactamase MIR-9,BETA-LACTAM,CEPHALOSPORIN
blaMOC,subclass B1 metallo-beta-lactamase MOC-1,BETA-LACTAM,CARBAPENEM
blaMOC,subclass B1 metallo-beta-lactamase MOC-2,BETA-LACTAM,CARBAPENEM
blaDHA,DHA family class C beta-lactamase MOR-2,BETA-LACTAM,CEPHALOSPORIN
blaMOX,CMY-1/MOX family class C beta-lactamase MOX-10,BETA-LACTAM,CEPHALOSPORIN
blaMOX,CMY-1/MOX family class C beta-lactamase MOX-11,BETA-LACTAM,CEPHALOSPORIN
blaMOX,CMY-1/MOX family class C beta-lactamase MOX-12,BETA-LACTAM,CEPHALOSPORIN
blaMOX,CMY-1/MOX family extended-spectrum class C beta-lactamase MOX-13,BETA-LACTAM,CEPHALOSPORIN
blaMOX,CMY-1/MOX family class C beta-lactamase MOX-14,BETA-LACTAM,CEPHALOSPORIN
blaMOX,CMY-1/MOX family class C beta-lactamase MOX-15,BETA-LACTAM,CEPHALOSPORIN
blaMOX,CMY-1/MOX family class C beta-lactamase MOX-16,BETA-LACTAM,CEPHALOSPORIN
blaMOX,CMY-1/MOX family class C beta-lactamase MOX-17,BETA-LACTAM,CEPHALOSPORIN
blaMOX,CMY-1/MOX family class C beta-lactamase MOX-18,BETA-LACTAM,CEPHALOSPORIN
blaMOX,CMY-1/MOX family class C beta-lactamase MOX-19,BETA-LACTAM,CEPHALOSPORIN
blaMOX,CMY-1/MOX family extended-spectrum class C beta-lactamase MOX-1,BETA-LACTAM,CEPHALOSPORIN
blaMOX,CMY-1/MOX family class C beta-lactamase MOX-20,BETA-LACTAM,CEPHALOSPORIN
blaMOX,CMY-1/MOX family class C beta-lactamase MOX-21,BETA-LACTAM,CEPHALOSPORIN
blaMOX,CMY-1/MOX family class C beta-lactamase MOX-22,BETA-LACTAM,CEPHALOSPORIN
blaMOX,CMY-1/MOX family class C beta-lactamase MOX-23,BETA-LACTAM,CEPHALOSPORIN
blaMOX,CMY-1/MOX family class C beta-lactamase MOX-24,BETA-LACTAM,CEPHALOSPORIN
blaMOX,CMY-1/MOX family class C beta-lactamase MOX-25,BETA-LACTAM,CEPHALOSPORIN
blaMOX,CMY-1/MOX family extended-spectrum class C beta-lactamase MOX-2,BETA-LACTAM,CEPHALOSPORIN
blaMOX,CMY-1/MOX family class C beta-lactamase MOX-3,BETA-LACTAM,CEPHALOSPORIN
blaMOX,CMY-1/MOX family class C beta-lactamase MOX-4,BETA-LACTAM,CEPHALOSPORIN
blaMOX,CMY-1/MOX family class C beta-lactamase MOX-5,BETA-LACTAM,CEPHALOSPORIN
blaMOX,CMY-1/MOX family class C beta-lactamase MOX-6,BETA-LACTAM,CEPHALOSPORIN
blaMOX,CMY-1/MOX family class C beta-lactamase MOX-7,BETA-LACTAM,CEPHALOSPORIN
blaMOX,CMY-1/MOX family class C beta-lactamase MOX-8,BETA-LACTAM,CEPHALOSPORIN
blaMOX,CMY-1/MOX family extended-spectrum class C beta-lactamase MOX-9,BETA-LACTAM,CEPHALOSPORIN
blaMSI,subclass B3 metallo-beta-lactamase MSI-1,BETA-LACTAM,CARBAPENEM
blaMUN,MUN family extended-spectrum class A beta-lactamase MUN-1,BETA-LACTAM,CEPHALOSPORIN
blaMUN,MUN family extended-spectrum class A beta-lactamase MUN-2,BETA-LACTAM,CEPHALOSPORIN
blaMUN,MUN family extended-spectrum class A beta-lactamase MUN-3,BETA-LACTAM,CEPHALOSPORIN
blaMUN,MUN family extended-spectrum class A beta-lactamase MUN-4,BETA-LACTAM,CEPHALOSPORIN
blaMUN,MUN family extended-spectrum class A beta-lactamase MUN-5,BETA-LACTAM,CEPHALOSPORIN
blaMUN,MUN family extended-spectrum class A beta-lactamase MUN-6,BETA-LACTAM,CEPHALOSPORIN
blaMUS,subclass B1 metallo-beta-lactamase MUS-1,BETA-LACTAM,CARBAPENEM
blaMUS,subclass B1 metallo-beta-lactamase MUS-2,BETA-LACTAM,CARBAPENEM
blaMYO,subclass B1 metallo-beta-lactamase MYO-1,BETA-LACTAM,CARBAPENEM
blaMYX,subclass B1 metallo-beta-lactamase MYX-1,BETA-LACTAM,CARBAPENEM
blaNDM,subclass B1 metallo-beta-lactamase NDM-10,BETA-LACTAM,CARBAPENEM
blaNDM,subclass B1 metallo-beta-lactamase NDM-11,BETA-LACTAM,CARBAPENEM
blaNDM,subclass B1 metallo-beta-lactamase NDM-12,BETA-LACTAM,CARBAPENEM
blaNDM,subclass B1 metallo-beta-lactamase NDM-13,BETA-LACTAM,CARBAPENEM
blaNDM,subclass B1 metallo-beta-lactamase NDM-14,BETA-LACTAM,CARBAPENEM
blaNDM,subclass B1 metallo-beta-lactamase NDM-15,BETA-LACTAM,CARBAPENEM
blaNDM,subclass B1 metallo-beta-lactamase NDM-16a,BETA-LACTAM,CARBAPENEM
blaNDM,subclass B1 metallo-beta-lactamase NDM-16b,BETA-LACTAM,CARBAPENEM
blaNDM,subclass B1 metallo-beta-lactamase NDM-17,BETA-LACTAM,CARBAPENEM
blaNDM,subclass B1 metallo-beta-lactamase NDM-18,BETA-LACTAM,CARBAPENEM
blaNDM,subclass B1 metallo-beta-lactamase NDM-19,BETA-LACTAM,CARBAPENEM
blaNDM,subclass B1 metallo-beta-lactamase NDM-1,BETA-LACTAM,CARBAPENEM
blaNDM,subclass B1 metallo-beta-lactamase NDM-20,BETA-LACTAM,CARBAPENEM
blaNDM,subclass B1 metallo-beta-lactamase NDM-21,BETA-LACTAM,CARBAPENEM
blaNDM,subclass B1 metallo-beta-lactamase NDM-22,BETA-LACTAM,CARBAPENEM
blaNDM,subclass B1 metallo-beta-lactamase NDM-23,BETA-LACTAM,CARBAPENEM
blaNDM,subclass B1 metallo-beta-lactamase NDM-24,BETA-LACTAM,CARBAPENEM
blaNDM,subclass B1 metallo-beta-lactamase NDM-25,BETA-LACTAM,CARBAPENEM
blaNDM,subclass B1 metallo-beta-lactamase NDM-26,BETA-LACTAM,CARBAPENEM
blaNDM,subclass B1 metallo-beta-lactamase NDM-27,BETA-LACTAM,CARBAPENEM
blaNDM,subclass B1 metallo-beta-lactamase NDM-28,BETA-LACTAM,CARBAPENEM
blaNDM,subclass B1 metallo-beta-lactamase NDM-29,BETA-LACTAM,CARBAPENEM
blaNDM,subclass B1 metallo-beta-lactamase NDM-2,BETA-LACTAM,CARBAPENEM
blaNDM,taniborbactam-resistant subclass B1 metallo-beta-lactamase NDM-30,BETA-LACTAM,CARBAPENEM/TANIBORBACTAM
blaNDM,subclass B1 metallo-beta-lactamase NDM-31,BETA-LACTAM,CARBAPENEM
blaNDM,subclass B1 metallo-beta-lactamase NDM-33,BETA-LACTAM,CARBAPENEM
blaNDM,subclass B1 metallo-beta-lactamase NDM-34,BETA-LACTAM,CARBAPENEM
blaNDM,subclass B1 metallo-beta-lactamase NDM-35,BETA-LACTAM,CARBAPENEM
blaNDM,subclass B1 metallo-beta-lactamase NDM-36,BETA-LACTAM,CARBAPENEM
blaNDM,subclass B1 metallo-beta-lactamase NDM-37,BETA-LACTAM,CARBAPENEM
blaNDM,subclass B1 metallo-beta-lactamase NDM-38,BETA-LACTAM,CARBAPENEM
blaNDM,subclass B1 metallo-beta-lactamase NDM-39,BETA-LACTAM,CARBAPENEM
blaNDM,subclass B1 metallo-beta-lactamase NDM-3,BETA-LACTAM,CARBAPENEM
blaNDM,subclass B1 metallo-beta-lactamase NDM-40,BETA-LACTAM,CARBAPENEM
blaNDM,subclass B1 metallo-beta-lactamase NDM-41,BETA-LACTAM,CARBAPENEM
blaNDM,subclass B1 metallo-beta-lactamase NDM-42,BETA-LACTAM,CARBAPENEM
blaNDM,subclass B1 metallo-beta-lactamase NDM-43,BETA-LACTAM,CARBAPENEM
blaNDM,subclass B1 metallo-beta-lactamase NDM-44,BETA-LACTAM,CARBAPENEM
blaNDM,subclass B1 metallo-beta-lactamase NDM-45,BETA-LACTAM,CARBAPENEM
blaNDM,subclass B1 metallo-beta-lactamase NDM-46,BETA-LACTAM,CARBAPENEM
blaNDM,subclass B1 metallo-beta-lactamase NDM-47,BETA-LACTAM,CARBAPENEM
blaNDM,subclass B1 metallo-beta-lactamase NDM-48,BETA-LACTAM,CARBAPENEM
blaNDM,subclass B1 metallo-beta-lactamase NDM-49,BETA-LACTAM,CARBAPENEM
blaNDM,subclass B1 metallo-beta-lactamase NDM-4,BETA-LACTAM,CARBAPENEM
blaNDM,subclass B1 metallo-beta-lactamase NDM-50,BETA-LACTAM,CARBAPENEM
blaNDM,subclass B1 metallo-beta-lactamase NDM-51,BETA-LACTAM,CARBAPENEM
blaNDM,subclass B1 metallo-beta-lactamase NDM-52,BETA-LACTAM,CARBAPENEM
blaNDM,subclass B1 metallo-beta-lactamase NDM-53,BETA-LACTAM,CARBAPENEM
blaNDM,subclass B1 metallo-beta-lactamase NDM-54,BETA-LACTAM,CARBAPENEM
blaNDM,subclass B1 metallo-beta-lactamase NDM-55,BETA-LACTAM,CARBAPENEM
blaNDM,subclass B1 metallo-beta-lactamase NDM-56,BETA-LACTAM,CARBAPENEM
blaNDM,subclass B1 metallo-beta-lactamase NDM-57,BETA-LACTAM,CARBAPENEM
blaNDM,subclass B1 metallo-beta-lactamase NDM-58,BETA-LACTAM,CARBAPENEM
blaNDM,subclass B1 metallo-beta-lactamase NDM-59,BETA-LACTAM,CARBAPENEM
blaNDM,subclass B1 metallo-beta-lactamase NDM-5,BETA-LACTAM,CARBAPENEM
blaNDM,subclass B1 metallo-beta-lactamase NDM-60,BETA-LACTAM,CARBAPENEM
blaNDM,subclass B1 metallo-beta-lactamase NDM-61,BETA-LACTAM,CARBAPENEM
blaNDM,subclass B1 metallo-beta-lactamase NDM-63,BETA-LACTAM,CARBAPENEM
blaNDM,subclass B1 metallo-beta-lactamase NDM-64,BETA-LACTAM,CARBAPENEM
blaNDM,subclass B1 metallo-beta-lactamase NDM-65,BETA-LACTAM,CARBAPENEM
blaNDM,subclass B1 metallo-beta-lactamase NDM-66,BETA-LACTAM,CARBAPENEM
blaNDM,subclass B1 metallo-beta-lactamase NDM-67,BETA-LACTAM,CARBAPENEM
blaNDM,subclass B1 metallo-beta-lactamase NDM-68,BETA-LACTAM,CARBAPENEM
blaNDM,subclass B1 metallo-beta-lactamase NDM-69,BETA-LACTAM,CARBAPENEM
blaNDM,subclass B1 metallo-beta-lactamase NDM-6,BETA-LACTAM,CARBAPENEM
blaNDM,subclass B1 metallo-beta-lactamase NDM-70,BETA-LACTAM,CARBAPENEM
blaNDM,subclass B1 metallo-beta-lactamase NDM-71,BETA-LACTAM,CARBAPENEM
blaNDM,subclass B1 metallo-beta-lactamase NDM-72,BETA-LACTAM,CARBAPENEM
blaNDM,subclass B1 metallo-beta-lactamase NDM-73,BETA-LACTAM,CARBAPENEM
blaNDM,subclass B1 metallo-beta-lactamase NDM-74,BETA-LACTAM,CARBAPENEM
blaNDM,subclass B1 metallo-beta-lactamase NDM-75,BETA-LACTAM,CARBAPENEM
blaNDM,subclass B1 metallo-beta-lactamase NDM-76,BETA-LACTAM,CARBAPENEM
blaNDM,subclass B1 metallo-beta-lactamase NDM-77,BETA-LACTAM,CARBAPENEM
blaNDM,subclass B1 metallo-beta-lactamase NDM-78,BETA-LACTAM,CARBAPENEM
blaNDM,subclass B1 metallo-beta-lactamase NDM-79,BETA-LACTAM,CARBAPENEM
blaNDM,subclass B1 metallo-beta-lactamase NDM-7,BETA-LACTAM,CARBAPENEM
blaNDM,subclass B1 metallo-beta-lactamase NDM-80,BETA-LACTAM,CARBAPENEM
blaNDM,subclass B1 metallo-beta-lactamase NDM-82,BETA-LACTAM,CARBAPENEM
blaNDM,subclass B1 metallo-beta-lactamase NDM-83,BETA-LACTAM,CARBAPENEM
blaNDM,subclass B1 metallo-beta-lactamase NDM-84,BETA-LACTAM,CARBAPENEM
blaNDM,subclass B1 metallo-beta-lactamase NDM-85,BETA-LACTAM,CARBAPENEM
blaNDM,subclass B1 metallo-beta-lactamase NDM-86,BETA-LACTAM,CARBAPENEM
blaNDM,subclass B1 metallo-beta-lactamase NDM-87,BETA-LACTAM,CARBAPENEM
blaNDM,subclass B1 metallo-beta-lactamase NDM-88,BETA-LACTAM,CARBAPENEM
blaNDM,subclass B1 metallo-beta-lactamase NDM-8,BETA-LACTAM,CARBAPENEM
blaNDM,taniborbactam-resistant subclass B1 metallo-beta-lactamase NDM-9,BETA-LACTAM,CARBAPENEM/TANIBORBACTAM
blaIMI,IMI family carbapenem-hydrolyzing class A beta-lactamase NMC-A,BETA-LACTAM,CARBAPENEM
blaNPS,oxacillin-hydrolyzing class D beta-lactamase NPS-1,BETA-LACTAM,BETA-LACTAM
blaNWM,subclass B3 metallo-beta-lactamase NWM-1,BETA-LACTAM,CARBAPENEM
blaOCH,extended-spectrum class C beta-lactamase OCH-1,BETA-LACTAM,CEPHALOSPORIN
blaOCH,extended-spectrum class C beta-lactamase OCH-2,BETA-LACTAM,CEPHALOSPORIN
blaOCH,extended-spectrum class C beta-lactamase OCH-3,BETA-LACTAM,CEPHALOSPORIN
blaOCH,extended-spectrum class C beta-lactamase OCH-4,BETA-LACTAM,CEPHALOSPORIN
blaOCH,extended-spectrum class C beta-lactamase OCH-5,BETA-LACTAM,CEPHALOSPORIN
blaOCH,extended-spectrum class C beta-lactamase OCH-6,BETA-LACTAM,CEPHALOSPORIN
blaOCH,extended-spectrum class C beta-lactamase OCH-7,BETA-LACTAM,CEPHALOSPORIN
blaOCH,extended-spectrum class C beta-lactamase OCH-8,BETA-LACTAM,CEPHALOSPORIN
blaOHIO,extended-spectrum class A beta-lactamase OHIO-1,BETA-LACTAM,CEPHALOSPORIN
blaOKP-A,OKP-A family broad-spectrum class A beta-lactamase OKP-A-100,BETA-LACTAM,BETA-LACTAM
blaOKP-A,OKP-A family broad-spectrum class A beta-lactamase OKP-A-101,BETA-LACTAM,BETA-LACTAM
blaOKP-A,OKP-A family broad-spectrum class A beta-lactamase OKP-A-102,BETA-LACTAM,BETA-LACTAM
blaOKP-A,OKP-A family broad-spectrum class A beta-lactamase OKP-A-103,BETA-LACTAM,BETA-LACTAM
blaOKP-A,OKP-A family broad-spectrum class A beta-lactamase OKP-A-104,BETA-LACTAM,BETA-LACTAM
blaOKP-A,OKP-A family broad-spectrum class A beta-lactamase OKP-A-105,BETA-LACTAM,BETA-LACTAM
blaOKP-A,OKP-A family broad-spectrum class A beta-lactamase OKP-A-106,BETA-LACTAM,BETA-LACTAM
blaOKP-A,OKP-A family broad-spectrum class A beta-lactamase OKP-A-107,BETA-LACTAM,BETA-LACTAM
blaOKP-A,OKP-A family broad-spectrum class A beta-lactamase OKP-A-108,BETA-LACTAM,BETA-LACTAM
blaOKP-A,OKP-A family broad-spectrum class A beta-lactamase OKP-A-109,BETA-LACTAM,BETA-LACTAM
blaOKP-A,broad-spectrum class A beta-lactamase OKP-A-10,BETA-LACTAM,BETA-LACTAM
blaOKP-A,OKP-A family broad-spectrum class A beta-lactamase OKP-A-110,BETA-LACTAM,BETA-LACTAM
blaOKP-A,OKP-A family broad-spectrum class A beta-lactamase OKP-A-111,BETA-LACTAM,BETA-LACTAM
blaOKP-A,OKP-A family broad-spectrum class A beta-lactamase OKP-A-112,BETA-LACTAM,BETA-LACTAM
blaOKP-A,OKP-A family broad-spectrum class A beta-lactamase OKP-A-113,BETA-LACTAM,BETA-LACTAM
blaOKP-A,OKP-A family broad-spectrum class A beta-lactamase OKP-A-114,BETA-LACTAM,BETA-LACTAM
blaOKP-A,OKP-A family broad-spectrum class A beta-lactamase OKP-A-115,BETA-LACTAM,BETA-LACTAM
blaOKP-A,OKP-A family broad-spectrum class A beta-lactamase OKP-A-116,BETA-LACTAM,BETA-LACTAM
blaOKP-A,OKP-A family broad-spectrum class A beta-lactamase OKP-A-117,BETA-LACTAM,BETA-LACTAM
blaOKP-A,broad-spectrum class A beta-lactamase OKP-A-11,BETA-LACTAM,BETA-LACTAM
blaOKP-A,broad-spectrum class A beta-lactamase OKP-A-12,BETA-LACTAM,BETA-LACTAM
blaOKP-A,broad-spectrum class A beta-lactamase OKP-A-13,BETA-LACTAM,BETA-LACTAM
blaOKP-A,broad-spectrum class A beta-lactamase OKP-A-14,BETA-LACTAM,BETA-LACTAM
blaOKP-A,broad-spectrum class A beta-lactamase OKP-A-15,BETA-LACTAM,BETA-LACTAM
blaOKP-A,broad-spectrum class A beta-lactamase OKP-A-16,BETA-LACTAM,BETA-LACTAM
blaOKP-A,broad-spectrum class A beta-lactamase OKP-A-17,BETA-LACTAM,BETA-LACTAM
blaOKP-A,broad-spectrum class A beta-lactamase OKP-A-1,BETA-LACTAM,BETA-LACTAM
blaOKP-A,broad-spectrum class A beta-lactamase OKP-A-2,BETA-LACTAM,BETA-LACTAM
blaOKP-A,OKP-A family broad-spectrum class A beta-lactamase OKP-A-39,BETA-LACTAM,BETA-LACTAM
blaOKP-A,broad-spectrum class A beta-lactamase OKP-A-3,BETA-LACTAM,BETA-LACTAM
blaOKP-A,OKP-A family broad-spectrum class A beta-lactamase OKP-A-40,BETA-LACTAM,BETA-LACTAM
blaOKP-A,OKP-A family broad-spectrum class A beta-lactamase OKP-A-41,BETA-LACTAM,BETA-LACTAM
blaOKP-A,OKP-A family broad-spectrum class A beta-lactamase OKP-A-42,BETA-LACTAM,BETA-LACTAM
blaOKP-A,OKP-A family broad-spectrum class A beta-lactamase OKP-A-43,BETA-LACTAM,BETA-LACTAM
blaOKP-A,OKP-A family broad-spectrum class A beta-lactamase OKP-A-44,BETA-LACTAM,BETA-LACTAM
blaOKP-A,OKP-A family broad-spectrum class A beta-lactamase OKP-A-45,BETA-LACTAM,BETA-LACTAM
blaOKP-A,OKP-A family broad-spectrum class A beta-lactamase OKP-A-46,BETA-LACTAM,BETA-LACTAM
blaOKP-A,OKP-A family broad-spectrum class A beta-lactamase OKP-A-47,BETA-LACTAM,BETA-LACTAM
blaOKP-A,OKP-A family broad-spectrum class A beta-lactamase OKP-A-48,BETA-LACTAM,BETA-LACTAM
blaOKP-A,OKP-A family broad-spectrum class A beta-lactamase OKP-A-49,BETA-LACTAM,BETA-LACTAM
blaOKP-A,broad-spectrum class A beta-lactamase OKP-A-4,BETA-LACTAM,BETA-LACTAM
blaOKP-A,OKP-A family broad-spectrum class A beta-lactamase OKP-A-50,BETA-LACTAM,BETA-LACTAM
blaOKP-A,OKP-A family broad-spectrum class A beta-lactamase OKP-A-51,BETA-LACTAM,BETA-LACTAM
blaOKP-A,OKP-A family broad-spectrum class A beta-lactamase OKP-A-52,BETA-LACTAM,BETA-LACTAM
blaOKP-A,OKP-A family broad-spectrum class A beta-lactamase OKP-A-53,BETA-LACTAM,BETA-LACTAM
blaOKP-A,OKP-A family broad-spectrum class A beta-lactamase OKP-A-54,BETA-LACTAM,BETA-LACTAM
blaOKP-A,OKP-A family broad-spectrum class A beta-lactamase OKP-A-55,BETA-LACTAM,BETA-LACTAM
blaOKP-A,OKP-A family broad-spectrum class A beta-lactamase OKP-A-56,BETA-LACTAM,BETA-LACTAM
blaOKP-A,OKP-A family broad-spectrum class A beta-lactamase OKP-A-57,BETA-LACTAM,BETA-LACTAM
blaOKP-A,OKP-A family broad-spectrum class A beta-lactamase OKP-A-58,BETA-LACTAM,BETA-LACTAM
blaOKP-A,broad-spectrum class A beta-lactamase OKP-A-5,BETA-LACTAM,BETA-LACTAM
blaOKP-A,OKP-A family broad-spectrum class A beta-lactamase OKP-A-60,BETA-LACTAM,BETA-LACTAM
blaOKP-A,OKP-A family broad-spectrum class A beta-lactamase OKP-A-62,BETA-LACTAM,BETA-LACTAM
blaOKP-A,OKP-A family broad-spectrum class A beta-lactamase OKP-A-63,BETA-LACTAM,BETA-LACTAM
blaOKP-A,OKP-A family broad-spectrum class A beta-lactamase OKP-A-64,BETA-LACTAM,BETA-LACTAM
blaOKP-A,OKP-A family broad-spectrum class A beta-lactamase OKP-A-65,BETA-LACTAM,BETA-LACTAM
blaOKP-A,OKP-A family broad-spectrum class A beta-lactamase OKP-A-66,BETA-LACTAM,BETA-LACTAM
blaOKP-A,OKP-A family broad-spectrum class A beta-lactamase OKP-A-67,BETA-LACTAM,BETA-LACTAM
blaOKP-A,OKP-A family broad-spectrum class A beta-lactamase OKP-A-68,BETA-LACTAM,BETA-LACTAM
blaOKP-A,OKP-A family broad-spectrum class A beta-lactamase OKP-A-69,BETA-LACTAM,BETA-LACTAM
blaOKP-A,broad-spectrum class A beta-lactamase OKP-A-6,BETA-LACTAM,BETA-LACTAM
blaOKP-A,OKP-A family broad-spectrum class A beta-lactamase OKP-A-70,BETA-LACTAM,BETA-LACTAM
blaOKP-A,OKP-A family broad-spectrum class A beta-lactamase OKP-A-71,BETA-LACTAM,BETA-LACTAM
blaOKP-A,OKP-A family broad-spectrum class A beta-lactamase OKP-A-72,BETA-LACTAM,BETA-LACTAM
blaOKP-A,OKP-A family broad-spectrum class A beta-lactamase OKP-A-73,BETA-LACTAM,BETA-LACTAM
blaOKP-A,OKP-A family broad-spectrum class A beta-lactamase OKP-A-74,BETA-LACTAM,BETA-LACTAM
blaOKP-A,OKP-A family broad-spectrum class A beta-lactamase OKP-A-75,BETA-LACTAM,BETA-LACTAM
blaOKP-A,OKP-A family broad-spectrum class A beta-lactamase OKP-A-76,BETA-LACTAM,BETA-LACTAM
blaOKP-A,OKP-A family broad-spectrum class A beta-lactamase OKP-A-77,BETA-LACTAM,BETA-LACTAM
blaOKP-A,OKP-A family broad-spectrum class A beta-lactamase OKP-A-78,BETA-LACTAM,BETA-LACTAM
blaOKP-A,OKP-A family broad-spectrum class A beta-lactamase OKP-A-79,BETA-LACTAM,BETA-LACTAM
blaOKP-A,broad-spectrum class A beta-lactamase OKP-A-7,BETA-LACTAM,BETA-LACTAM
blaOKP-A,OKP-A family broad-spectrum class A beta-lactamase OKP-A-80,BETA-LACTAM,BETA-LACTAM
blaOKP-A,OKP-A family broad-spectrum class A beta-lactamase OKP-A-81,BETA-LACTAM,BETA-LACTAM
blaOKP-A,OKP-A family broad-spectrum class A beta-lactamase OKP-A-82,BETA-LACTAM,BETA-LACTAM
blaOKP-A,OKP-A family broad-spectrum class A beta-lactamase OKP-A-83,BETA-LACTAM,BETA-LACTAM
blaOKP-A,OKP-A family broad-spectrum class A beta-lactamase OKP-A-84,BETA-LACTAM,BETA-LACTAM
blaOKP-A,OKP-A family broad-spectrum class A beta-lactamase OKP-A-85,BETA-LACTAM,BETA-LACTAM
blaOKP-A,OKP-A family broad-spectrum class A beta-lactamase OKP-A-86,BETA-LACTAM,BETA-LACTAM
blaOKP-A,OKP-A family broad-spectrum class A beta-lactamase OKP-A-87,BETA-LACTAM,BETA-LACTAM
blaOKP-A,OKP-A family broad-spectrum class A beta-lactamase OKP-A-88,BETA-LACTAM,BETA-LACTAM
blaOKP-A,OKP-A family broad-spectrum class A beta-lactamase OKP-A-89,BETA-LACTAM,BETA-LACTAM
blaOKP-A,broad-spectrum class A beta-lactamase OKP-A-8,BETA-LACTAM,BETA-LACTAM
blaOKP-A,OKP-A family broad-spectrum class A beta-lactamase OKP-A-90,BETA-LACTAM,BETA-LACTAM
blaOKP-A,OKP-A family broad-spectrum class A beta-lactamase OKP-A-92,BETA-LACTAM,BETA-LACTAM
blaOKP-A,OKP-A family broad-spectrum class A beta-lactamase OKP-A-93,BETA-LACTAM,BETA-LACTAM
blaOKP-A,OKP-A family broad-spectrum class A beta-lactamase OKP-A-94,BETA-LACTAM,BETA-LACTAM
blaOKP-A,OKP-A family broad-spectrum class A beta-lactamase OKP-A-96,BETA-LACTAM,BETA-LACTAM
blaOKP-A,OKP-A family broad-spectrum class A beta-lactamase OKP-A-97,BETA-LACTAM,BETA-LACTAM
blaOKP-A,OKP-A family broad-spectrum class A beta-lactamase OKP-A-98,BETA-LACTAM,BETA-LACTAM
blaOKP-A,OKP-A family broad-spectrum class A beta-lactamase OKP-A-99,BETA-LACTAM,BETA-LACTAM
blaOKP-A,broad-spectrum class A beta-lactamase OKP-A-9,BETA-LACTAM,BETA-LACTAM
blaOKP-B,OKP-B family broad-spectrum class A beta-lactamase OKP-B-100,BETA-LACTAM,BETA-LACTAM
blaOKP-B,OKP-B family broad-spectrum class A beta-lactamase OKP-B-101,BETA-LACTAM,BETA-LACTAM
blaOKP-B,OKP-B family broad-spectrum class A beta-lactamase OKP-B-102,BETA-LACTAM,BETA-LACTAM
blaOKP-B,OKP-B family broad-spectrum class A beta-lactamase OKP-B-103,BETA-LACTAM,BETA-LACTAM
blaOKP-B,OKP-B family broad-spectrum class A beta-lactamase OKP-B-104,BETA-LACTAM,BETA-LACTAM
blaOKP-B,OKP-B family broad-spectrum class A beta-lactamase OKP-B-105,BETA-LACTAM,BETA-LACTAM
blaOKP-B,OKP-B family broad-spectrum class A beta-lactamase OKP-B-106,BETA-LACTAM,BETA-LACTAM
blaOKP-B,OKP-B family broad-spectrum class A beta-lactamase OKP-B-107,BETA-LACTAM,BETA-LACTAM
blaOKP-B,OKP-B family broad-spectrum class A beta-lactamase OKP-B-108,BETA-LACTAM,BETA-LACTAM
blaOKP-B,OKP-B family broad-spectrum class A beta-lactamase OKP-B-109,BETA-LACTAM,BETA-LACTAM
blaOKP-B,broad-spectrum class A beta-lactamase OKP-B-10,BETA-LACTAM,BETA-LACTAM
blaOKP-B,OKP-B family broad-spectrum class A beta-lactamase OKP-B-110,BETA-LACTAM,BETA-LACTAM
blaOKP-B,OKP-B family broad-spectrum class A beta-lactamase OKP-B-111,BETA-LACTAM,BETA-LACTAM
blaOKP-B,OKP-B family broad-spectrum class A beta-lactamase OKP-B-112,BETA-LACTAM,BETA-LACTAM
blaOKP-B,OKP-B family broad-spectrum class A beta-lactamase OKP-B-113,BETA-LACTAM,BETA-LACTAM
blaOKP-B,OKP-B family broad-spectrum class A beta-lactamase OKP-B-114,BETA-LACTAM,BETA-LACTAM
blaOKP-B,OKP-B family broad-spectrum class A beta-lactamase OKP-B-115,BETA-LACTAM,BETA-LACTAM
blaOKP-B,OKP-B family broad-spectrum class A beta-lactamase OKP-B-116,BETA-LACTAM,BETA-LACTAM
blaOKP-B,OKP-B family broad-spectrum class A beta-lactamase OKP-B-117,BETA-LACTAM,BETA-LACTAM
blaOKP-B,OKP-B family broad-spectrum class A beta-lactamase OKP-B-118,BETA-LACTAM,BETA-LACTAM
blaOKP-B,OKP-B family broad-spectrum class A beta-lactamase OKP-B-119,BETA-LACTAM,BETA-LACTAM
blaOKP-B,broad-spectrum class A beta-lactamase OKP-B-11,BETA-LACTAM,BETA-LACTAM
blaOKP-B,OKP-B family broad-spectrum class A beta-lactamase OKP-B-120,BETA-LACTAM,BETA-LACTAM
blaOKP-B,OKP-B family broad-spectrum class A beta-lactamase OKP-B-121,BETA-LACTAM,BETA-LACTAM
blaOKP-B,OKP-B family broad-spectrum class A beta-lactamase OKP-B-122,BETA-LACTAM,BETA-LACTAM
blaOKP-B,OKP-B family broad-spectrum class A beta-lactamase OKP-B-123,BETA-LACTAM,BETA-LACTAM
blaOKP-B,OKP-B family broad-spectrum class A beta-lactamase OKP-B-125,BETA-LACTAM,BETA-LACTAM
blaOKP-B,OKP-B family broad-spectrum class A beta-lactamase OKP-B-126,BETA-LACTAM,BETA-LACTAM
blaOKP-B,OKP-B family broad-spectrum class A beta-lactamase OKP-B-127,BETA-LACTAM,BETA-LACTAM
blaOKP-B,OKP-B family broad-spectrum class A beta-lactamase OKP-B-128,BETA-LACTAM,BETA-LACTAM
blaOKP-B,OKP-B family broad-spectrum class A beta-lactamase OKP-B-129,BETA-LACTAM,BETA-LACTAM
blaOKP-B,OKP-B family broad-spectrum class A beta-lactamase OKP-B-130,BETA-LACTAM,BETA-LACTAM
blaOKP-B,OKP-B family broad-spectrum class A beta-lactamase OKP-B-131,BETA-LACTAM,BETA-LACTAM
blaOKP-B,OKP-B family broad-spectrum class A beta-lactamase OKP-B-132,BETA-LACTAM,BETA-LACTAM
blaOKP-B,OKP-B family broad-spectrum class A beta-lactamase OKP-B-133,BETA-LACTAM,BETA-LACTAM
blaOKP-B,OKP-B family broad-spectrum class A beta-lactamase OKP-B-134,BETA-LACTAM,BETA-LACTAM
blaOKP-B,OKP-B family broad-spectrum class A beta-lactamase OKP-B-135,BETA-LACTAM,BETA-LACTAM
blaOKP-B,OKP-B family broad-spectrum class A beta-lactamase OKP-B-136,BETA-LACTAM,BETA-LACTAM
blaOKP-B,OKP-B family broad-spectrum class A beta-lactamase OKP-B-137,BETA-LACTAM,BETA-LACTAM
blaOKP-B,OKP-B family broad-spectrum class A beta-lactamase OKP-B-138,BETA-LACTAM,BETA-LACTAM
blaOKP-B,OKP-B family broad-spectrum class A beta-lactamase OKP-B-139,BETA-LACTAM,BETA-LACTAM
blaOKP-B,broad-spectrum class A beta-lactamase OKP-B-13,BETA-LACTAM,BETA-LACTAM
blaOKP-B,OKP-B family broad-spectrum class A beta-lactamase OKP-B-140,BETA-LACTAM,BETA-LACTAM
blaOKP-B,OKP-B family broad-spectrum class A beta-lactamase OKP-B-141,BETA-LACTAM,BETA-LACTAM
blaOKP-B,OKP-B family broad-spectrum class A beta-lactamase OKP-B-142,BETA-LACTAM,BETA-LACTAM
blaOKP-B,OKP-B family broad-spectrum class A beta-lactamase OKP-B-143,BETA-LACTAM,BETA-LACTAM
blaOKP-B,OKP-B family broad-spectrum class A beta-lactamase OKP-B-144,BETA-LACTAM,BETA-LACTAM
blaOKP-B,OKP-B family broad-spectrum class A beta-lactamase OKP-B-145,BETA-LACTAM,BETA-LACTAM
blaOKP-B,OKP-B family broad-spectrum class A beta-lactamase OKP-B-147,BETA-LACTAM,BETA-LACTAM
blaOKP-B,OKP-B family broad-spectrum class A beta-lactamase OKP-B-148,BETA-LACTAM,BETA-LACTAM
blaOKP-B,OKP-B family broad-spectrum class A beta-lactamase OKP-B-149,BETA-LACTAM,BETA-LACTAM
blaOKP-B,OKP-B family broad-spectrum class A beta-lactamase OKP-B-151,BETA-LACTAM,BETA-LACTAM
blaOKP-B,OKP-B family broad-spectrum class A beta-lactamase OKP-B-153,BETA-LACTAM,BETA-LACTAM
blaOKP-B,OKP-B family broad-spectrum class A beta-lactamase OKP-B-154,BETA-LACTAM,BETA-LACTAM
blaOKP-B,OKP-B family broad-spectrum class A beta-lactamase OKP-B-155,BETA-LACTAM,BETA-LACTAM
blaOKP-B,OKP-B family broad-spectrum class A beta-lactamase OKP-B-156,BETA-LACTAM,BETA-LACTAM
blaOKP-B,OKP-B family broad-spectrum class A beta-lactamase OKP-B-157,BETA-LACTAM,BETA-LACTAM
blaOKP-B,OKP-B family broad-spectrum class A beta-lactamase OKP-B-159,BETA-LACTAM,BETA-LACTAM
blaOKP-B,OKP-B family broad-spectrum class A beta-lactamase OKP-B-160,BETA-LACTAM,BETA-LACTAM
blaOKP-B,OKP-B family broad-spectrum class A beta-lactamase OKP-B-161,BETA-LACTAM,BETA-LACTAM
blaOKP-B,OKP-B family broad-spectrum class A beta-lactamase OKP-B-162,BETA-LACTAM,BETA-LACTAM
blaOKP-B,OKP-B family broad-spectrum class A beta-lactamase OKP-B-163,BETA-LACTAM,BETA-LACTAM
blaOKP-B,OKP-B family broad-spectrum class A beta-lactamase OKP-B-164,BETA-LACTAM,BETA-LACTAM
blaOKP-B,OKP-B family broad-spectrum class A beta-lactamase OKP-B-166,BETA-LACTAM,BETA-LACTAM
blaOKP-B,OKP-B family broad-spectrum class A beta-lactamase OKP-B-168,BETA-LACTAM,BETA-LACTAM
blaOKP-B,OKP-B family broad-spectrum class A beta-lactamase OKP-B-169,BETA-LACTAM,BETA-LACTAM
blaOKP-B,broad-spectrum class A beta-lactamase OKP-B-16,BETA-LACTAM,BETA-LACTAM
blaOKP-B,OKP-B family broad-spectrum class A beta-lactamase OKP-B-170,BETA-LACTAM,BETA-LACTAM
blaOKP-B,OKP-B family broad-spectrum class A beta-lactamase OKP-B-171,BETA-LACTAM,BETA-LACTAM
blaOKP-B,OKP-B family broad-spectrum class A beta-lactamase OKP-B-172,BETA-LACTAM,BETA-LACTAM
blaOKP-B,OKP-B family broad-spectrum class A beta-lactamase OKP-B-173,BETA-LACTAM,BETA-LACTAM
blaOKP-B,OKP-B family broad-spectrum class A beta-lactamase OKP-B-174,BETA-LACTAM,BETA-LACTAM
blaOKP-B,OKP-B family broad-spectrum class A beta-lactamase OKP-B-175,BETA-LACTAM,BETA-LACTAM
blaOKP-B,OKP-B family broad-spectrum class A beta-lactamase OKP-B-176,BETA-LACTAM,BETA-LACTAM
blaOKP-B,OKP-B family broad-spectrum class A beta-lactamase OKP-B-177,BETA-LACTAM,BETA-LACTAM
blaOKP-B,OKP-B family broad-spectrum class A beta-lactamase OKP-B-178,BETA-LACTAM,BETA-LACTAM
blaOKP-B,OKP-B family broad-spectrum class A beta-lactamase OKP-B-179,BETA-LACTAM,BETA-LACTAM
blaOKP-B,broad-spectrum class A beta-lactamase OKP-B-17,BETA-LACTAM,BETA-LACTAM
blaOKP-B,OKP-B family broad-spectrum class A beta-lactamase OKP-B-180,BETA-LACTAM,BETA-LACTAM
blaOKP-B,OKP-B family broad-spectrum class A beta-lactamase OKP-B-181,BETA-LACTAM,BETA-LACTAM
blaOKP-B,OKP-B family broad-spectrum class A beta-lactamase OKP-B-182,BETA-LACTAM,BETA-LACTAM
blaOKP-B,OKP-B family broad-spectrum class A beta-lactamase OKP-B-183,BETA-LACTAM,BETA-LACTAM
blaOKP-B,OKP-B family broad-spectrum class A beta-lactamase OKP-B-184,BETA-LACTAM,BETA-LACTAM
blaOKP-B,OKP-B family broad-spectrum class A beta-lactamase OKP-B-185,BETA-LACTAM,BETA-LACTAM
blaOKP-B,OKP-B family broad-spectrum class A beta-lactamase OKP-B-186,BETA-LACTAM,BETA-LACTAM
blaOKP-B,OKP-B family broad-spectrum class A beta-lactamase OKP-B-187,BETA-LACTAM,BETA-LACTAM
blaOKP-B,OKP-B family broad-spectrum class A beta-lactamase OKP-B-188,BETA-LACTAM,BETA-LACTAM
blaOKP-B,OKP-B family broad-spectrum class A beta-lactamase OKP-B-189,BETA-LACTAM,BETA-LACTAM
blaOKP-B,broad-spectrum class A beta-lactamase OKP-B-18,BETA-LACTAM,BETA-LACTAM
blaOKP-B,OKP-B family broad-spectrum class A beta-lactamase OKP-B-190,BETA-LACTAM,BETA-LACTAM
blaOKP-B,OKP-B family broad-spectrum class A beta-lactamase OKP-B-192,BETA-LACTAM,BETA-LACTAM
blaOKP-B,OKP-B family broad-spectrum class A beta-lactamase OKP-B-193,BETA-LACTAM,BETA-LACTAM
blaOKP-B,OKP-B family broad-spectrum class A beta-lactamase OKP-B-194,BETA-LACTAM,BETA-LACTAM
blaOKP-B,OKP-B family broad-spectrum class A beta-lactamase OKP-B-195,BETA-LACTAM,BETA-LACTAM
blaOKP-B,OKP-B family broad-spectrum class A beta-lactamase OKP-B-196,BETA-LACTAM,BETA-LACTAM
blaOKP-B,OKP-B family broad-spectrum class A beta-lactamase OKP-B-197,BETA-LACTAM,BETA-LACTAM
blaOKP-B,OKP-B family broad-spectrum class A beta-lactamase OKP-B-198,BETA-LACTAM,BETA-LACTAM
blaOKP-B,OKP-B family broad-spectrum class A beta-lactamase OKP-B-199,BETA-LACTAM,BETA-LACTAM
blaOKP-B,broad-spectrum class A beta-lactamase OKP-B-19,BETA-LACTAM,BETA-LACTAM
blaOKP-B,broad-spectrum class A beta-lactamase OKP-B-1,BETA-LACTAM,BETA-LACTAM
blaOKP-B,OKP-B family broad-spectrum class A beta-lactamase OKP-B-200,BETA-LACTAM,BETA-LACTAM
blaOKP-B,OKP-B family broad-spectrum class A beta-lactamase OKP-B-201,BETA-LACTAM,BETA-LACTAM
blaOKP-B,broad-spectrum class A beta-lactamase OKP-B-20,BETA-LACTAM,BETA-LACTAM
blaOKP-B,broad-spectrum class A beta-lactamase OKP-B-21,BETA-LACTAM,BETA-LACTAM
blaOKP-B,broad-spectrum class A beta-lactamase OKP-B-22,BETA-LACTAM,BETA-LACTAM
blaOKP-B,broad-spectrum class A beta-lactamase OKP-B-23,BETA-LACTAM,BETA-LACTAM
blaOKP-B,broad-spectrum class A beta-lactamase OKP-B-24,BETA-LACTAM,BETA-LACTAM
blaOKP-B,broad-spectrum class A beta-lactamase OKP-B-2,BETA-LACTAM,BETA-LACTAM
blaOKP-B,broad-spectrum class A beta-lactamase OKP-B-34,BETA-LACTAM,BETA-LACTAM
blaOKP-B,broad-spectrum class A beta-lactamase OKP-B-36,BETA-LACTAM,BETA-LACTAM
blaOKP-B,broad-spectrum class A beta-lactamase OKP-B-3,BETA-LACTAM,BETA-LACTAM
blaOKP-B,broad-spectrum class A beta-lactamase OKP-B-40,BETA-LACTAM,BETA-LACTAM
blaOKP-B,broad-spectrum class A beta-lactamase OKP-B-41,BETA-LACTAM,BETA-LACTAM
blaOKP-B,broad-spectrum class A beta-lactamase OKP-B-45,BETA-LACTAM,BETA-LACTAM
blaOKP-B,broad-spectrum class A beta-lactamase OKP-B-4,BETA-LACTAM,BETA-LACTAM
blaOKP-B,broad-spectrum class A beta-lactamase OKP-B-5,BETA-LACTAM,BETA-LACTAM
blaOKP-B,OKP-B family broad-spectrum class A beta-lactamase OKP-B-62,BETA-LACTAM,BETA-LACTAM
blaOKP-B,OKP-B family broad-spectrum class A beta-lactamase OKP-B-63,BETA-LACTAM,BETA-LACTAM
blaOKP-B,OKP-B family broad-spectrum class A beta-lactamase OKP-B-64,BETA-LACTAM,BETA-LACTAM
blaOKP-B,OKP-B family broad-spectrum class A beta-lactamase OKP-B-65,BETA-LACTAM,BETA-LACTAM
blaOKP-B,OKP-B family broad-spectrum class A beta-lactamase OKP-B-66,BETA-LACTAM,BETA-LACTAM
blaOKP-B,OKP-B family broad-spectrum class A beta-lactamase OKP-B-67,BETA-LACTAM,BETA-LACTAM
blaOKP-B,OKP-B family broad-spectrum class A beta-lactamase OKP-B-68,BETA-LACTAM,BETA-LACTAM
blaOKP-B,OKP-B family broad-spectrum class A beta-lactamase OKP-B-69,BETA-LACTAM,BETA-LACTAM
blaOKP-B,broad-spectrum class A beta-lactamase OKP-B-6,BETA-LACTAM,BETA-LACTAM
blaOKP-B,OKP-B family broad-spectrum class A beta-lactamase OKP-B-70,BETA-LACTAM,BETA-LACTAM
blaOKP-B,OKP-B family broad-spectrum class A beta-lactamase OKP-B-71,BETA-LACTAM,BETA-LACTAM
blaOKP-B,OKP-B family broad-spectrum class A beta-lactamase OKP-B-72,BETA-LACTAM,BETA-LACTAM
blaOKP-B,OKP-B family broad-spectrum class A beta-lactamase OKP-B-73,BETA-LACTAM,BETA-LACTAM
blaOKP-B,OKP-B family broad-spectrum class A beta-lactamase OKP-B-76,BETA-LACTAM,BETA-LACTAM
blaOKP-B,OKP-B family broad-spectrum class A beta-lactamase OKP-B-77,BETA-LACTAM,BETA-LACTAM
blaOKP-B,OKP-B family broad-spectrum class A beta-lactamase OKP-B-78,BETA-LACTAM,BETA-LACTAM
blaOKP-B,OKP-B family broad-spectrum class A beta-lactamase OKP-B-79,BETA-LACTAM,BETA-LACTAM
blaOKP-B,broad-spectrum class A beta-lactamase OKP-B-7,BETA-LACTAM,BETA-LACTAM
blaOKP-B,OKP-B family broad-spectrum class A beta-lactamase OKP-B-80,BETA-LACTAM,BETA-LACTAM
blaOKP-B,OKP-B family broad-spectrum class A beta-lactamase OKP-B-81,BETA-LACTAM,BETA-LACTAM
blaOKP-B,OKP-B family broad-spectrum class A beta-lactamase OKP-B-82,BETA-LACTAM,BETA-LACTAM
blaOKP-B,OKP-B family broad-spectrum class A beta-lactamase OKP-B-83,BETA-LACTAM,BETA-LACTAM
blaOKP-B,OKP-B family broad-spectrum class A beta-lactamase OKP-B-84,BETA-LACTAM,BETA-LACTAM
blaOKP-B,OKP-B family broad-spectrum class A beta-lactamase OKP-B-85,BETA-LACTAM,BETA-LACTAM
blaOKP-B,OKP-B family broad-spectrum class A beta-lactamase OKP-B-86,BETA-LACTAM,BETA-LACTAM
blaOKP-B,OKP-B family broad-spectrum class A beta-lactamase OKP-B-87,BETA-LACTAM,BETA-LACTAM
blaOKP-B,OKP-B family broad-spectrum class A beta-lactamase OKP-B-88,BETA-LACTAM,BETA-LACTAM
blaOKP-B,OKP-B family broad-spectrum class A beta-lactamase OKP-B-89,BETA-LACTAM,BETA-LACTAM
blaOKP-B,broad-spectrum class A beta-lactamase OKP-B-8,BETA-LACTAM,BETA-LACTAM
blaOKP-B,OKP-B family broad-spectrum class A beta-lactamase OKP-B-90,BETA-LACTAM,BETA-LACTAM
blaOKP-B,OKP-B family broad-spectrum class A beta-lactamase OKP-B-91,BETA-LACTAM,BETA-LACTAM
blaOKP-B,OKP-B family broad-spectrum class A beta-lactamase OKP-B-92,BETA-LACTAM,BETA-LACTAM
blaOKP-B,OKP-B family broad-spectrum class A beta-lactamase OKP-B-93,BETA-LACTAM,BETA-LACTAM
blaOKP-B,OKP-B family broad-spectrum class A beta-lactamase OKP-B-94,BETA-LACTAM,BETA-LACTAM
blaOKP-B,OKP-B family broad-spectrum class A beta-lactamase OKP-B-95,BETA-LACTAM,BETA-LACTAM
blaOKP-B,OKP-B family broad-spectrum class A beta-lactamase OKP-B-96,BETA-LACTAM,BETA-LACTAM
blaOKP-B,OKP-B family broad-spectrum class A beta-lactamase OKP-B-97,BETA-LACTAM,BETA-LACTAM
blaOKP-B,OKP-B family broad-spectrum class A beta-lactamase OKP-B-98,BETA-LACTAM,BETA-LACTAM
blaOKP-B,OKP-B family broad-spectrum class A beta-lactamase OKP-B-99,BETA-LACTAM,BETA-LACTAM
blaOKP-B,broad-spectrum class A beta-lactamase OKP-B-9,BETA-LACTAM,BETA-LACTAM
blaOKP-C,broad-spectrum class A beta-lactamase OKP-C-1,BETA-LACTAM,BETA-LACTAM
blaOKP-D,broad-spectrum class A beta-lactamase OKP-D-1,BETA-LACTAM,BETA-LACTAM
blaOKP-D,OKP-D family broad-spectrum class A beta-lactamase OKP-D-2,BETA-LACTAM,BETA-LACTAM
blaOKP-D,OKP-D family broad-spectrum class A beta-lactamase OKP-D-3,BETA-LACTAM,BETA-LACTAM
blaOKP-D,OKP-D family broad-spectrum class A beta-lactamase OKP-D-4,BETA-LACTAM,BETA-LACTAM
blaOKP-D,OKP-D family broad-spectrum class A beta-lactamase OKP-D-5,BETA-LACTAM,BETA-LACTAM
blaOKP-D,OKP-D family broad-spectrum class A beta-lactamase OKP-D-6,BETA-LACTAM,BETA-LACTAM
blaOKP-D,OKP-D family broad-spectrum class A beta-lactamase OKP-D-7,BETA-LACTAM,BETA-LACTAM
blaOKP-D,OKP-D family broad-spectrum class A beta-lactamase OKP-D-8,BETA-LACTAM,BETA-LACTAM
blaORN,broad-spectrum class A beta-lactamase ORN-1,BETA-LACTAM,CEPHALOSPORIN
blaORN,class A beta-lactamase ORN-2,BETA-LACTAM,BETA-LACTAM
blaORN,class A beta-lactamase ORN-3,BETA-LACTAM,BETA-LACTAM
blaORN,class A beta-lactamase ORN-4,BETA-LACTAM,BETA-LACTAM
blaORN,class A beta-lactamase ORN-5,BETA-LACTAM,BETA-LACTAM
blaORN,class A beta-lactamase ORN-6,BETA-LACTAM,BETA-LACTAM
blaORR,subclass B1 metallo-beta-lactamase ORR-1,BETA-LACTAM,CARBAPENEM
blaOXA,OXA-213 family carbapenem-hydrolyzing class D beta-lactamase OXA-1000,BETA-LACTAM,CARBAPENEM
blaOXA,OXA-229 family carbapenem-hydrolyzing class D beta-lactamase OXA-1001,BETA-LACTAM,CARBAPENEM
blaOXA,OXA-213 family carbapenem-hydrolyzing class D beta-lactamase OXA-1002,BETA-LACTAM,CARBAPENEM
blaOXA,OXA-213 family carbapenem-hydrolyzing class D beta-lactamase OXA-1003,BETA-LACTAM,CARBAPENEM
blaOXA,OXA-294 family class D beta-lactamase OXA-1004,BETA-LACTAM,BETA-LACTAM
blaOXA,OXA-134 family carbapenem-hydrolyzing class D beta-lactamase OXA-1005,BETA-LACTAM,CARBAPENEM
blaOXA,class D beta-lactamase OXA-1006,BETA-LACTAM,BETA-LACTAM
blaOXA,OXA-213 family carbapenem-hydrolyzing class D beta-lactamase OXA-1007,BETA-LACTAM,CARBAPENEM
blaOXA,OXA-213 family carbapenem-hydrolyzing class D beta-lactamase OXA-1008,BETA-LACTAM,CARBAPENEM
blaOXA,OXA-213 family carbapenem-hydrolyzing class D beta-lactamase OXA-1009,BETA-LACTAM,CARBAPENEM
blaOXA,OXA-51 family carbapenem-hydrolyzing class D beta-lactamase OXA-100,BETA-LACTAM,CARBAPENEM
blaOXA,OXA-213 family carbapenem-hydrolyzing class D beta-lactamase OXA-1010,BETA-LACTAM,CARBAPENEM
blaOXA,class D beta-lactamase OXA-1011,BETA-LACTAM,BETA-LACTAM
blaOXA,OXA-48 family class D beta-lactamase OXA-1012,BETA-LACTAM,CEPHALOSPORIN
blaOXA,OXA-51 family carbapenem-hydrolyzing class D beta-lactamase OXA-1013,BETA-LACTAM,CARBAPENEM
blaOXA,OXA-50 family oxacillin-hydrolyzing class D beta-lactamase OXA-1014,BETA-LACTAM,BETA-LACTAM
blaOXA,OXA-10 family class D beta-lactamase OXA-1015,BETA-LACTAM,BETA-LACTAM
blaOXA,OXA-372 family carbapenem-hydrolyzing class D beta-lactamase OXA-1016,BETA-LACTAM,CARBAPENEM
blaOXA,OXA-2 family class D beta-lactamase OXA-1017,BETA-LACTAM,BETA-LACTAM
blaOXA,OXA-50 family oxacillin-hydrolyzing class D beta-lactamase OXA-1018,BETA-LACTAM,BETA-LACTAM
blaOXA,OXA-50 family oxacillin-hydrolyzing class D beta-lactamase OXA-1019,BETA-LACTAM,BETA-LACTAM
blaOXA,OXA-10 family class D beta-lactamase OXA-101,BETA-LACTAM,CEPHALOSPORIN
blaOXA,OXA-50 family oxacillin-hydrolyzing class D beta-lactamase OXA-1020,BETA-LACTAM,BETA-LACTAM
blaOXA,OXA-50 family oxacillin-hydrolyzing class D beta-lactamase OXA-1021,BETA-LACTAM,BETA-LACTAM
blaOXA,OXA-50 family oxacillin-hydrolyzing class D beta-lactamase OXA-1022,BETA-LACTAM,BETA-LACTAM
blaOXA,OXA-50 family oxacillin-hydrolyzing class D beta-lactamase OXA-1023,BETA-LACTAM,BETA-LACTAM
blaOXA,OXA-50 family oxacillin-hydrolyzing class D beta-lactamase OXA-1024,BETA-LACTAM,BETA-LACTAM
blaOXA,OXA-50 family oxacillin-hydrolyzing class D beta-lactamase OXA-1025,BETA-LACTAM,BETA-LACTAM
blaOXA,OXA-50 family oxacillin-hydrolyzing class D beta-lactamase OXA-1026,BETA-LACTAM,BETA-LACTAM
blaOXA,OXA-50 family oxacillin-hydrolyzing class D beta-lactamase OXA-1027,BETA-LACTAM,BETA-LACTAM
blaOXA,OXA-50 family oxacillin-hydrolyzing class D beta-lactamase OXA-1028,BETA-LACTAM,BETA-LACTAM
blaOXA,OXA-50 family oxacillin-hydrolyzing class D beta-lactamase OXA-1029,BETA-LACTAM,BETA-LACTAM
blaOXA,OXA-50 family oxacillin-hydrolyzing class D beta-lactamase OXA-1030,BETA-LACTAM,BETA-LACTAM
blaOXA,OXA-50 family oxacillin-hydrolyzing class D beta-lactamase OXA-1031,BETA-LACTAM,BETA-LACTAM
blaOXA,OXA-50 family oxacillin-hydrolyzing class D beta-lactamase OXA-1032,BETA-LACTAM,BETA-LACTAM
blaOXA,OXA-50 family oxacillin-hydrolyzing class D beta-lactamase OXA-1033,BETA-LACTAM,BETA-LACTAM
blaOXA,OXA-50 family oxacillin-hydrolyzing class D beta-lactamase OXA-1034,BETA-LACTAM,BETA-LACTAM
blaOXA,OXA-50 family oxacillin-hydrolyzing class D beta-lactamase OXA-1035,BETA-LACTAM,BETA-LACTAM
blaOXA,carbapenem-hydrolyzing class D beta-lactamase OXA-1036,BETA-LACTAM,CARBAPENEM
blaOXA,class D beta-lactamase OXA-1037,BETA-LACTAM,BETA-LACTAM
blaOXA,OXA-48 family carbapenem-hydrolyzing class D beta-lactamase OXA-1038,BETA-LACTAM,CEPHALOSPORIN
blaOXA,OXA-48 family carbapenem-hydrolyzing class D beta-lactamase OXA-1039,BETA-LACTAM,CEPHALOSPORIN
blaOXA,OXA-23 family carbapenem-hydrolyzing class D beta-lactamase OXA-103,BETA-LACTAM,CARBAPENEM
blaOXA,OXA-24 family carbapenem-hydrolyzing class D beta-lactamase OXA-1040,BETA-LACTAM,CARBAPENEM
blaOXA,carbapenem-hydrolyzing class D beta-lactamase OXA-1041,BETA-LACTAM,CARBAPENEM
blaOXA,OXA-1 family class D beta-lactamase OXA-1042,BETA-LACTAM,BETA-LACTAM
blaOXA,class D beta-lactamase OXA-1043,BETA-LACTAM,BETA-LACTAM
blaOXA,OXA-211 family carbapenem-hydrolyzing class D beta-lactamase OXA-1044,BETA-LACTAM,BETA-LACTAM
blaOXA,OXA-213 family carbapenem-hydrolyzing class D beta-lactamase OXA-1045,BETA-LACTAM,CARBAPENEM
blaOXA,OXA-10 family class D beta-lactamase OXA-1046,BETA-LACTAM,BETA-LACTAM
blaOXA,OXA-51 family carbapenem-hydrolyzing class D beta-lactamase OXA-1047,BETA-LACTAM,CARBAPENEM
blaOXA,OXA-51 family carbapenem-hydrolyzing class D beta-lactamase OXA-1048,BETA-LACTAM,CARBAPENEM
blaOXA,OXA-2 family class D beta-lactamase OXA-1049,BETA-LACTAM,BETA-LACTAM
blaOXA,OXA-51 family carbapenem-hydrolyzing class D beta-lactamase OXA-104,BETA-LACTAM,CARBAPENEM
blaOXA,OXA-213 family carbapenem-hydrolyzing class D beta-lactamase OXA-1050,BETA-LACTAM,CARBAPENEM
blaOXA,OXA-679 family carbapenem-hydrolyzing class D beta-lactamase OXA-1051,BETA-LACTAM,CARBAPENEM
blaOXA,OXA-229 family carbapenem-hydrolyzing class D beta-lactamase OXA-1052,BETA-LACTAM,CARBAPENEM
blaOXA,OXA-10 family class D beta-lactamase OXA-1053,BETA-LACTAM,BETA-LACTAM
blaOXA,OXA-372 family carbapenem-hydrolyzing class D beta-lactamase OXA-1054,BETA-LACTAM,CARBAPENEM
blaOXA,OXA-48 family class D beta-lactamase OXA-1055,BETA-LACTAM,CEPHALOSPORIN
blaOXA,OXA-198 family carbapenem-hydrolyzing class D beta-lactamase OXA-1056,BETA-LACTAM,CARBAPENEM
blaOXA,OXA-198 family carbapenem-hydrolyzing class D beta-lactamase OXA-1057,BETA-LACTAM,CARBAPENEM
blaOXA,OXA-51 family carbapenem-hydrolyzing class D beta-lactamase OXA-1058,BETA-LACTAM,CARBAPENEM
blaOXA,OXA-51 family carbapenem-hydrolyzing class D beta-lactamase OXA-1059,BETA-LACTAM,CARBAPENEM
blaOXA,OXA-23 family carbapenem-hydrolyzing class D beta-lactamase OXA-105,BETA-LACTAM,CARBAPENEM
blaOXA,OXA-51 family carbapenem-hydrolyzing class D beta-lactamase OXA-1060,BETA-LACTAM,CARBAPENEM
blaOXA,OXA-51 family carbapenem-hydrolyzing class D beta-lactamase OXA-1061,BETA-LACTAM,CARBAPENEM
blaOXA,OXA-51 family carbapenem-hydrolyzing class D beta-lactamase OXA-1062,BETA-LACTAM,CARBAPENEM
blaOXA,OXA-51 family carbapenem-hydrolyzing class D beta-lactamase OXA-1063,BETA-LACTAM,CARBAPENEM
blaOXA,OXA-51 family carbapenem-hydrolyzing class D beta-lactamase OXA-1064,BETA-LACTAM,CARBAPENEM
blaOXA,OXA-51 family carbapenem-hydrolyzing class D beta-lactamase OXA-1065,BETA-LACTAM,CARBAPENEM
blaOXA,OXA-51 family carbapenem-hydrolyzing class D beta-lactamase OXA-1066,BETA-LACTAM,CARBAPENEM
blaOXA,OXA-51 family carbapenem-hydrolyzing class D beta-lactamase OXA-1067,BETA-LACTAM,CARBAPENEM
blaOXA,OXA-51 family carbapenem-hydrolyzing class D beta-lactamase OXA-1068,BETA-LACTAM,CARBAPENEM
blaOXA,OXA-51 family carbapenem-hydrolyzing class D beta-lactamase OXA-1069,BETA-LACTAM,CARBAPENEM
blaOXA,OXA-51 family carbapenem-hydrolyzing class D beta-lactamase OXA-106,BETA-LACTAM,CARBAPENEM
blaOXA,OXA-51 family carbapenem-hydrolyzing class D beta-lactamase OXA-1070,BETA-LACTAM,CARBAPENEM
blaOXA,OXA-51 family carbapenem-hydrolyzing class D beta-lactamase OXA-1071,BETA-LACTAM,CARBAPENEM
blaOXA,OXA-51 family carbapenem-hydrolyzing class D beta-lactamase OXA-1072,BETA-LACTAM,CARBAPENEM
blaOXA,OXA-51 family carbapenem-hydrolyzing class D beta-lactamase OXA-1073,BETA-LACTAM,CARBAPENEM
blaOXA,OXA-51 family carbapenem-hydrolyzing class D beta-lactamase OXA-1074,BETA-LACTAM,CARBAPENEM
blaOXA,OXA-51 family carbapenem-hydrolyzing class D beta-lactamase OXA-1075,BETA-LACTAM,CARBAPENEM
blaOXA,OXA-51 family carbapenem-hydrolyzing class D beta-lactamase OXA-1076,BETA-LACTAM,CARBAPENEM
blaOXA,OXA-51 family carbapenem-hydrolyzing class D beta-lactamase OXA-1077,BETA-LACTAM,CARBAPENEM
blaOXA,OXA-51 family carbapenem-hydrolyzing class D beta-lactamase OXA-1078,BETA-LACTAM,CARBAPENEM
blaOXA,OXA-51 family carbapenem-hydrolyzing class D beta-lactamase OXA-1079,BETA-LACTAM,CARBAPENEM
blaOXA,OXA-51 family carbapenem-hydrolyzing class D beta-lactamase OXA-107,BETA-LACTAM,CARBAPENEM
blaOXA,OXA-51 family carbapenem-hydrolyzing class D beta-lactamase OXA-1080,BETA-LACTAM,CARBAPENEM
blaOXA,OXA-24 family carbapenem-hydrolyzing class D beta-lactamase OXA-1081,BETA-LACTAM,CARBAPENEM
blaOXA,OXA-2 family class D beta-lactamase OXA-1082,BETA-LACTAM,BETA-LACTAM
blaOXA,OXA-2 family class D beta-lactamase OXA-1083,BETA-LACTAM,BETA-LACTAM
blaOXA,OXA-2 family class D beta-lactamase OXA-1084,BETA-LACTAM,BETA-LACTAM
blaOXA,OXA-2 family class D beta-lactamase OXA-1085,BETA-LACTAM,BETA-LACTAM
blaOXA,OXA-10 family class D beta-lactamase OXA-1086,BETA-LACTAM,BETA-LACTAM
blaOXA,OXA-10 family class D beta-lactamase OXA-1087,BETA-LACTAM,BETA-LACTAM
blaOXA,OXA-10 family class D beta-lactamase OXA-1088,BETA-LACTAM,BETA-LACTAM
blaOXA,carbapenem-hydrolyzing class D beta-lactamase OXA-1089,BETA-LACTAM,CARBAPENEM
blaOXA,OXA-51 family carbapenem-hydrolyzing class D beta-lactamase OXA-108,BETA-LACTAM,CARBAPENEM
blaOXA,carbapenem-hydrolyzing class D beta-lactamase OXA-1090,BETA-LACTAM,CARBAPENEM
blaOXA,oxacillin-hydrolyzing class D beta-lactamase OXA-1091,BETA-LACTAM,BETA-LACTAM
blaOXA,OXA-51 family carbapenem-hydrolyzing class D beta-lactamase OXA-1092,BETA-LACTAM,CARBAPENEM
blaOXA,OXA-51 family carbapenem-hydrolyzing class D beta-lactamase OXA-1093,BETA-LACTAM,CARBAPENEM
blaOXA,OXA-51 family carbapenem-hydrolyzing class D beta-lactamase OXA-1094,BETA-LACTAM,CARBAPENEM
blaOXA,OXA-23 family carbapenem-hydrolyzing class D beta-lactamase OXA-1095,BETA-LACTAM,CARBAPENEM
blaOXA,OXA-51 family carbapenem-hydrolyzing class D beta-lactamase OXA-1096,BETA-LACTAM,CARBAPENEM
blaOXA,OXA-51 family carbapenem-hydrolyzing class D beta-lactamase OXA-1097,BETA-LACTAM,CARBAPENEM
blaOXA,OXA-51 family carbapenem-hydrolyzing class D beta-lactamase OXA-1098,BETA-LACTAM,CARBAPENEM
blaOXA,OXA-63 family oxacillin-hydrolyzing class D beta-lactamase OXA-1099,BETA-LACTAM,BETA-LACTAM
blaOXA,OXA-51 family carbapenem-hydrolyzing class D beta-lactamase OXA-109,BETA-LACTAM,CARBAPENEM
blaOXA,oxacillin-hydrolyzing class D beta-lactamase OXA-10,BETA-LACTAM,CEPHALOSPORIN
blaOXA,OXA-63 family oxacillin-hydrolyzing class D beta-lactamase OXA-1100,BETA-LACTAM,BETA-LACTAM
blaOXA,OXA-63 family oxacillin-hydrolyzing class D beta-lactamase OXA-1101,BETA-LACTAM,BETA-LACTAM
blaOXA,OXA-63 family oxacillin-hydrolyzing class D beta-lactamase OXA-1102,BETA-LACTAM,BETA-LACTAM
blaOXA,OXA-63 family oxacillin-hydrolyzing class D beta-lactamase OXA-1103,BETA-LACTAM,BETA-LACTAM
blaOXA,OXA-63 family oxacillin-hydrolyzing class D beta-lactamase OXA-1104,BETA-LACTAM,BETA-LACTAM
blaOXA,OXA-63 family oxacillin-hydrolyzing class D beta-lactamase OXA-1105,BETA-LACTAM,BETA-LACTAM
blaOXA,OXA-63 family oxacillin-hydrolyzing class D beta-lactamase OXA-1106,BETA-LACTAM,BETA-LACTAM
blaOXA,OXA-63 family oxacillin-hydrolyzing class D beta-lactamase OXA-1107,BETA-LACTAM,BETA-LACTAM
blaOXA,class D beta-lactamase OXA-1108,BETA-LACTAM,BETA-LACTAM
blaOXA,OXA-51 family carbapenem-hydrolyzing class D beta-lactamase OXA-1109,BETA-LACTAM,CARBAPENEM
blaOXA,OXA-51 family carbapenem-hydrolyzing class D beta-lactamase OXA-110,BETA-LACTAM,CARBAPENEM
blaOXA,OXA-134 family carbapenem-hydrolyzing class D beta-lactamase OXA-1110,BETA-LACTAM,CARBAPENEM
blaOXA,OXA-134 family carbapenem-hydrolyzing class D beta-lactamase OXA-1111,BETA-LACTAM,CARBAPENEM
blaOXA,OXA-134 family carbapenem-hydrolyzing class D beta-lactamase OXA-1112,BETA-LACTAM,CARBAPENEM
blaOXA,OXA-213 family carbapenem-hydrolyzing class D beta-lactamase OXA-1113,BETA-LACTAM,CARBAPENEM
blaOXA,OXA-213 family carbapenem-hydrolyzing class D beta-lactamase OXA-1114,BETA-LACTAM,CARBAPENEM
blaOXA,OXA-213 family carbapenem-hydrolyzing class D beta-lactamase OXA-1115,BETA-LACTAM,CARBAPENEM
blaOXA,OXA-134 family carbapenem-hydrolyzing class D beta-lactamase OXA-1116,BETA-LACTAM,CARBAPENEM
blaOXA,OXA-51 family carbapenem-hydrolyzing class D beta-lactamase OXA-1117,BETA-LACTAM,CARBAPENEM
blaOXA,OXA-51 family carbapenem-hydrolyzing class D beta-lactamase OXA-1118,BETA-LACTAM,CARBAPENEM
blaOXA,OXA-48 family class D beta-lactamase OXA-1119,BETA-LACTAM,CEPHALOSPORIN
blaOXA,OXA-51 family carbapenem-hydrolyzing class D beta-lactamase OXA-111,BETA-LACTAM,CARBAPENEM
blaOXA,OXA-10 family class D beta-lactamase OXA-1120,BETA-LACTAM,BETA-LACTAM
blaOXA,OXA-51 family carbapenem-hydrolyzing class D beta-lactamase OXA-1121,BETA-LACTAM,CARBAPENEM
blaOXA,OXA-51 family carbapenem-hydrolyzing class D beta-lactamase OXA-1122,BETA-LACTAM,CARBAPENEM
blaOXA,OXA-51 family carbapenem-hydrolyzing class D beta-lactamase OXA-1123,BETA-LACTAM,CARBAPENEM
blaOXA,OXA-50 family oxacillin-hydrolyzing class D beta-lactamase OXA-1124,BETA-LACTAM,BETA-LACTAM
blaOXA,OXA-50 family oxacillin-hydrolyzing class D beta-lactamase OXA-1125,BETA-LACTAM,BETA-LACTAM
blaOXA,OXA-50 family oxacillin-hydrolyzing class D beta-lactamase OXA-1126,BETA-LACTAM,BETA-LACTAM
blaOXA,OXA-50 family oxacillin-hydrolyzing class D beta-lactamase OXA-1127,BETA-LACTAM,BETA-LACTAM
blaOXA,OXA-50 family oxacillin-hydrolyzing class D beta-lactamase OXA-1128,BETA-LACTAM,BETA-LACTAM
blaOXA,OXA-50 family oxacillin-hydrolyzing class D beta-lactamase OXA-1129,BETA-LACTAM,BETA-LACTAM
blaOXA,OXA-51 family carbapenem-hydrolyzing class D beta-lactamase OXA-112,BETA-LACTAM,CARBAPENEM
blaOXA,OXA-50 family oxacillin-hydrolyzing class D beta-lactamase OXA-1130,BETA-LACTAM,BETA-LACTAM
blaOXA,OXA-50 family oxacillin-hydrolyzing class D beta-lactamase OXA-1131,BETA-LACTAM,BETA-LACTAM
blaOXA,OXA-50 family oxacillin-hydrolyzing class D beta-lactamase OXA-1132,BETA-LACTAM,BETA-LACTAM
blaOXA,OXA-50 family oxacillin-hydrolyzing class D beta-lactamase OXA-1133,BETA-LACTAM,BETA-LACTAM
blaOXA,OXA-50 family oxacillin-hydrolyzing class D beta-lactamase OXA-1134,BETA-LACTAM,BETA-LACTAM
blaOXA,OXA-50 family oxacillin-hydrolyzing class D beta-lactamase OXA-1135,BETA-LACTAM,BETA-LACTAM
blaOXA,OXA-2 family class D beta-lactamase OXA-1136,BETA-LACTAM,BETA-LACTAM
blaOXA,OXA-213 family carbapenem-hydrolyzing class D beta-lactamase OXA-1137,BETA-LACTAM,CARBAPENEM
blaOXA,OXA-213 family carbapenem-hydrolyzing class D beta-lactamase OXA-1138,BETA-LACTAM,CARBAPENEM
blaOXA,OXA-143 family carbapenem-hydrolyzing class D beta-lactamase OXA-1139,BETA-LACTAM,BETA-LACTAM
blaOXA,OXA-51 family carbapenem-hydrolyzing class D beta-lactamase OXA-113,BETA-LACTAM,CARBAPENEM
blaOXA,OXA-50 family oxacillin-hydrolyzing class D beta-lactamase OXA-1140,BETA-LACTAM,BETA-LACTAM
blaOXA,OXA-10 family class D beta-lactamase OXA-1141,BETA-LACTAM,BETA-LACTAM
blaOXA,class D beta-lactamase OXA-1142,BETA-LACTAM,BETA-LACTAM
blaOXA,class D beta-lactamase OXA-1143,BETA-LACTAM,BETA-LACTAM
blaOXA,OXA-229 family carbapenem-hydrolyzing class D beta-lactamase OXA-1144,BETA-LACTAM,CARBAPENEM
blaOXA,OXA-286 family carbapenem-hydrolyzing class D beta-lactamase OXA-1145,BETA-LACTAM,CARBAPENEM
blaOXA,OXA-48 family class D beta-lactamase OXA-1146,BETA-LACTAM,CEPHALOSPORIN
blaOXA,OXA-10 family class D beta-lactamase OXA-1147,BETA-LACTAM,BETA-LACTAM
blaOXA,OXA-10 family class D beta-lactamase OXA-1148,BETA-LACTAM,BETA-LACTAM
blaOXA,OXA-62 family carbapenem-hydrolyzing class D beta-lactamase OXA-1149,BETA-LACTAM,CARBAPENEM
blaOXA,class D beta-lactamase OXA-114a,BETA-LACTAM,BETA-LACTAM
blaOXA,class D beta-lactamase OXA-114b,BETA-LACTAM,BETA-LACTAM
blaOXA,class D beta-lactamase OXA-114c,BETA-LACTAM,BETA-LACTAM
blaOXA,class D beta-lactamase OXA-114d,BETA-LACTAM,BETA-LACTAM
blaOXA,class D beta-lactamase OXA-114e,BETA-LACTAM,BETA-LACTAM
blaOXA,class D beta-lactamase OXA-114f,BETA-LACTAM,BETA-LACTAM
blaOXA,class D beta-lactamase OXA-114g,BETA-LACTAM,BETA-LACTAM
blaOXA,class D beta-lactamase OXA-114h,BETA-LACTAM,BETA-LACTAM
blaOXA,class D beta-lactamase OXA-114i,BETA-LACTAM,BETA-LACTAM
blaOXA,class D beta-lactamase OXA-114j,BETA-LACTAM,BETA-LACTAM
blaOXA,class D beta-lactamase OXA-114k,BETA-LACTAM,BETA-LACTAM
blaOXA,class D beta-lactamase OXA-114l,BETA-LACTAM,BETA-LACTAM
blaOXA,class D beta-lactamase OXA-114m,BETA-LACTAM,BETA-LACTAM
blaOXA,class D beta-lactamase OXA-114n,BETA-LACTAM,BETA-LACTAM
blaOXA,class D beta-lactamase OXA-114p,BETA-LACTAM,BETA-LACTAM
blaOXA,class D beta-lactamase OXA-114q,BETA-LACTAM,BETA-LACTAM
blaOXA,class D beta-lactamase OXA-114r,BETA-LACTAM,BETA-LACTAM
blaOXA,class D beta-lactamase OXA-114s,BETA-LACTAM,BETA-LACTAM
blaOXA,class D beta-lactamase OXA-114t,BETA-LACTAM,BETA-LACTAM
blaOXA,class D beta-lactamase OXA-114u,BETA-LACTAM,BETA-LACTAM
blaOXA,class D beta-lactamase OXA-114v,BETA-LACTAM,BETA-LACTAM
blaOXA,class D beta-lactamase OXA-114w,BETA-LACTAM,BETA-LACTAM
blaOXA,class D beta-lactamase OXA-114x,BETA-LACTAM,BETA-LACTAM
blaOXA,OXA-213 family carbapenem-hydrolyzing class D beta-lactamase OXA-1150,BETA-LACTAM,CARBAPENEM
blaOXA,OXA-213 family carbapenem-hydrolyzing class D beta-lactamase OXA-1151,BETA-LACTAM,CARBAPENEM
blaOXA,OXA-62 family carbapenem-hydrolyzing class D beta-lactamase OXA-1152,BETA-LACTAM,CARBAPENEM
blaOXA,class D beta-lactamase OXA-1153,BETA-LACTAM,BETA-LACTAM
blaOXA,class D beta-lactamase OXA-1154,BETA-LACTAM,BETA-LACTAM
blaOXA,class D beta-lactamase OXA-1155,BETA-LACTAM,BETA-LACTAM
blaOXA,class D beta-lactamase OXA-1156,BETA-LACTAM,BETA-LACTAM
blaOXA,OXA-12 family class D beta-lactamase OXA-1157,BETA-LACTAM,BETA-LACTAM
blaOXA,class D beta-lactamase OXA-1158,BETA-LACTAM,BETA-LACTAM
blaOXA,class D beta-lactamase OXA-1159,BETA-LACTAM,BETA-LACTAM
blaOXA,OXA-51 family carbapenem-hydrolyzing class D beta-lactamase OXA-115,BETA-LACTAM,CARBAPENEM
blaOXA,class D beta-lactamase OXA-1160,BETA-LACTAM,BETA-LACTAM
blaOXA,class D beta-lactamase OXA-1161,BETA-LACTAM,BETA-LACTAM
blaOXA,OXA-12 family class D beta-lactamase OXA-1162,BETA-LACTAM,BETA-LACTAM
blaOXA,class D beta-lactamase OXA-1163,BETA-LACTAM,BETA-LACTAM
blaOXA,OXA-213 family carbapenem-hydrolyzing class D beta-lactamase OXA-1164,BETA-LACTAM,CARBAPENEM
blaOXA,OXA-213 family carbapenem-hydrolyzing class D beta-lactamase OXA-1165,BETA-LACTAM,CARBAPENEM
blaOXA,OXA-213 family carbapenem-hydrolyzing class D beta-lactamase OXA-1166,BETA-LACTAM,CARBAPENEM
blaOXA,OXA-48 family class D beta-lactamase OXA-1167,BETA-LACTAM,CEPHALOSPORIN
blaOXA,OXA-10 family class D beta-lactamase OXA-1168,BETA-LACTAM,BETA-LACTAM
blaOXA,OXA-10 family class D beta-lactamase OXA-1169,BETA-LACTAM,BETA-LACTAM
blaOXA,OXA-10 family class D beta-lactamase OXA-1170,BETA-LACTAM,BETA-LACTAM
blaOXA,OXA-10 family class D beta-lactamase OXA-1171,BETA-LACTAM,BETA-LACTAM
blaOXA,OXA-2 family class D beta-lactamase OXA-1172,BETA-LACTAM,BETA-LACTAM
blaOXA,OXA-2 family class D beta-lactamase OXA-1173,BETA-LACTAM,BETA-LACTAM
blaOXA,OXA-50 family oxacillin-hydrolyzing class D beta-lactamase OXA-1174,BETA-LACTAM,BETA-LACTAM
blaOXA,OXA-10 family class D beta-lactamase OXA-1175,BETA-LACTAM,BETA-LACTAM
blaOXA,OXA-60 family carbapenem-hydrolyzing class D beta-lactamase OXA-1176,BETA-LACTAM,BETA-LACTAM
blaOXA,OXA-22 family class D beta-lactamase OXA-1177,BETA-LACTAM,BETA-LACTAM
blaOXA,OXA-58 family carbapenem-hydrolyzing class D beta-lactamase OXA-1178,BETA-LACTAM,CARBAPENEM
blaOXA,OXA-51 family carbapenem-hydrolyzing class D beta-lactamase OXA-117,BETA-LACTAM,CARBAPENEM
blaOXA,OXA-48 family class D beta-lactamase OXA-1181,BETA-LACTAM,CEPHALOSPORIN
blaOXA,OXA-143 family carbapenem-hydrolyzing class D beta-lactamase OXA-1182,BETA-LACTAM,BETA-LACTAM
blaOXA,OXA-2 family class D beta-lactamase OXA-1183,BETA-LACTAM,BETA-LACTAM
blaOXA,OXA-10 family class D beta-lactamase OXA-1184,BETA-LACTAM,BETA-LACTAM
blaOXA,OXA-213 family carbapenem-hydrolyzing class D beta-lactamase OXA-1185,BETA-LACTAM,CARBAPENEM
blaOXA,OXA-198 family carbapenem-hydrolyzing class D beta-lactamase OXA-1186,BETA-LACTAM,CARBAPENEM
blaOXA,OXA-2 family class D beta-lactamase OXA-1187,BETA-LACTAM,BETA-LACTAM
blaOXA,OXA-50 family oxacillin-hydrolyzing class D beta-lactamase OXA-1188,BETA-LACTAM,BETA-LACTAM
blaOXA,OXA-213 family carbapenem-hydrolyzing class D beta-lactamase OXA-1189,BETA-LACTAM,CARBAPENEM
blaOXA,OXA-46 family oxacillin-hydrolyzing class D beta-lactamase OXA-118,BETA-LACTAM,BETA-LACTAM
blaOXA,OXA-229 family carbapenem-hydrolyzing class D beta-lactamase OXA-1190,BETA-LACTAM,CARBAPENEM
blaOXA,OXA-229 family carbapenem-hydrolyzing class D beta-lactamase OXA-1191,BETA-LACTAM,CARBAPENEM
blaOXA,OXA-229 family carbapenem-hydrolyzing class D beta-lactamase OXA-1192,BETA-LACTAM,CARBAPENEM
blaOXA,OXA-229 family carbapenem-hydrolyzing class D beta-lactamase OXA-1193,BETA-LACTAM,CARBAPENEM
blaOXA,OXA-229 family carbapenem-hydrolyzing class D beta-lactamase OXA-1194,BETA-LACTAM,CARBAPENEM
blaOXA,OXA-229 family carbapenem-hydrolyzing class D beta-lactamase OXA-1195,BETA-LACTAM,CARBAPENEM
blaOXA,OXA-229 family carbapenem-hydrolyzing class D beta-lactamase OXA-1196,BETA-LACTAM,CARBAPENEM
blaOXA,OXA-229 family carbapenem-hydrolyzing class D beta-lactamase OXA-1197,BETA-LACTAM,CARBAPENEM
blaOXA,OXA-50 family oxacillin-hydrolyzing class D beta-lactamase OXA-1198,BETA-LACTAM,BETA-LACTAM
blaOXA,OXA-50 family oxacillin-hydrolyzing class D beta-lactamase OXA-1199,BETA-LACTAM,BETA-LACTAM
blaOXA,OXA-46 family oxacillin-hydrolyzing class D beta-lactamase OXA-119,BETA-LACTAM,BETA-LACTAM
blaOXA,OXA-10 family extended-spectrum class D beta-lactamase OXA-11,BETA-LACTAM,CEPHALOSPORIN
blaOXA,OXA-48 family class D beta-lactamase OXA-1200,BETA-LACTAM,CEPHALOSPORIN
blaOXA,OXA-48 family class D beta-lactamase OXA-1201,BETA-LACTAM,CEPHALOSPORIN
blaOXA,OXA-10 family class D beta-lactamase OXA-1202,BETA-LACTAM,BETA-LACTAM
blaOXA,OXA-10 family class D beta-lactamase OXA-1203,BETA-LACTAM,BETA-LACTAM
blaOXA,OXA-10 family class D beta-lactamase OXA-1204,BETA-LACTAM,BETA-LACTAM
blaOXA,OXA-48 family class D beta-lactamase OXA-1205,BETA-LACTAM,BETA-LACTAM
blaOXA,carbapenem-hydrolyzing class D beta-lactamase OXA-1206,BETA-LACTAM,CARBAPENEM
blaOXA,OXA-48 family class D beta-lactamase OXA-1207,BETA-LACTAM,BETA-LACTAM
blaOXA,OXA-211 family carbapenem-hydrolyzing class D beta-lactamase OXA-1208,BETA-LACTAM,BETA-LACTAM
blaOXA,OXA-51 family carbapenem-hydrolyzing class D beta-lactamase OXA-120,BETA-LACTAM,CARBAPENEM
blaOXA,OXA-48 family class D beta-lactamase OXA-1211,BETA-LACTAM,BETA-LACTAM
blaOXA,OXA-48 family class D beta-lactamase OXA-1212,BETA-LACTAM,BETA-LACTAM
blaOXA,OXA-48 family class D beta-lactamase OXA-1213,BETA-LACTAM,BETA-LACTAM
blaOXA,OXA-51 family carbapenem-hydrolyzing class D beta-lactamase OXA-1214,BETA-LACTAM,CARBAPENEM
blaOXA,OXA-286 family carbapenem-hydrolyzing class D beta-lactamase OXA-1215,BETA-LACTAM,CARBAPENEM
blaOXA,OXA-23 family carbapenem-hydrolyzing class D beta-lactamase OXA-1216,BETA-LACTAM,CARBAPENEM
blaOXA,OXA-51 family carbapenem-hydrolyzing class D beta-lactamase OXA-1217,BETA-LACTAM,CARBAPENEM
blaOXA,OXA-51 family carbapenem-hydrolyzing class D beta-lactamase OXA-1218,BETA-LACTAM,CARBAPENEM
blaOXA,OXA-51 family carbapenem-hydrolyzing class D beta-lactamase OXA-1219,BETA-LACTAM,CARBAPENEM
blaOXA,OXA-51 family carbapenem-hydrolyzing class D beta-lactamase OXA-121,BETA-LACTAM,CARBAPENEM
blaOXA,OXA-51 family carbapenem-hydrolyzing class D beta-lactamase OXA-1220,BETA-LACTAM,CARBAPENEM
blaOXA,OXA-23 family carbapenem-hydrolyzing class D beta-lactamase OXA-1221,BETA-LACTAM,CARBAPENEM
blaOXA,OXA-213 family carbapenem-hydrolyzing class D beta-lactamase OXA-1222,BETA-LACTAM,CARBAPENEM
blaOXA,OXA-23 family carbapenem-hydrolyzing class D beta-lactamase OXA-1223,BETA-LACTAM,CARBAPENEM
blaOXA,OXA-213 family carbapenem-hydrolyzing class D beta-lactamase OXA-1224,BETA-LACTAM,CARBAPENEM
blaOXA,OXA-24 family carbapenem-hydrolyzing class D beta-lactamase OXA-1225,BETA-LACTAM,CARBAPENEM
blaOXA,OXA-48 family class D beta-lactamase OXA-1226,BETA-LACTAM,BETA-LACTAM
blaOXA,OXA-62 family carbapenem-hydrolyzing class D beta-lactamase OXA-1227,BETA-LACTAM,CARBAPENEM
blaOXA,OXA-62 family carbapenem-hydrolyzing class D beta-lactamase OXA-1228,BETA-LACTAM,CARBAPENEM
blaOXA,OXA-51 family carbapenem-hydrolyzing class D beta-lactamase OXA-1229,BETA-LACTAM,CARBAPENEM
blaOXA,OXA-51 family carbapenem-hydrolyzing class D beta-lactamase OXA-122,BETA-LACTAM,CARBAPENEM
blaOXA,OXA-51 family carbapenem-hydrolyzing class D beta-lactamase OXA-1230,BETA-LACTAM,CARBAPENEM
blaOXA,OXA-10 family class D beta-lactamase OXA-1231,BETA-LACTAM,BETA-LACTAM
blaOXA,OXA-10 family class D beta-lactamase OXA-1232,BETA-LACTAM,BETA-LACTAM
blaOXA,OXA-10 family class D beta-lactamase OXA-1233,BETA-LACTAM,BETA-LACTAM
blaOXA,OXA-213 family carbapenem-hydrolyzing class D beta-lactamase OXA-1234,BETA-LACTAM,CARBAPENEM
blaOXA,OXA-213 family carbapenem-hydrolyzing class D beta-lactamase OXA-1235,BETA-LACTAM,CARBAPENEM
blaOXA,OXA-23 family carbapenem-hydrolyzing class D beta-lactamase OXA-1236,BETA-LACTAM,CARBAPENEM
blaOXA,OXA-213 family carbapenem-hydrolyzing class D beta-lactamase OXA-1237,BETA-LACTAM,CARBAPENEM
blaOXA,class D beta-lactamase OXA-1238,BETA-LACTAM,BETA-LACTAM
blaOXA,carbapenem-hydrolyzing class D beta-lactamase OXA-1239,BETA-LACTAM,CEPHALOSPORIN
blaOXA,OXA-51 family carbapenem-hydrolyzing class D beta-lactamase OXA-123,BETA-LACTAM,CARBAPENEM
blaOXA,OXA-48 family class D beta-lactamase OXA-1240,BETA-LACTAM,BETA-LACTAM
blaOXA,OXA-23 family carbapenem-hydrolyzing class D beta-lactamase OXA-1241,BETA-LACTAM,CARBAPENEM
blaOXA,OXA-48 family class D beta-lactamase OXA-1242,BETA-LACTAM,BETA-LACTAM
blaOXA,OXA-2 family class D beta-lactamase OXA-1243,BETA-LACTAM,BETA-LACTAM
blaOXA,OXA-50 family oxacillin-hydrolyzing class D beta-lactamase OXA-1244,BETA-LACTAM,BETA-LACTAM
blaOXA,OXA-50 family oxacillin-hydrolyzing class D beta-lactamase OXA-1245,BETA-LACTAM,BETA-LACTAM
blaOXA,OXA-50 family oxacillin-hydrolyzing class D beta-lactamase OXA-1246,BETA-LACTAM,BETA-LACTAM
blaOXA,OXA-10 family class D beta-lactamase OXA-1247,BETA-LACTAM,BETA-LACTAM
blaOXA,OXA-10 family class D beta-lactamase OXA-1248,BETA-LACTAM,BETA-LACTAM
blaOXA,OXA-51 family carbapenem-hydrolyzing class D beta-lactamase OXA-1249,BETA-LACTAM,CARBAPENEM
blaOXA,OXA-51 family carbapenem-hydrolyzing class D beta-lactamase OXA-124,BETA-LACTAM,CARBAPENEM
blaOXA,OXA-50 family oxacillin-hydrolyzing class D beta-lactamase OXA-1250,BETA-LACTAM,BETA-LACTAM
blaOXA,OXA-258 family class D beta-lactamase OXA-1251,BETA-LACTAM,BETA-LACTAM
blaOXA,OXA-50 family oxacillin-hydrolyzing class D beta-lactamase OXA-1252,BETA-LACTAM,BETA-LACTAM
blaOXA,OXA-50 family oxacillin-hydrolyzing class D beta-lactamase OXA-1253,BETA-LACTAM,BETA-LACTAM
blaOXA,OXA-50 family oxacillin-hydrolyzing class D beta-lactamase OXA-1254,BETA-LACTAM,BETA-LACTAM
blaOXA,OXA-50 family oxacillin-hydrolyzing class D beta-lactamase OXA-1255,BETA-LACTAM,BETA-LACTAM
blaOXA,OXA-50 family oxacillin-hydrolyzing class D beta-lactamase OXA-1256,BETA-LACTAM,BETA-LACTAM
blaOXA,OXA-10 family class D beta-lactamase OXA-1257,BETA-LACTAM,BETA-LACTAM
blaOXA,class D beta-lactamase OXA-1258,BETA-LACTAM,BETA-LACTAM
blaOXA,OXA-1258 family class D beta-lactamase OXA-1259,BETA-LACTAM,BETA-LACTAM
blaOXA,OXA-51 family carbapenem-hydrolyzing class D beta-lactamase OXA-125,BETA-LACTAM,CARBAPENEM
blaOXA,OXA-1258 family class D beta-lactamase OXA-1260,BETA-LACTAM,BETA-LACTAM
blaOXA,OXA-1258 family class D beta-lactamase OXA-1261,BETA-LACTAM,BETA-LACTAM
blaOXA,OXA-1258 family class D beta-lactamase OXA-1262,BETA-LACTAM,BETA-LACTAM
blaOXA,OXA-1258 family class D beta-lactamase OXA-1263,BETA-LACTAM,BETA-LACTAM
blaOXA,OXA-62 family carbapenem-hydrolyzing class D beta-lactamase OXA-1264,BETA-LACTAM,CARBAPENEM
blaOXA,OXA-51 family carbapenem-hydrolyzing class D beta-lactamase OXA-1265,BETA-LACTAM,CARBAPENEM
blaOXA,OXA-213 family carbapenem-hydrolyzing class D beta-lactamase OXA-1266,BETA-LACTAM,CARBAPENEM
blaOXA,OXA-50 family oxacillin-hydrolyzing class D beta-lactamase OXA-1267,BETA-LACTAM,BETA-LACTAM
blaOXA,OXA-50 family oxacillin-hydrolyzing class D beta-lactamase OXA-1268,BETA-LACTAM,BETA-LACTAM
blaOXA,OXA-50 family oxacillin-hydrolyzing class D beta-lactamase OXA-1269,BETA-LACTAM,BETA-LACTAM
blaOXA,OXA-51 family carbapenem-hydrolyzing class D beta-lactamase OXA-126,BETA-LACTAM,CARBAPENEM
blaOXA,OXA-50 family oxacillin-hydrolyzing class D beta-lactamase OXA-1270,BETA-LACTAM,BETA-LACTAM
blaOXA,OXA-50 family oxacillin-hydrolyzing class D beta-lactamase OXA-1271,BETA-LACTAM,BETA-LACTAM
blaOXA,OXA-50 family oxacillin-hydrolyzing class D beta-lactamase OXA-1272,BETA-LACTAM,BETA-LACTAM
blaOXA,OXA-50 family oxacillin-hydrolyzing class D beta-lactamase OXA-1273,BETA-LACTAM,BETA-LACTAM
blaOXA,OXA-50 family oxacillin-hydrolyzing class D beta-lactamase OXA-1274,BETA-LACTAM,BETA-LACTAM
blaOXA,OXA-50-var family class D beta-lactamase OXA-1275,BETA-LACTAM,BETA-LACTAM
blaOXA,OXA-50 family oxacillin-hydrolyzing class D beta-lactamase OXA-1276,BETA-LACTAM,BETA-LACTAM
blaOXA,OXA-50 family oxacillin-hydrolyzing class D beta-lactamase OXA-1277,BETA-LACTAM,BETA-LACTAM
blaOXA,OXA-50 family oxacillin-hydrolyzing class D beta-lactamase OXA-1278,BETA-LACTAM,BETA-LACTAM
blaOXA,OXA-50 family oxacillin-hydrolyzing class D beta-lactamase OXA-1279,BETA-LACTAM,BETA-LACTAM
blaOXA,OXA-51 family carbapenem-hydrolyzing class D beta-lactamase OXA-127,BETA-LACTAM,CARBAPENEM
blaOXA,OXA-50 family oxacillin-hydrolyzing class D beta-lactamase OXA-1280,BETA-LACTAM,BETA-LACTAM
blaOXA,OXA-50 family oxacillin-hydrolyzing class D beta-lactamase OXA-1281,BETA-LACTAM,BETA-LACTAM
blaOXA,OXA-50 family oxacillin-hydrolyzing class D beta-lactamase OXA-1282,BETA-LACTAM,BETA-LACTAM
blaOXA,OXA-50 family oxacillin-hydrolyzing class D beta-lactamase OXA-1283,BETA-LACTAM,BETA-LACTAM
blaOXA,OXA-50-var family class D beta-lactamase OXA-1284,BETA-LACTAM,BETA-LACTAM
blaOXA,OXA-50 family oxacillin-hydrolyzing class D beta-lactamase OXA-1285,BETA-LACTAM,BETA-LACTAM
blaOXA,OXA-50 family oxacillin-hydrolyzing class D beta-lactamase OXA-1286,BETA-LACTAM,BETA-LACTAM
blaOXA,OXA-50 family oxacillin-hydrolyzing class D beta-lactamase OXA-1287,BETA-LACTAM,BETA-LACTAM
blaOXA,OXA-50 family oxacillin-hydrolyzing class D beta-lactamase OXA-1288,BETA-LACTAM,BETA-LACTAM
blaOXA,OXA-50 family oxacillin-hydrolyzing class D beta-lactamase OXA-1289,BETA-LACTAM,BETA-LACTAM
blaOXA,OXA-51 family carbapenem-hydrolyzing class D beta-lactamase OXA-128,BETA-LACTAM,CARBAPENEM
blaOXA,OXA-50-var family class D beta-lactamase OXA-1290,BETA-LACTAM,BETA-LACTAM
blaOXA,OXA-50 family oxacillin-hydrolyzing class D beta-lactamase OXA-1291,BETA-LACTAM,BETA-LACTAM
blaOXA,OXA-50 family oxacillin-hydrolyzing class D beta-lactamase OXA-1292,BETA-LACTAM,BETA-LACTAM
blaOXA,OXA-50 family oxacillin-hydrolyzing class D beta-lactamase OXA-1293,BETA-LACTAM,BETA-LACTAM
blaOXA,OXA-50-var family class D beta-lactamase OXA-1294,BETA-LACTAM,BETA-LACTAM
blaOXA,OXA-50 family oxacillin-hydrolyzing class D beta-lactamase OXA-1295,BETA-LACTAM,BETA-LACTAM
blaOXA,OXA-50 family oxacillin-hydrolyzing class D beta-lactamase OXA-1296,BETA-LACTAM,BETA-LACTAM
blaOXA,OXA-50 family oxacillin-hydrolyzing class D beta-lactamase OXA-1297,BETA-LACTAM,BETA-LACTAM
blaOXA,OXA-50 family oxacillin-hydrolyzing class D beta-lactamase OXA-1298,BETA-LACTAM,BETA-LACTAM
blaOXA,OXA-50 family oxacillin-hydrolyzing class D beta-lactamase OXA-1299,BETA-LACTAM,BETA-LACTAM
blaOXA,OXA-5 family class D beta-lactamase OXA-129,BETA-LACTAM,BETA-LACTAM
blaOXA,oxacillin-hydrolyzing class D beta-lactamase OXA-12,BETA-LACTAM,BETA-LACTAM
blaOXA,OXA-50 family oxacillin-hydrolyzing class D beta-lactamase OXA-1300,BETA-LACTAM,BETA-LACTAM
blaOXA,OXA-50 family oxacillin-hydrolyzing class D beta-lactamase OXA-1301,BETA-LACTAM,BETA-LACTAM
blaOXA,OXA-10 family class D beta-lactamase OXA-1302,BETA-LACTAM,BETA-LACTAM
blaOXA,OXA-24 family carbapenem-hydrolyzing class D beta-lactamase OXA-1303,BETA-LACTAM,CARBAPENEM
blaOXA,OXA-48 family class D beta-lactamase OXA-1304,BETA-LACTAM,BETA-LACTAM
blaOXA,OXA-48 family class D beta-lactamase OXA-1305,BETA-LACTAM,BETA-LACTAM
blaOXA,OXA-48 family class D beta-lactamase OXA-1306,BETA-LACTAM,BETA-LACTAM
blaOXA,OXA-48 family class D beta-lactamase OXA-1307,BETA-LACTAM,BETA-LACTAM
blaOXA,OXA-48 family class D beta-lactamase OXA-1308,BETA-LACTAM,BETA-LACTAM
blaOXA,OXA-48 family class D beta-lactamase OXA-1309,BETA-LACTAM,BETA-LACTAM
blaOXA,OXA-51 family carbapenem-hydrolyzing class D beta-lactamase OXA-130,BETA-LACTAM,CARBAPENEM
blaOXA,OXA-213 family carbapenem-hydrolyzing class D beta-lactamase OXA-1310,BETA-LACTAM,CARBAPENEM
blaOXA,OXA-213 family carbapenem-hydrolyzing class D beta-lactamase OXA-1311,BETA-LACTAM,CARBAPENEM
blaOXA,OXA-213 family carbapenem-hydrolyzing class D beta-lactamase OXA-1312,BETA-LACTAM,CARBAPENEM
blaOXA,OXA-213 family carbapenem-hydrolyzing class D beta-lactamase OXA-1313,BETA-LACTAM,CARBAPENEM
blaOXA,OXA-213 family carbapenem-hydrolyzing class D beta-lactamase OXA-1314,BETA-LACTAM,CARBAPENEM
blaOXA,OXA-213 family carbapenem-hydrolyzing class D beta-lactamase OXA-1315,BETA-LACTAM,CARBAPENEM
blaOXA,OXA-213 family carbapenem-hydrolyzing class D beta-lactamase OXA-1316,BETA-LACTAM,CARBAPENEM
blaOXA,OXA-213 family carbapenem-hydrolyzing class D beta-lactamase OXA-1317,BETA-LACTAM,CARBAPENEM
blaOXA,OXA-213 family carbapenem-hydrolyzing class D beta-lactamase OXA-1318,BETA-LACTAM,CARBAPENEM
blaOXA,OXA-213 family carbapenem-hydrolyzing class D beta-lactamase OXA-1319,BETA-LACTAM,CARBAPENEM
blaOXA,OXA-51 family carbapenem-hydrolyzing class D beta-lactamase OXA-131,BETA-LACTAM,CARBAPENEM
blaOXA,OXA-213 family carbapenem-hydrolyzing class D beta-lactamase OXA-1320,BETA-LACTAM,CARBAPENEM
blaOXA,OXA-213 family carbapenem-hydrolyzing class D beta-lactamase OXA-1321,BETA-LACTAM,CARBAPENEM
blaOXA,OXA-24 family carbapenem-hydrolyzing class D beta-lactamase OXA-1322,BETA-LACTAM,CARBAPENEM
blaOXA,OXA-23 family carbapenem-hydrolyzing class D beta-lactamase OXA-1324,BETA-LACTAM,CARBAPENEM
blaOXA,OXA-23 family carbapenem-hydrolyzing class D beta-lactamase OXA-1325,BETA-LACTAM,CARBAPENEM
blaOXA,OXA-23 family carbapenem-hydrolyzing class D beta-lactamase OXA-1326,BETA-LACTAM,CARBAPENEM
blaOXA,class D beta-lactamase OXA-1327,BETA-LACTAM,BETA-LACTAM
blaOXA,OXA-51 family carbapenem-hydrolyzing class D beta-lactamase OXA-1328,BETA-LACTAM,CARBAPENEM
blaOXA,OXA-51 family carbapenem-hydrolyzing class D beta-lactamase OXA-1329,BETA-LACTAM,CARBAPENEM
blaOXA,OXA-51 family carbapenem-hydrolyzing class D beta-lactamase OXA-132,BETA-LACTAM,CARBAPENEM
blaOXA,OXA-143 family carbapenem-hydrolyzing class D beta-lactamase OXA-1330,BETA-LACTAM,BETA-LACTAM
blaOXA,OXA-213 family carbapenem-hydrolyzing class D beta-lactamase OXA-1331,BETA-LACTAM,CARBAPENEM
blaOXA,OXA-10 family class D beta-lactamase OXA-1332,BETA-LACTAM,BETA-LACTAM
blaOXA,OXA-1 family class D beta-lactamase OXA-1333,BETA-LACTAM,BETA-LACTAM
blaOXA,OXA-50 family oxacillin-hydrolyzing class D beta-lactamase OXA-1334,BETA-LACTAM,BETA-LACTAM
blaOXA,OXA-51 family carbapenem-hydrolyzing class D beta-lactamase OXA-1335,BETA-LACTAM,CARBAPENEM
blaOXA,OXA-51 family carbapenem-hydrolyzing class D beta-lactamase OXA-1336,BETA-LACTAM,CARBAPENEM
blaOXA,OXA-51 family carbapenem-hydrolyzing class D beta-lactamase OXA-1337,BETA-LACTAM,CARBAPENEM
blaOXA,OXA-51 family carbapenem-hydrolyzing class D beta-lactamase OXA-1338,BETA-LACTAM,CARBAPENEM
blaOXA,OXA-51 family carbapenem-hydrolyzing class D beta-lactamase OXA-1339,BETA-LACTAM,CARBAPENEM
blaOXA,OXA-23 family carbapenem-hydrolyzing class D beta-lactamase OXA-133,BETA-LACTAM,CARBAPENEM
blaOXA,OXA-51 family carbapenem-hydrolyzing class D beta-lactamase OXA-1340,BETA-LACTAM,CARBAPENEM
blaOXA,OXA-51 family carbapenem-hydrolyzing class D beta-lactamase OXA-1341,BETA-LACTAM,CARBAPENEM
blaOXA,OXA-213 family carbapenem-hydrolyzing class D beta-lactamase OXA-1342,BETA-LACTAM,CARBAPENEM
blaOXA,OXA-213 family carbapenem-hydrolyzing class D beta-lactamase OXA-1343,BETA-LACTAM,CARBAPENEM
blaOXA,OXA-213 family carbapenem-hydrolyzing class D beta-lactamase OXA-1344,BETA-LACTAM,CARBAPENEM
blaOXA,OXA-213 family carbapenem-hydrolyzing class D beta-lactamase OXA-1345,BETA-LACTAM,CARBAPENEM
blaOXA,OXA-213 family carbapenem-hydrolyzing class D beta-lactamase OXA-1346,BETA-LACTAM,CARBAPENEM
blaOXA,OXA-213 family carbapenem-hydrolyzing class D beta-lactamase OXA-1347,BETA-LACTAM,CARBAPENEM
blaOXA,OXA-213 family carbapenem-hydrolyzing class D beta-lactamase OXA-1348,BETA-LACTAM,CARBAPENEM
blaOXA,OXA-5 family class D beta-lactamase OXA-1349,BETA-LACTAM,BETA-LACTAM
blaOXA,carbapenem-hydrolyzing class D beta-lactamase OXA-134,BETA-LACTAM,CARBAPENEM
blaOXA,OXA-10 family class D beta-lactamase OXA-1350,BETA-LACTAM,BETA-LACTAM
blaOXA,OXA-10 family class D beta-lactamase OXA-1351,BETA-LACTAM,BETA-LACTAM
blaOXA,OXA-10 family class D beta-lactamase OXA-1352,BETA-LACTAM,BETA-LACTAM
blaOXA,OXA-10 family class D beta-lactamase OXA-1353,BETA-LACTAM,BETA-LACTAM
blaOXA,OXA-50 family oxacillin-hydrolyzing class D beta-lactamase OXA-1354,BETA-LACTAM,BETA-LACTAM
blaOXA,OXA-50 family oxacillin-hydrolyzing class D beta-lactamase OXA-1355,BETA-LACTAM,BETA-LACTAM
blaOXA,OXA-50 family oxacillin-hydrolyzing class D beta-lactamase OXA-1356,BETA-LACTAM,BETA-LACTAM
blaOXA,OXA-50 family oxacillin-hydrolyzing class D beta-lactamase OXA-1357,BETA-LACTAM,BETA-LACTAM
blaOXA,OXA-50 family oxacillin-hydrolyzing class D beta-lactamase OXA-1358,BETA-LACTAM,BETA-LACTAM
blaOXA,OXA-50 family oxacillin-hydrolyzing class D beta-lactamase OXA-1359,BETA-LACTAM,BETA-LACTAM
blaOXA,OXA-50 family oxacillin-hydrolyzing class D beta-lactamase OXA-1360,BETA-LACTAM,BETA-LACTAM
blaOXA,OXA-50 family oxacillin-hydrolyzing class D beta-lactamase OXA-1361,BETA-LACTAM,BETA-LACTAM
blaOXA,OXA-50 family oxacillin-hydrolyzing class D beta-lactamase OXA-1362,BETA-LACTAM,BETA-LACTAM
blaOXA,OXA-50 family oxacillin-hydrolyzing class D beta-lactamase OXA-1363,BETA-LACTAM,BETA-LACTAM
blaOXA,OXA-50 family oxacillin-hydrolyzing class D beta-lactamase OXA-1364,BETA-LACTAM,BETA-LACTAM
blaOXA,OXA-50 family oxacillin-hydrolyzing class D beta-lactamase OXA-1365,BETA-LACTAM,BETA-LACTAM
blaOXA,OXA-1 family class D beta-lactamase OXA-1366,BETA-LACTAM,BETA-LACTAM
blaOXA,OXA-1 family class D beta-lactamase OXA-1367,BETA-LACTAM,BETA-LACTAM
blaOXA,OXA-1 family class D beta-lactamase OXA-1368,BETA-LACTAM,BETA-LACTAM
blaOXA,OXA-1 family class D beta-lactamase OXA-1369,BETA-LACTAM,BETA-LACTAM
blaOXA,OXA-63 family oxacillin-hydrolyzing class D beta-lactamase OXA-136,BETA-LACTAM,BETA-LACTAM
blaOXA,OXA-1 family class D beta-lactamase OXA-1370,BETA-LACTAM,BETA-LACTAM
blaOXA,OXA-48 family class D beta-lactamase OXA-1371,BETA-LACTAM,BETA-LACTAM
blaOXA,OXA-2 family class D beta-lactamase OXA-1372,BETA-LACTAM,BETA-LACTAM
blaOXA,OXA-143 family carbapenem-hydrolyzing class D beta-lactamase OXA-1373,BETA-LACTAM,BETA-LACTAM
blaOXA,OXA-51 family carbapenem-hydrolyzing class D beta-lactamase OXA-1374,BETA-LACTAM,CARBAPENEM
blaOXA,OXA-229 family carbapenem-hydrolyzing class D beta-lactamase OXA-1375,BETA-LACTAM,BETA-LACTAM
blaOXA,OXA-58 family carbapenem-hydrolyzing class D beta-lactamase OXA-1376,BETA-LACTAM,CARBAPENEM
blaOXA,OXA-51 family carbapenem-hydrolyzing class D beta-lactamase OXA-1377,BETA-LACTAM,CARBAPENEM
blaOXA,class D beta-lactamase OXA-1378,BETA-LACTAM,BETA-LACTAM
blaOXA,class D beta-lactamase OXA-1379,BETA-LACTAM,BETA-LACTAM
blaOXA,OXA-63 family oxacillin-hydrolyzing class D beta-lactamase OXA-137,BETA-LACTAM,BETA-LACTAM
blaOXA,OXA-51 family carbapenem-hydrolyzing class D beta-lactamase OXA-138,BETA-LACTAM,CARBAPENEM
blaOXA,OXA-24 family carbapenem-hydrolyzing class D beta-lactamase OXA-139,BETA-LACTAM,CARBAPENEM
blaOXA,OXA-10 family oxacillin-hydrolyzing class D beta-lactamase OXA-13,BETA-LACTAM,CEPHALOSPORIN
blaOXA,OXA-2 family extended-spectrum class D beta-lactamase OXA-141,BETA-LACTAM,CEPHALOSPORIN
blaOXA,OXA-10 family extended-spectrum class D beta-lactamase OXA-142,BETA-LACTAM,CEPHALOSPORIN
blaOXA-143,blaOXA-143 promoter region,BETA-LACTAM,CARBAPENEM
blaOXA-143,blaOXA-143 promoter region,BETA-LACTAM,CARBAPENEM
blaOXA,carbapenem-hydrolyzing class D beta-lactamase OXA-143,BETA-LACTAM,CARBAPENEM
blaOXA,OXA-51 family carbapenem-hydrolyzing class D beta-lactamase OXA-144,BETA-LACTAM,CARBAPENEM
blaOXA,OXA-10 family extended-spectrum class D beta-lactamase OXA-145,BETA-LACTAM,CEPHALOSPORIN
blaOXA,OXA-23 family carbapenem-hydrolyzing class D beta-lactamase OXA-146,BETA-LACTAM,CARBAPENEM
blaOXA,OXA-10 family extended-spectrum class D beta-lactamase OXA-147,BETA-LACTAM,CEPHALOSPORIN
blaOXA,OXA-51 family carbapenem-hydrolyzing class D beta-lactamase OXA-148,BETA-LACTAM,CARBAPENEM
blaOXA,OXA-51 family carbapenem-hydrolyzing class D beta-lactamase OXA-149,BETA-LACTAM,CARBAPENEM
blaOXA,OXA-10 family extended-spectrum class D beta-lactamase OXA-14,BETA-LACTAM,CEPHALOSPORIN
blaOXA,OXA-51 family carbapenem-hydrolyzing class D beta-lactamase OXA-150,BETA-LACTAM,CARBAPENEM
blaOXA,OXA-62 family carbapenem-hydrolyzing class D beta-lactamase OXA-151,BETA-LACTAM,CARBAPENEM
blaOXA,OXA-62 family carbapenem-hydrolyzing class D beta-lactamase OXA-152,BETA-LACTAM,CARBAPENEM
blaOXA,OXA-62 family carbapenem-hydrolyzing class D beta-lactamase OXA-153,BETA-LACTAM,CARBAPENEM
blaOXA,OXA-62 family carbapenem-hydrolyzing class D beta-lactamase OXA-154,BETA-LACTAM,CARBAPENEM
blaOXA,OXA-62 family carbapenem-hydrolyzing class D beta-lactamase OXA-155,BETA-LACTAM,CARBAPENEM
blaOXA,OXA-62 family carbapenem-hydrolyzing class D beta-lactamase OXA-156,BETA-LACTAM,CARBAPENEM
blaOXA,OXA-62 family carbapenem-hydrolyzing class D beta-lactamase OXA-157,BETA-LACTAM,CARBAPENEM
blaOXA,OXA-62 family carbapenem-hydrolyzing class D beta-lactamase OXA-158,BETA-LACTAM,CARBAPENEM
blaOXA,OXA-62 family carbapenem-hydrolyzing class D beta-lactamase OXA-159,BETA-LACTAM,CARBAPENEM
blaOXA,OXA-2 family extended-spectrum class D beta-lactamase OXA-15,BETA-LACTAM,CEFIDEROCOL/CEPHALOSPORIN
blaOXA,OXA-24 family carbapenem-hydrolyzing class D beta-lactamase OXA-160,BETA-LACTAM,CARBAPENEM
blaOXA,OXA-2 family extended-spectrum class D beta-lactamase OXA-161,BETA-LACTAM,CEPHALOSPORIN
blaOXA,OXA-48 family carbapenem-hydrolyzing class D beta-lactamase OXA-162,BETA-LACTAM,CARBAPENEM
blaOXA,OXA-48 family extended-spectrum class D beta-lactamase OXA-163,BETA-LACTAM,CEPHALOSPORIN
blaOXA,OXA-58 family carbapenem-hydrolyzing class D beta-lactamase OXA-164,BETA-LACTAM,CARBAPENEM
blaOXA,OXA-23 family carbapenem-hydrolyzing class D beta-lactamase OXA-165,BETA-LACTAM,CARBAPENEM
blaOXA,OXA-23 family carbapenem-hydrolyzing class D beta-lactamase OXA-166,BETA-LACTAM,CARBAPENEM
blaOXA,OXA-23 family carbapenem-hydrolyzing class D beta-lactamase OXA-167,BETA-LACTAM,CARBAPENEM
blaOXA,OXA-23 family carbapenem-hydrolyzing class D beta-lactamase OXA-168,BETA-LACTAM,CARBAPENEM
blaOXA,OXA-23 family carbapenem-hydrolyzing class D beta-lactamase OXA-169,BETA-LACTAM,CARBAPENEM
blaOXA,OXA-23 family carbapenem-hydrolyzing class D beta-lactamase OXA-170,BETA-LACTAM,CARBAPENEM
blaOXA,OXA-23 family carbapenem-hydrolyzing class D beta-lactamase OXA-171,BETA-LACTAM,CARBAPENEM
blaOXA,OXA-51 family carbapenem-hydrolyzing class D beta-lactamase OXA-172,BETA-LACTAM,CARBAPENEM
blaOXA,OXA-51 family carbapenem-hydrolyzing class D beta-lactamase OXA-173,BETA-LACTAM,CARBAPENEM
blaOXA,OXA-51 family carbapenem-hydrolyzing class D beta-lactamase OXA-174,BETA-LACTAM,CARBAPENEM
blaOXA,OXA-51 family carbapenem-hydrolyzing class D beta-lactamase OXA-175,BETA-LACTAM,CARBAPENEM
blaOXA,OXA-51 family carbapenem-hydrolyzing class D beta-lactamase OXA-176,BETA-LACTAM,CARBAPENEM
blaOXA,OXA-51 family carbapenem-hydrolyzing class D beta-lactamase OXA-177,BETA-LACTAM,CARBAPENEM
blaOXA,OXA-51 family carbapenem-hydrolyzing class D beta-lactamase OXA-178,BETA-LACTAM,CARBAPENEM
blaOXA,OXA-51 family carbapenem-hydrolyzing class D beta-lactamase OXA-179,BETA-LACTAM,CARBAPENEM
blaOXA,OXA-10 family extended-spectrum class D beta-lactamase OXA-17,BETA-LACTAM,CEPHALOSPORIN
blaOXA,OXA-51 family carbapenem-hydrolyzing class D beta-lactamase OXA-180,BETA-LACTAM,CARBAPENEM
blaOXA,OXA-48 family carbapenem-hydrolyzing class D beta-lactamase OXA-181,BETA-LACTAM,CARBAPENEM
blaOXA,OXA-143 family carbapenem-hydrolyzing class D beta-lactamase OXA-182,BETA-LACTAM,CARBAPENEM
blaOXA,OXA-10 family extended-spectrum class D beta-lactamase OXA-183,BETA-LACTAM,CEPHALOSPORIN
blaOXA,OXA-184 family class D beta-lactamase OXA-184,BETA-LACTAM,BETA-LACTAM
blaOXA,OXA-184 family class D beta-lactamase OXA-185,BETA-LACTAM,BETA-LACTAM
blaOXA,extended-spectrum class D beta-lactamase OXA-18,BETA-LACTAM,CEPHALOSPORIN
blaOXA,OXA-63 family oxacillin-hydrolyzing class D beta-lactamase OXA-192,BETA-LACTAM,BETA-LACTAM
blaOXA,OXA-61 family class D beta-lactamase OXA-193,BETA-LACTAM,BETA-LACTAM
blaOXA,OXA-51 family carbapenem-hydrolyzing class D beta-lactamase OXA-194,BETA-LACTAM,CARBAPENEM
blaOXA,OXA-51 family carbapenem-hydrolyzing class D beta-lactamase OXA-195,BETA-LACTAM,CARBAPENEM
blaOXA,OXA-51 family carbapenem-hydrolyzing class D beta-lactamase OXA-196,BETA-LACTAM,CARBAPENEM
blaOXA,OXA-51 family carbapenem-hydrolyzing class D beta-lactamase OXA-197,BETA-LACTAM,CARBAPENEM
blaOXA,carbapenem-hydrolyzing class D beta-lactamase OXA-198,BETA-LACTAM,CARBAPENEM
blaOXA,OXA-48 family carbapenem-hydrolyzing class D beta-lactamase OXA-199,BETA-LACTAM,CARBAPENEM
blaOXA,OXA-10 family extended-spectrum class D beta-lactamase OXA-19,BETA-LACTAM,CEPHALOSPORIN
blaOXA,oxacillin-hydrolyzing class D beta-lactamase OXA-1,BETA-LACTAM,CEPHALOSPORIN
blaOXA,OXA-51 family carbapenem-hydrolyzing class D beta-lactamase OXA-200,BETA-LACTAM,CARBAPENEM
blaOXA,OXA-51 family carbapenem-hydrolyzing class D beta-lactamase OXA-201,BETA-LACTAM,CARBAPENEM
blaOXA,OXA-51 family carbapenem-hydrolyzing class D beta-lactamase OXA-202,BETA-LACTAM,CARBAPENEM
blaOXA,OXA-51 family carbapenem-hydrolyzing class D beta-lactamase OXA-203,BETA-LACTAM,CARBAPENEM
blaOXA,OXA-48 family carbapenem-hydrolyzing class D beta-lactamase OXA-204,BETA-LACTAM,CARBAPENEM
blaOXA,OXA-46 family oxacillin-hydrolyzing class D beta-lactamase OXA-205,BETA-LACTAM,BETA-LACTAM
blaOXA,OXA-51 family carbapenem-hydrolyzing class D beta-lactamase OXA-206,BETA-LACTAM,CARBAPENEM
blaOXA,OXA-24 family carbapenem-hydrolyzing class D beta-lactamase OXA-207,BETA-LACTAM,CARBAPENEM
blaOXA,OXA-51 family carbapenem-hydrolyzing class D beta-lactamase OXA-208,BETA-LACTAM,CARBAPENEM
blaOXA,class D beta-lactamase OXA-209,BETA-LACTAM,BETA-LACTAM
blaOXA,oxacillin-hydrolyzing class D beta-lactamase OXA-20,BETA-LACTAM,BETA-LACTAM
blaOXA,OXA-2 family extended-spectrum class D beta-lactamase OXA-210,BETA-LACTAM,CEPHALOSPORIN
blaOXA,carbapenem-hydrolyzing class D beta-lactamase OXA-211,BETA-LACTAM,CARBAPENEM
blaOXA,OXA-211 family carbapenem-hydrolyzing class D beta-lactamase OXA-212,BETA-LACTAM,CARBAPENEM
blaOXA,carbapenem-hydrolyzing class D beta-lactamase OXA-213,BETA-LACTAM,CARBAPENEM
blaOXA,carbapenem-hydrolyzing class D beta-lactamase OXA-214,BETA-LACTAM,CARBAPENEM
blaOXA,OXA-214 family carbapenem-hydrolyzing class D beta-lactamase OXA-215,BETA-LACTAM,CARBAPENEM
blaOXA,OXA-51 family carbapenem-hydrolyzing class D beta-lactamase OXA-216,BETA-LACTAM,CARBAPENEM
blaOXA,OXA-51 family carbapenem-hydrolyzing class D beta-lactamase OXA-217,BETA-LACTAM,CARBAPENEM
blaOXA,OXA-51 family carbapenem-hydrolyzing class D beta-lactamase OXA-219,BETA-LACTAM,CARBAPENEM
blaOXA,OXA-2 family oxacillin-hydrolyzing class D beta-lactamase OXA-21,BETA-LACTAM,BETA-LACTAM
blaOXA,OXA-51 family carbapenem-hydrolyzing class D beta-lactamase OXA-223,BETA-LACTAM,CARBAPENEM
blaOXA,OXA-1 family class D beta-lactamase OXA-224,BETA-LACTAM,BETA-LACTAM
blaOXA,OXA-23 family carbapenem-hydrolyzing class D beta-lactamase OXA-225,BETA-LACTAM,CARBAPENEM
blaOXA,OXA-2 family inhibitor-resistant extended-spectrum class D beta-lactamase OXA-226,BETA-LACTAM,CEPHALOSPORIN
blaOXA,OXA-229 family carbapenem-hydrolyzing class D beta-lactamase OXA-228,BETA-LACTAM,CARBAPENEM
blaOXA,carbapenem-hydrolyzing class D beta-lactamase OXA-229,BETA-LACTAM,CARBAPENEM
blaOXA,benzylpenicillin-hydrolyzing class D beta-lactamase OXA-22,BETA-LACTAM,BETA-LACTAM
blaOXA,OXA-229 family carbapenem-hydrolyzing class D beta-lactamase OXA-230,BETA-LACTAM,CARBAPENEM
blaOXA,OXA-143 family carbapenem-hydrolyzing class D beta-lactamase OXA-231,BETA-LACTAM,CARBAPENEM
blaOXA,OXA-48 family carbapenem-hydrolyzing class D beta-lactamase OXA-232,BETA-LACTAM,CARBAPENEM
blaOXA,OXA-10 family carbapenem-hydrolyzing class D beta-lactamase OXA-233,BETA-LACTAM,CARBAPENEM
blaOXA,OXA-51 family carbapenem-hydrolyzing class D beta-lactamase OXA-234,BETA-LACTAM,CARBAPENEM
blaOXA,OXA-134 family carbapenem-hydrolyzing class D beta-lactamase OXA-235,BETA-LACTAM,CARBAPENEM
blaOXA,OXA-134 family carbapenem-hydrolyzing class D beta-lactamase OXA-236,BETA-LACTAM,CARBAPENEM
blaOXA,OXA-134 family carbapenem-hydrolyzing class D beta-lactamase OXA-237,BETA-LACTAM,CARBAPENEM
blaOXA,OXA-23 family carbapenem-hydrolyzing class D beta-lactamase OXA-239,BETA-LACTAM,CARBAPENEM
blaOXA,OXA-23 family carbapenem-hydrolyzing class D beta-lactamase OXA-23,BETA-LACTAM,CARBAPENEM
blaOXA,OXA-10 family extended-spectrum class D beta-lactamase OXA-240,BETA-LACTAM,CEPHALOSPORIN
blaOXA,OXA-51 family carbapenem-hydrolyzing class D beta-lactamase OXA-241,BETA-LACTAM,CARBAPENEM
blaOXA,OXA-51 family carbapenem-hydrolyzing class D beta-lactamase OXA-242,BETA-LACTAM,CARBAPENEM
blaOXA,class D beta-lactamase OXA-243,BETA-LACTAM,BETA-LACTAM
blaOXA,OXA-48 family carbapenem-hydrolyzing class D beta-lactamase OXA-244,BETA-LACTAM,CARBAPENEM
blaOXA,OXA-48 family carbapenem-hydrolyzing class D beta-lactamase OXA-245,BETA-LACTAM,CARBAPENEM
blaOXA,OXA-10 family class D beta-lactamase OXA-246,BETA-LACTAM,BETA-LACTAM
blaOXA,OXA-48 family extended-spectrum class D beta-lactamase OXA-247,BETA-LACTAM,CEPHALOSPORIN
blaOXA,OXA-51 family carbapenem-hydrolyzing class D beta-lactamase OXA-248,BETA-LACTAM,CARBAPENEM
blaOXA,OXA-51 family carbapenem-hydrolyzing class D beta-lactamase OXA-249,BETA-LACTAM,CARBAPENEM
blaOXA,OXA-24 family carbapenem-hydrolyzing class D beta-lactamase OXA-24,BETA-LACTAM,CARBAPENEM
blaOXA,OXA-51 family carbapenem-hydrolyzing class D beta-lactamase OXA-250,BETA-LACTAM,CARBAPENEM
blaOXA,OXA-10 family class D beta-lactamase OXA-251,BETA-LACTAM,BETA-LACTAM
blaOXA,OXA-48 family carbapenem-hydrolyzing class D beta-lactamase OXA-252,BETA-LACTAM,CARBAPENEM
blaOXA,OXA-143 family carbapenem-hydrolyzing class D beta-lactamase OXA-253,BETA-LACTAM,CARBAPENEM
blaOXA,OXA-51 family carbapenem-hydrolyzing class D beta-lactamase OXA-254,BETA-LACTAM,CARBAPENEM
blaOXA,OXA-143 family carbapenem-hydrolyzing class D beta-lactamase OXA-255,BETA-LACTAM,CARBAPENEM
blaOXA,OXA-10 family extended-spectrum class D beta-lactamase OXA-256,BETA-LACTAM,CEPHALOSPORIN
blaOXA,OXA-229 family carbapenem-hydrolyzing class D beta-lactamase OXA-257,BETA-LACTAM,CARBAPENEM
blaOXA,OXA-258 family carbapenem-hydrolyzing class D beta-lactamase OXA-258,BETA-LACTAM,BETA-LACTAM
blaOXA,OXA-51 family carbapenem-hydrolyzing class D beta-lactamase OXA-259,BETA-LACTAM,CARBAPENEM
blaOXA,OXA-24 family carbapenem-hydrolyzing class D beta-lactamase OXA-25,BETA-LACTAM,CARBAPENEM
blaOXA,OXA-51 family carbapenem-hydrolyzing class D beta-lactamase OXA-260,BETA-LACTAM,CARBAPENEM
blaOXA,OXA-51 family carbapenem-hydrolyzing class D beta-lactamase OXA-261,BETA-LACTAM,CARBAPENEM
blaOXA,OXA-51 family carbapenem-hydrolyzing class D beta-lactamase OXA-262,BETA-LACTAM,CARBAPENEM
blaOXA,OXA-51 family carbapenem-hydrolyzing class D beta-lactamase OXA-263,BETA-LACTAM,CARBAPENEM
blaOXA,OXA-214 family carbapenem-hydrolyzing class D beta-lactamase OXA-264,BETA-LACTAM,CARBAPENEM
blaOXA,OXA-214 family carbapenem-hydrolyzing class D beta-lactamase OXA-265,BETA-LACTAM,CARBAPENEM
blaOXA,class D beta-lactamase OXA-266,BETA-LACTAM,BETA-LACTAM
blaOXA,OXA-213 family carbapenem-hydrolyzing class D beta-lactamase OXA-267,BETA-LACTAM,CARBAPENEM
blaOXA,OXA-213 family carbapenem-hydrolyzing class D beta-lactamase OXA-268,BETA-LACTAM,CARBAPENEM
blaOXA,OXA-213 family carbapenem-hydrolyzing class D beta-lactamase OXA-269,BETA-LACTAM,CARBAPENEM
blaOXA,OXA-24 family carbapenem-hydrolyzing class D beta-lactamase OXA-26,BETA-LACTAM,CARBAPENEM
blaOXA,OXA-213 family carbapenem-hydrolyzing class D beta-lactamase OXA-270,BETA-LACTAM,CARBAPENEM
blaOXA,OXA-213 family carbapenem-hydrolyzing class D beta-lactamase OXA-271,BETA-LACTAM,CARBAPENEM
blaOXA,OXA-213 family carbapenem-hydrolyzing class D beta-lactamase OXA-272,BETA-LACTAM,CARBAPENEM
blaOXA,OXA-213 family carbapenem-hydrolyzing class D beta-lactamase OXA-273,BETA-LACTAM,CARBAPENEM
blaOXA,OXA-274 family carbapenem-hydrolyzing class D beta-lactamase OXA-274,BETA-LACTAM,CARBAPENEM
blaOXA,OXA-274 family carbapenem-hydrolyzing class D beta-lactamase OXA-275,BETA-LACTAM,CARBAPENEM
blaOXA,OXA-134 family carbapenem-hydrolyzing class D beta-lactamase OXA-276,BETA-LACTAM,CARBAPENEM
blaOXA,OXA-134 family carbapenem-hydrolyzing class D beta-lactamase OXA-277,BETA-LACTAM,CARBAPENEM
blaOXA,OXA-134 family carbapenem-hydrolyzing class D beta-lactamase OXA-278,BETA-LACTAM,CARBAPENEM
blaOXA,class D beta-lactamase OXA-279,BETA-LACTAM,BETA-LACTAM
blaOXA,OXA-23 family carbapenem-hydrolyzing class D beta-lactamase OXA-27,BETA-LACTAM,CARBAPENEM
blaOXA,OXA-211 family carbapenem-hydrolyzing class D beta-lactamase OXA-280,BETA-LACTAM,CARBAPENEM
blaOXA,OXA-211 family carbapenem-hydrolyzing class D beta-lactamase OXA-281,BETA-LACTAM,CARBAPENEM
blaOXA,OXA-134 family carbapenem-hydrolyzing class D beta-lactamase OXA-282,BETA-LACTAM,CARBAPENEM
blaOXA,OXA-134 family carbapenem-hydrolyzing class D beta-lactamase OXA-283,BETA-LACTAM,CARBAPENEM
blaOXA,OXA-134 family carbapenem-hydrolyzing class D beta-lactamase OXA-284,BETA-LACTAM,CARBAPENEM
blaOXA,OXA-134 family carbapenem-hydrolyzing class D beta-lactamase OXA-285,BETA-LACTAM,CARBAPENEM
blaOXA,OXA-286 family carbapenem-hydrolyzing class D beta-lactamase OXA-286,BETA-LACTAM,CARBAPENEM
blaOXA,OXA-286 family carbapenem-hydrolyzing class D beta-lactamase OXA-287,BETA-LACTAM,CARBAPENEM
blaOXA,OXA-286 family carbapenem-hydrolyzing class D beta-lactamase OXA-288,BETA-LACTAM,CARBAPENEM
blaOXA,class D beta-lactamase OXA-289,BETA-LACTAM,BETA-LACTAM
blaOXA,OXA-10 family extended-spectrum class D beta-lactamase OXA-28,BETA-LACTAM,CEPHALOSPORIN
blaOXA,class D beta-lactamase OXA-290,BETA-LACTAM,BETA-LACTAM
blaOXA,OXA-286 family carbapenem-hydrolyzing class D beta-lactamase OXA-291,BETA-LACTAM,CARBAPENEM
blaOXA,OXA-286 family carbapenem-hydrolyzing class D beta-lactamase OXA-292,BETA-LACTAM,CARBAPENEM
blaOXA,OXA-286 family carbapenem-hydrolyzing class D beta-lactamase OXA-293,BETA-LACTAM,CARBAPENEM
blaOXA,class D beta-lactamase OXA-294,BETA-LACTAM,BETA-LACTAM
blaOXA,OXA-294 family class D beta-lactamase OXA-295,BETA-LACTAM,BETA-LACTAM
blaOXA,class D beta-lactamase OXA-296,BETA-LACTAM,BETA-LACTAM
blaOXA,OXA-294 family class D beta-lactamase OXA-297,BETA-LACTAM,BETA-LACTAM
blaOXA,OXA-294 family class D beta-lactamase OXA-298,BETA-LACTAM,BETA-LACTAM
blaOXA,class D beta-lactamase OXA-299,BETA-LACTAM,BETA-LACTAM
blaOXA,oxacillin-hydrolyzing class D beta-lactamase OXA-29,BETA-LACTAM,BETA-LACTAM
blaOXA,oxacillin-hydrolyzing class D beta-lactamase OXA-2,BETA-LACTAM,BETA-LACTAM
blaOXA,OXA-229 family carbapenem-hydrolyzing class D beta-lactamase OXA-300,BETA-LACTAM,CARBAPENEM
blaOXA,OXA-229 family carbapenem-hydrolyzing class D beta-lactamase OXA-301,BETA-LACTAM,CARBAPENEM
blaOXA,OXA-286 family carbapenem-hydrolyzing class D beta-lactamase OXA-302,BETA-LACTAM,CARBAPENEM
blaOXA,OXA-286 family carbapenem-hydrolyzing class D beta-lactamase OXA-303,BETA-LACTAM,CARBAPENEM
blaOXA,OXA-213 family carbapenem-hydrolyzing class D beta-lactamase OXA-304,BETA-LACTAM,CARBAPENEM
blaOXA,OXA-213 family carbapenem-hydrolyzing class D beta-lactamase OXA-305,BETA-LACTAM,CARBAPENEM
blaOXA,OXA-286 family carbapenem-hydrolyzing class D beta-lactamase OXA-306,BETA-LACTAM,CARBAPENEM
blaOXA,OXA-286 family carbapenem-hydrolyzing class D beta-lactamase OXA-307,BETA-LACTAM,CARBAPENEM
blaOXA,class D beta-lactamase OXA-308,BETA-LACTAM,BETA-LACTAM
blaOXA,OXA-211 family carbapenem-hydrolyzing class D beta-lactamase OXA-309,BETA-LACTAM,CARBAPENEM
blaOXA,OXA-51 family carbapenem-hydrolyzing class D beta-lactamase OXA-312,BETA-LACTAM,CARBAPENEM
blaOXA,OXA-51 family carbapenem-hydrolyzing class D beta-lactamase OXA-313,BETA-LACTAM,CARBAPENEM
blaOXA,OXA-51 family carbapenem-hydrolyzing class D beta-lactamase OXA-314,BETA-LACTAM,CARBAPENEM
blaOXA,OXA-51 family carbapenem-hydrolyzing class D beta-lactamase OXA-315,BETA-LACTAM,CARBAPENEM
blaOXA,OXA-51 family carbapenem-hydrolyzing class D beta-lactamase OXA-316,BETA-LACTAM,CARBAPENEM
blaOXA,OXA-51 family carbapenem-hydrolyzing class D beta-lactamase OXA-317,BETA-LACTAM,CARBAPENEM
blaOXA,OXA-1 family extended-spectrum class D beta-lactamase OXA-31,BETA-LACTAM,CEPHALOSPORIN
blaOXA,OXA-1 family class D beta-lactamase OXA-320,BETA-LACTAM,BETA-LACTAM
blaOXA,OXA-213 family carbapenem-hydrolyzing class D beta-lactamase OXA-322,BETA-LACTAM,CARBAPENEM
blaOXA,OXA-213 family carbapenem-hydrolyzing class D beta-lactamase OXA-323,BETA-LACTAM,CARBAPENEM
blaOXA,OXA-213 family carbapenem-hydrolyzing class D beta-lactamase OXA-324,BETA-LACTAM,CARBAPENEM
blaOXA,OXA-213 family carbapenem-hydrolyzing class D beta-lactamase OXA-325,BETA-LACTAM,CARBAPENEM
blaOXA,OXA-213 family carbapenem-hydrolyzing class D beta-lactamase OXA-326,BETA-LACTAM,CARBAPENEM
blaOXA,OXA-213 family carbapenem-hydrolyzing class D beta-lactamase OXA-327,BETA-LACTAM,CARBAPENEM
blaOXA,OXA-213 family carbapenem-hydrolyzing class D beta-lactamase OXA-328,BETA-LACTAM,CARBAPENEM
blaOXA,OXA-213 family carbapenem-hydrolyzing class D beta-lactamase OXA-329,BETA-LACTAM,CARBAPENEM
blaOXA,OXA-2 family extended-spectrum class D beta-lactamase OXA-32,BETA-LACTAM,CEPHALOSPORIN
blaOXA,OXA-213 family carbapenem-hydrolyzing class D beta-lactamase OXA-330,BETA-LACTAM,CARBAPENEM
blaOXA,OXA-213 family carbapenem-hydrolyzing class D beta-lactamase OXA-331,BETA-LACTAM,CARBAPENEM
blaOXA,OXA-213 family carbapenem-hydrolyzing class D beta-lactamase OXA-332,BETA-LACTAM,CARBAPENEM
blaOXA,OXA-211 family carbapenem-hydrolyzing class D beta-lactamase OXA-333,BETA-LACTAM,CARBAPENEM
blaOXA,OXA-211 family carbapenem-hydrolyzing class D beta-lactamase OXA-334,BETA-LACTAM,CARBAPENEM
blaOXA,OXA-134 family carbapenem-hydrolyzing class D beta-lactamase OXA-335,BETA-LACTAM,CARBAPENEM
blaOXA,OXA-51 family carbapenem-hydrolyzing class D beta-lactamase OXA-336,BETA-LACTAM,CARBAPENEM
blaOXA,OXA-51 family carbapenem-hydrolyzing class D beta-lactamase OXA-337,BETA-LACTAM,CARBAPENEM
blaOXA,OXA-51 family carbapenem-hydrolyzing class D beta-lactamase OXA-338,BETA-LACTAM,CARBAPENEM
blaOXA,OXA-51 family carbapenem-hydrolyzing class D beta-lactamase OXA-339,BETA-LACTAM,CARBAPENEM
blaOXA,OXA-51 family carbapenem-hydrolyzing class D beta-lactamase OXA-340,BETA-LACTAM,CARBAPENEM
blaOXA,OXA-51 family carbapenem-hydrolyzing class D beta-lactamase OXA-341,BETA-LACTAM,CARBAPENEM
blaOXA,OXA-51 family carbapenem-hydrolyzing class D beta-lactamase OXA-342,BETA-LACTAM,CARBAPENEM
blaOXA,OXA-51 family carbapenem-hydrolyzing class D beta-lactamase OXA-343,BETA-LACTAM,CARBAPENEM
blaOXA,OXA-51 family carbapenem-hydrolyzing class D beta-lactamase OXA-344,BETA-LACTAM,CARBAPENEM
blaOXA,OXA-51 family carbapenem-hydrolyzing class D beta-lactamase OXA-345,BETA-LACTAM,CARBAPENEM
blaOXA,OXA-51 family carbapenem-hydrolyzing class D beta-lactamase OXA-346,BETA-LACTAM,CARBAPENEM
blaOXA,class D beta-lactamase OXA-347,BETA-LACTAM,BETA-LACTAM
blaOXA,OXA-213 family carbapenem-hydrolyzing class D beta-lactamase OXA-348,BETA-LACTAM,CARBAPENEM
blaOXA,OXA-213 family carbapenem-hydrolyzing class D beta-lactamase OXA-349,BETA-LACTAM,CARBAPENEM
blaOXA,OXA-213 family carbapenem-hydrolyzing class D beta-lactamase OXA-350,BETA-LACTAM,CARBAPENEM
blaOXA,OXA-213 family carbapenem-hydrolyzing class D beta-lactamase OXA-351,BETA-LACTAM,CARBAPENEM
blaOXA,OXA-213 family carbapenem-hydrolyzing class D beta-lactamase OXA-352,BETA-LACTAM,CARBAPENEM
blaOXA,OXA-213 family carbapenem-hydrolyzing class D beta-lactamase OXA-353,BETA-LACTAM,CARBAPENEM
blaOXA,OXA-213 family carbapenem-hydrolyzing class D beta-lactamase OXA-354,BETA-LACTAM,CARBAPENEM
blaOXA,OXA-229 family carbapenem-hydrolyzing class D beta-lactamase OXA-355,BETA-LACTAM,CARBAPENEM
blaOXA,OXA-229 family carbapenem-hydrolyzing class D beta-lactamase OXA-356,BETA-LACTAM,CARBAPENEM
blaOXA,OXA-213 family carbapenem-hydrolyzing class D beta-lactamase OXA-357,BETA-LACTAM,CARBAPENEM
blaOXA,OXA-213 family carbapenem-hydrolyzing class D beta-lactamase OXA-358,BETA-LACTAM,CARBAPENEM
blaOXA,OXA-213 family carbapenem-hydrolyzing class D beta-lactamase OXA-359,BETA-LACTAM,CARBAPENEM
blaOXA,OXA-10 family extended-spectrum class D beta-lactamase OXA-35,BETA-LACTAM,CEPHALOSPORIN
blaOXA,OXA-134 family carbapenem-hydrolyzing class D beta-lactamase OXA-360,BETA-LACTAM,CARBAPENEM
blaOXA,OXA-134 family carbapenem-hydrolyzing class D beta-lactamase OXA-361,BETA-LACTAM,CARBAPENEM
blaOXA,OXA-134 family carbapenem-hydrolyzing class D beta-lactamase OXA-362,BETA-LACTAM,CARBAPENEM
blaOXA,OXA-134 family carbapenem-hydrolyzing class D beta-lactamase OXA-363,BETA-LACTAM,CARBAPENEM
blaOXA,OXA-364 family class D beta-lactamase OXA-364,BETA-LACTAM,BETA-LACTAM
blaOXA,OXA-51 family carbapenem-hydrolyzing class D beta-lactamase OXA-365,BETA-LACTAM,CARBAPENEM
blaOXA,OXA-23 family carbapenem-hydrolyzing class D beta-lactamase OXA-366,BETA-LACTAM,CARBAPENEM
blaOXA,OXA-10 family class D beta-lactamase OXA-368,BETA-LACTAM,BETA-LACTAM
blaOXA,OXA-48 family carbapenem-hydrolyzing class D beta-lactamase OXA-370,BETA-LACTAM,CARBAPENEM
blaOXA,OXA-51 family carbapenem-hydrolyzing class D beta-lactamase OXA-371,BETA-LACTAM,CARBAPENEM
blaOXA,carbapenem-hydrolyzing class D beta-lactamase OXA-372,BETA-LACTAM,CARBAPENEM
blaOXA,OXA-211 family carbapenem-hydrolyzing class D beta-lactamase OXA-373,BETA-LACTAM,CARBAPENEM
blaOXA,OXA-51 family carbapenem-hydrolyzing class D beta-lactamase OXA-374,BETA-LACTAM,CARBAPENEM
blaOXA,OXA-51 family carbapenem-hydrolyzing class D beta-lactamase OXA-375,BETA-LACTAM,CARBAPENEM
blaOXA,OXA-51 family carbapenem-hydrolyzing class D beta-lactamase OXA-376,BETA-LACTAM,CARBAPENEM
blaOXA,OXA-51 family carbapenem-hydrolyzing class D beta-lactamase OXA-377,BETA-LACTAM,CARBAPENEM
blaOXA,OXA-51 family carbapenem-hydrolyzing class D beta-lactamase OXA-378,BETA-LACTAM,CARBAPENEM
blaOXA,OXA-51 family carbapenem-hydrolyzing class D beta-lactamase OXA-379,BETA-LACTAM,CARBAPENEM
blaOXA,oxacillin-hydrolyzing class D beta-lactamase OXA-37,BETA-LACTAM,BETA-LACTAM
blaOXA,OXA-51 family carbapenem-hydrolyzing class D beta-lactamase OXA-380,BETA-LACTAM,CARBAPENEM
blaOXA,OXA-51 family carbapenem-hydrolyzing class D beta-lactamase OXA-381,BETA-LACTAM,CARBAPENEM
blaOXA,OXA-51 family carbapenem-hydrolyzing class D beta-lactamase OXA-382,BETA-LACTAM,CARBAPENEM
blaOXA,OXA-51 family carbapenem-hydrolyzing class D beta-lactamase OXA-383,BETA-LACTAM,CARBAPENEM
blaOXA,OXA-51 family carbapenem-hydrolyzing class D beta-lactamase OXA-384,BETA-LACTAM,CARBAPENEM
blaOXA,OXA-51 family carbapenem-hydrolyzing class D beta-lactamase OXA-385,BETA-LACTAM,CARBAPENEM
blaOXA,OXA-51 family carbapenem-hydrolyzing class D beta-lactamase OXA-386,BETA-LACTAM,CARBAPENEM
blaOXA,OXA-51 family carbapenem-hydrolyzing class D beta-lactamase OXA-387,BETA-LACTAM,CARBAPENEM
blaOXA,OXA-51 family carbapenem-hydrolyzing class D beta-lactamase OXA-388,BETA-LACTAM,CARBAPENEM
blaOXA,OXA-51 family carbapenem-hydrolyzing class D beta-lactamase OXA-389,BETA-LACTAM,CARBAPENEM
blaOXA,OXA-51 family carbapenem-hydrolyzing class D beta-lactamase OXA-390,BETA-LACTAM,CARBAPENEM
blaOXA,OXA-51 family carbapenem-hydrolyzing class D beta-lactamase OXA-391,BETA-LACTAM,CARBAPENEM
blaOXA,OXA-1 family class D beta-lactamase OXA-392,BETA-LACTAM,BETA-LACTAM
blaOXA,OXA-50 family oxacillin-hydrolyzing class D beta-lactamase OXA-395,BETA-LACTAM,BETA-LACTAM
blaOXA,OXA-50 family oxacillin-hydrolyzing class D beta-lactamase OXA-396,BETA-LACTAM,BETA-LACTAM
blaOXA,OXA-58 family carbapenem-hydrolyzing class D beta-lactamase OXA-397,BETA-LACTAM,CARBAPENEM
blaOXA,OXA-23 family carbapenem-hydrolyzing class D beta-lactamase OXA-398,BETA-LACTAM,CARBAPENEM
blaOXA,OXA-2 family oxacillin-hydrolyzing class D beta-lactamase OXA-3,BETA-LACTAM,BETA-LACTAM
blaOXA,OXA-51 family carbapenem-hydrolyzing class D beta-lactamase OXA-400,BETA-LACTAM,CARBAPENEM
blaOXA,OXA-51 family carbapenem-hydrolyzing class D beta-lactamase OXA-401,BETA-LACTAM,CARBAPENEM
blaOXA,OXA-51 family carbapenem-hydrolyzing class D beta-lactamase OXA-402,BETA-LACTAM,CARBAPENEM
blaOXA,OXA-51 family carbapenem-hydrolyzing class D beta-lactamase OXA-403,BETA-LACTAM,CARBAPENEM
blaOXA,OXA-51 family carbapenem-hydrolyzing class D beta-lactamase OXA-404,BETA-LACTAM,CARBAPENEM
blaOXA,OXA-48 family extended-spectrum class D beta-lactamase OXA-405,BETA-LACTAM,CEPHALOSPORIN
blaOXA,OXA-51 family carbapenem-hydrolyzing class D beta-lactamase OXA-406,BETA-LACTAM,CARBAPENEM
blaOXA,OXA-51 family carbapenem-hydrolyzing class D beta-lactamase OXA-407,BETA-LACTAM,CARBAPENEM
blaOXA,OXA-51 family carbapenem-hydrolyzing class D beta-lactamase OXA-408,BETA-LACTAM,CARBAPENEM
blaOXA,OXA-51 family carbapenem-hydrolyzing class D beta-lactamase OXA-409,BETA-LACTAM,CARBAPENEM
blaOXA,OXA-51 family carbapenem-hydrolyzing class D beta-lactamase OXA-410,BETA-LACTAM,CARBAPENEM
blaOXA,OXA-51 family carbapenem-hydrolyzing class D beta-lactamase OXA-411,BETA-LACTAM,CARBAPENEM
blaOXA,OXA-51 family carbapenem-hydrolyzing class D beta-lactamase OXA-412,BETA-LACTAM,CARBAPENEM
blaOXA,OXA-51 family carbapenem-hydrolyzing class D beta-lactamase OXA-413,BETA-LACTAM,CARBAPENEM
blaOXA,OXA-51 family carbapenem-hydrolyzing class D beta-lactamase OXA-414,BETA-LACTAM,CARBAPENEM
blaOXA,OXA-2 family inhibitor-resistant extended-spectrum class D beta-lactamase OXA-415,BETA-LACTAM,BETA-LACTAM
blaOXA,OXA-48 family carbapenem-hydrolyzing class D beta-lactamase OXA-416,BETA-LACTAM,CARBAPENEM
blaOXA,OXA-213 family carbapenem-hydrolyzing class D beta-lactamase OXA-417,BETA-LACTAM,CARBAPENEM
blaOXA,OXA-229 family carbapenem-hydrolyzing class D beta-lactamase OXA-418,BETA-LACTAM,CARBAPENEM
blaOXA,OXA-58 family carbapenem-hydrolyzing class D beta-lactamase OXA-420,BETA-LACTAM,CARBAPENEM
blaOXA,OXA-213 family carbapenem-hydrolyzing class D beta-lactamase OXA-421,BETA-LACTAM,CARBAPENEM
blaOXA,OXA-23 family carbapenem-hydrolyzing class D beta-lactamase OXA-422,BETA-LACTAM,CARBAPENEM
blaOXA,OXA-23 family carbapenem-hydrolyzing class D beta-lactamase OXA-423,BETA-LACTAM,CARBAPENEM
blaOXA,OXA-51 family carbapenem-hydrolyzing class D beta-lactamase OXA-424,BETA-LACTAM,CARBAPENEM
blaOXA,OXA-51 family carbapenem-hydrolyzing class D beta-lactamase OXA-425,BETA-LACTAM,CARBAPENEM
blaOXA,OXA-51 family carbapenem-hydrolyzing class D beta-lactamase OXA-426,BETA-LACTAM,CARBAPENEM
blaOXA,carbapenem-hydrolyzing class D beta-lactamase OXA-427,BETA-LACTAM,CARBAPENEM
blaOXA,OXA-51 family carbapenem-hydrolyzing class D beta-lactamase OXA-429,BETA-LACTAM,CARBAPENEM
blaOXA,oxacillin-hydrolyzing class D beta-lactamase OXA-42,BETA-LACTAM,BETA-LACTAM
blaOXA,OXA-51 family carbapenem-hydrolyzing class D beta-lactamase OXA-430,BETA-LACTAM,CARBAPENEM
blaOXA,OXA-51 family carbapenem-hydrolyzing class D beta-lactamase OXA-431,BETA-LACTAM,CARBAPENEM
blaOXA,OXA-51 family carbapenem-hydrolyzing class D beta-lactamase OXA-432,BETA-LACTAM,CARBAPENEM
blaOXA,OXA-51 family carbapenem-hydrolyzing class D beta-lactamase OXA-433,BETA-LACTAM,CARBAPENEM
blaOXA,OXA-23 family carbapenem-hydrolyzing class D beta-lactamase OXA-435,BETA-LACTAM,CARBAPENEM
blaOXA,OXA-48 family carbapenem-hydrolyzing class D beta-lactamase OXA-436,BETA-LACTAM,CARBAPENEM
blaOXA,OXA-24 family carbapenem-hydrolyzing class D beta-lactamase OXA-437,BETA-LACTAM,CARBAPENEM
blaOXA,OXA-48 family carbapenem-hydrolyzing class D beta-lactamase OXA-438,BETA-LACTAM,CARBAPENEM
blaOXA,OXA-48 family extended-spectrum class D beta-lactamase OXA-439,BETA-LACTAM,CARBAPENEM
blaOXA,OXA-42 family oxacillin-hydrolyzing class D beta-lactamase OXA-43,BETA-LACTAM,BETA-LACTAM
blaOXA,OXA-23 family carbapenem-hydrolyzing class D beta-lactamase OXA-440,BETA-LACTAM,CARBAPENEM
blaOXA,OXA-51 family carbapenem-hydrolyzing class D beta-lactamase OXA-441,BETA-LACTAM,CARBAPENEM
blaOXA,OXA-51 family carbapenem-hydrolyzing class D beta-lactamase OXA-442,BETA-LACTAM,CARBAPENEM
blaOXA,OXA-22 family class D beta-lactamase OXA-443,BETA-LACTAM,BETA-LACTAM
blaOXA,OXA-60 family carbapenem-hydrolyzing class D beta-lactamase OXA-444,BETA-LACTAM,CARBAPENEM
blaOXA,OXA-184 family class D beta-lactamase OXA-446,BETA-LACTAM,BETA-LACTAM
blaOXA,OXA-184 family class D beta-lactamase OXA-447,BETA-LACTAM,BETA-LACTAM
blaOXA,OXA-184 family class D beta-lactamase OXA-448,BETA-LACTAM,BETA-LACTAM
blaOXA,OXA-184 family class D beta-lactamase OXA-449,BETA-LACTAM,BETA-LACTAM
blaOXA,OXA-61 family class D beta-lactamase OXA-450,BETA-LACTAM,BETA-LACTAM
blaOXA,OXA-61 family class D beta-lactamase OXA-451,BETA-LACTAM,BETA-LACTAM
blaOXA,OXA-61 family class D beta-lactamase OXA-452,BETA-LACTAM,BETA-LACTAM
blaOXA,OXA-61 family class D beta-lactamase OXA-453,BETA-LACTAM,BETA-LACTAM
blaOXA,OXA-10 family class D beta-lactamase OXA-454,BETA-LACTAM,BETA-LACTAM
blaOXA,OXA-364 family class D beta-lactamase OXA-455,BETA-LACTAM,BETA-LACTAM
blaOXA,class D beta-lactamase OXA-457,BETA-LACTAM,BETA-LACTAM
blaOXA,class D beta-lactamase OXA-458,BETA-LACTAM,BETA-LACTAM
blaOXA,class D beta-lactamase OXA-459,BETA-LACTAM,BETA-LACTAM
blaOXA,extended-spectrum class D beta-lactamase OXA-45,BETA-LACTAM,CEPHALOSPORIN
blaOXA,OXA-61 family class D beta-lactamase OXA-460,BETA-LACTAM,BETA-LACTAM
blaOXA,OXA-61 family class D beta-lactamase OXA-461,BETA-LACTAM,BETA-LACTAM
blaOXA,class D beta-lactamase OXA-464,BETA-LACTAM,BETA-LACTAM
blaOXA,OXA-184 family class D beta-lactamase OXA-465,BETA-LACTAM,BETA-LACTAM
blaOXA,OXA-184 family class D beta-lactamase OXA-466,BETA-LACTAM,BETA-LACTAM
blaOXA,oxacillin-hydrolyzing class D beta-lactamase OXA-46,BETA-LACTAM,BETA-LACTAM
blaOXA,OXA-63 family oxacillin-hydrolyzing class D beta-lactamase OXA-470,BETA-LACTAM,BETA-LACTAM
blaOXA,OXA-63 family oxacillin-hydrolyzing class D beta-lactamase OXA-471,BETA-LACTAM,BETA-LACTAM
blaOXA,OXA-63 family oxacillin-hydrolyzing class D beta-lactamase OXA-472,BETA-LACTAM,BETA-LACTAM
blaOXA,OXA-63 family oxacillin-hydrolyzing class D beta-lactamase OXA-473,BETA-LACTAM,BETA-LACTAM
blaOXA,OXA-63 family oxacillin-hydrolyzing class D beta-lactamase OXA-474,BETA-LACTAM,BETA-LACTAM
blaOXA,OXA-63 family oxacillin-hydrolyzing class D beta-lactamase OXA-475,BETA-LACTAM,BETA-LACTAM
blaOXA,OXA-63 family oxacillin-hydrolyzing class D beta-lactamase OXA-476,BETA-LACTAM,BETA-LACTAM
blaOXA,OXA-63 family oxacillin-hydrolyzing class D beta-lactamase OXA-477,BETA-LACTAM,BETA-LACTAM
blaOXA,OXA-63 family oxacillin-hydrolyzing class D beta-lactamase OXA-478,BETA-LACTAM,BETA-LACTAM
blaOXA,OXA-63 family oxacillin-hydrolyzing class D beta-lactamase OXA-479,BETA-LACTAM,BETA-LACTAM
blaOXA,OXA-1 family oxacillin-hydrolyzing class D beta-lactamase OXA-47,BETA-LACTAM,BETA-LACTAM
blaOXA,OXA-51 family carbapenem-hydrolyzing class D beta-lactamase OXA-480,BETA-LACTAM,CARBAPENEM
blaOXA,OXA-23 family carbapenem-hydrolyzing class D beta-lactamase OXA-482,BETA-LACTAM,CARBAPENEM
blaOXA,OXA-23 family carbapenem-hydrolyzing class D beta-lactamase OXA-483,BETA-LACTAM,CARBAPENEM
blaOXA,OXA-48 family carbapenem-hydrolyzing class D beta-lactamase OXA-484,BETA-LACTAM,CARBAPENEM
blaOXA,OXA-50 family oxacillin-hydrolyzing class D beta-lactamase OXA-485,BETA-LACTAM,BETA-LACTAM
blaOXA,OXA-50 family oxacillin-hydrolyzing class D beta-lactamase OXA-486,BETA-LACTAM,BETA-LACTAM
blaOXA,OXA-50 family oxacillin-hydrolyzing class D beta-lactamase OXA-488,BETA-LACTAM,BETA-LACTAM
blaOXA,OXA-61 family class D beta-lactamase OXA-489,BETA-LACTAM,BETA-LACTAM
blaOXA,OXA-48 family carbapenem-hydrolyzing class D beta-lactamase OXA-48,BETA-LACTAM,CARBAPENEM
blaOXA,class D beta-lactamase OXA-491,BETA-LACTAM,BETA-LACTAM
blaOXA,class D beta-lactamase OXA-493,BETA-LACTAM,BETA-LACTAM
blaOXA,OXA-50 family oxacillin-hydrolyzing class D beta-lactamase OXA-494,BETA-LACTAM,BETA-LACTAM
blaOXA,OXA-134 family carbapenem-hydrolyzing class D beta-lactamase OXA-496,BETA-LACTAM,CARBAPENEM
blaOXA,OXA-51 family carbapenem-hydrolyzing class D beta-lactamase OXA-497,BETA-LACTAM,CARBAPENEM
blaOXA,OXA-211 family carbapenem-hydrolyzing class D beta-lactamase OXA-498,BETA-LACTAM,BETA-LACTAM
blaOXA,OXA-143 family carbapenem-hydrolyzing class D beta-lactamase OXA-499,BETA-LACTAM,CARBAPENEM
blaOXA,OXA-23 family carbapenem-hydrolyzing class D beta-lactamase OXA-49,BETA-LACTAM,CARBAPENEM
blaOXA,OXA-1 family oxacillin-hydrolyzing class D beta-lactamase OXA-4,BETA-LACTAM,BETA-LACTAM
blaOXA,OXA-213 family carbapenem-hydrolyzing class D beta-lactamase OXA-500,BETA-LACTAM,CARBAPENEM
blaOXA,OXA-213 family carbapenem-hydrolyzing class D beta-lactamase OXA-501,BETA-LACTAM,CARBAPENEM
blaOXA,OXA-213 family carbapenem-hydrolyzing class D beta-lactamase OXA-502,BETA-LACTAM,CARBAPENEM
blaOXA,OXA-213 family carbapenem-hydrolyzing class D beta-lactamase OXA-503,BETA-LACTAM,CARBAPENEM
blaOXA,class D beta-lactamase OXA-504,BETA-LACTAM,BETA-LACTAM
blaOXA,OXA-48 family carbapenem-hydrolyzing class D beta-lactamase OXA-505,BETA-LACTAM,CARBAPENEM
blaOXA,OXA-213 family carbapenem-hydrolyzing class D beta-lactamase OXA-506,BETA-LACTAM,CARBAPENEM
blaOXA,OXA-51 family carbapenem-hydrolyzing class D beta-lactamase OXA-507,BETA-LACTAM,CARBAPENEM
blaOXA,OXA-51 family carbapenem-hydrolyzing class D beta-lactamase OXA-508,BETA-LACTAM,CARBAPENEM
blaOXA,OXA-51 family carbapenem-hydrolyzing class D beta-lactamase OXA-509,BETA-LACTAM,CARBAPENEM
blaOXA,oxacillin-hydrolyzing class D beta-lactamase OXA-50,BETA-LACTAM,BETA-LACTAM
blaOXA,OXA-51 family carbapenem-hydrolyzing class D beta-lactamase OXA-510,BETA-LACTAM,CARBAPENEM
blaOXA,OXA-51 family carbapenem-hydrolyzing class D beta-lactamase OXA-511,BETA-LACTAM,CARBAPENEM
blaOXA,OXA-58 family carbapenem-hydrolyzing class D beta-lactamase OXA-512,BETA-LACTAM,CARBAPENEM
blaOXA,OXA-364 family class D beta-lactamase OXA-513,BETA-LACTAM,BETA-LACTAM
blaOXA,OXA-48 family class D beta-lactamase OXA-514,BETA-LACTAM,CARBAPENEM
blaOXA,OXA-48 family class D beta-lactamase OXA-515,BETA-LACTAM,CARBAPENEM
blaOXA,OXA-51 family carbapenem-hydrolyzing class D beta-lactamase OXA-516,BETA-LACTAM,CARBAPENEM
blaOXA,OXA-48 family carbapenem-hydrolyzing class D beta-lactamase OXA-517,BETA-LACTAM,CARBAPENEM
blaOXA,OXA-493 family class D beta-lactamase OXA-518,BETA-LACTAM,BETA-LACTAM
blaOXA,OXA-48 family carbapenem-hydrolyzing class D beta-lactamase OXA-519,BETA-LACTAM,CARBAPENEM
blaOXA,OXA-51 family carbapenem-hydrolyzing class D beta-lactamase OXA-51,BETA-LACTAM,CARBAPENEM
blaOXA,OXA-10 family class D beta-lactamase OXA-520,BETA-LACTAM,BETA-LACTAM
blaOXA,OXA-51 family carbapenem-hydrolyzing class D beta-lactamase OXA-521,BETA-LACTAM,CARBAPENEM
blaOXA,OXA-213 family carbapenem-hydrolyzing class D beta-lactamase OXA-522,BETA-LACTAM,CARBAPENEM
blaOXA,OXA-51 family carbapenem-hydrolyzing class D beta-lactamase OXA-523,BETA-LACTAM,CARBAPENEM
blaOXA,OXA-51 family carbapenem-hydrolyzing class D beta-lactamase OXA-524,BETA-LACTAM,CARBAPENEM
blaOXA,OXA-51 family carbapenem-hydrolyzing class D beta-lactamase OXA-525,BETA-LACTAM,CARBAPENEM
blaOXA,OXA-213 family carbapenem-hydrolyzing class D beta-lactamase OXA-526,BETA-LACTAM,CARBAPENEM
blaOXA,class D beta-lactamase OXA-527,BETA-LACTAM,BETA-LACTAM
blaOXA,OXA-51 family carbapenem-hydrolyzing class D beta-lactamase OXA-528,BETA-LACTAM,CARBAPENEM
blaOXA,OXA-51 family carbapenem-hydrolyzing class D beta-lactamase OXA-529,BETA-LACTAM,CARBAPENEM
blaOXA,OXA-51 family carbapenem-hydrolyzing class D beta-lactamase OXA-530,BETA-LACTAM,CARBAPENEM
blaOXA,OXA-51 family carbapenem-hydrolyzing class D beta-lactamase OXA-531,BETA-LACTAM,CARBAPENEM
blaOXA,OXA-51 family carbapenem-hydrolyzing class D beta-lactamase OXA-532,BETA-LACTAM,CARBAPENEM
blaOXA,OXA-213 family carbapenem-hydrolyzing class D beta-lactamase OXA-533,BETA-LACTAM,CARBAPENEM
blaOXA,OXA-1 family class D beta-lactamase OXA-534,BETA-LACTAM,BETA-LACTAM
blaOXA,OXA-48 family class D beta-lactamase OXA-535,BETA-LACTAM,CARBAPENEM
blaOXA,OXA-51 family carbapenem-hydrolyzing class D beta-lactamase OXA-536,BETA-LACTAM,CARBAPENEM
blaOXA,OXA-134 family carbapenem-hydrolyzing class D beta-lactamase OXA-537,BETA-LACTAM,CARBAPENEM
blaOXA,OXA-48 family carbapenem-hydrolyzing class D beta-lactamase OXA-538,BETA-LACTAM,CARBAPENEM
blaOXA,OXA-2 family inhibitor-resistant extended-spectrum class D beta-lactamase OXA-539,BETA-LACTAM,CEPHALOSPORIN
blaOXA,OXA-2 family extended-spectrum class D beta-lactamase OXA-53,BETA-LACTAM,CEPHALOSPORIN
blaOXA,OXA-2 family class D beta-lactamase OXA-540,BETA-LACTAM,BETA-LACTAM
blaOXA,OXA-2 family class D beta-lactamase OXA-541,BETA-LACTAM,BETA-LACTAM
blaOXA,carbapenem-hydrolyzing class D beta-lactamase OXA-542,BETA-LACTAM,CARBAPENEM
blaOXA,OXA-2 family class D beta-lactamase OXA-543,BETA-LACTAM,CEPHALOSPORIN
blaOXA,OXA-2 family class D beta-lactamase OXA-544,BETA-LACTAM,CEPHALOSPORIN
blaOXA,OXA-51 family carbapenem-hydrolyzing class D beta-lactamase OXA-545,BETA-LACTAM,CARBAPENEM
blaOXA,OXA-48 family class D beta-lactamase OXA-546,BETA-LACTAM,CEPHALOSPORIN
blaOXA,OXA-48 family class D beta-lactamase OXA-547,BETA-LACTAM,CARBAPENEM
blaOXA,class D beta-lactamase OXA-548,BETA-LACTAM,BETA-LACTAM
blaOXA,OXA-548 family class D beta-lactamase OXA-549,BETA-LACTAM,CEPHALOSPORIN
blaOXA,OXA-48 family carbapenem-hydrolyzing class D beta-lactamase OXA-54,BETA-LACTAM,CARBAPENEM
blaOXA,OXA-548 family class D beta-lactamase OXA-550,BETA-LACTAM,BETA-LACTAM
blaOXA,OXA-548 family class D beta-lactamase OXA-551,BETA-LACTAM,BETA-LACTAM
blaOXA,OXA-548 family class D beta-lactamase OXA-552,BETA-LACTAM,BETA-LACTAM
blaOXA,OXA-548 family class D beta-lactamase OXA-553,BETA-LACTAM,BETA-LACTAM
blaOXA,OXA-51 family carbapenem-hydrolyzing class D beta-lactamase OXA-554,BETA-LACTAM,CARBAPENEM
blaOXA,OXA-51 family carbapenem-hydrolyzing class D beta-lactamase OXA-555,BETA-LACTAM,CARBAPENEM
blaOXA,OXA-51 family carbapenem-hydrolyzing class D beta-lactamase OXA-556,BETA-LACTAM,CARBAPENEM
blaOXA,OXA-51 family carbapenem-hydrolyzing class D beta-lactamase OXA-557,BETA-LACTAM,CARBAPENEM
blaOXA,OXA-51 family carbapenem-hydrolyzing class D beta-lactamase OXA-558,BETA-LACTAM,CARBAPENEM
blaOXA,OXA-51 family carbapenem-hydrolyzing class D beta-lactamase OXA-559,BETA-LACTAM,CARBAPENEM
blaOXA,carbapenem-hydrolyzing class D beta-lactamase OXA-55,BETA-LACTAM,CARBAPENEM
blaOXA,OXA-51 family carbapenem-hydrolyzing class D beta-lactamase OXA-560,BETA-LACTAM,CARBAPENEM
blaOXA,OXA-51 family carbapenem-hydrolyzing class D beta-lactamase OXA-561,BETA-LACTAM,CARBAPENEM
blaOXA,OXA-51 family carbapenem-hydrolyzing class D beta-lactamase OXA-562,BETA-LACTAM,CARBAPENEM
blaOXA,OXA-213 family carbapenem-hydrolyzing class D beta-lactamase OXA-563,BETA-LACTAM,CARBAPENEM
blaOXA,OXA-213 family carbapenem-hydrolyzing class D beta-lactamase OXA-564,BETA-LACTAM,CARBAPENEM
blaOXA,OXA-23 family carbapenem-hydrolyzing class D beta-lactamase OXA-565,BETA-LACTAM,CARBAPENEM
blaOXA,OXA-48 family class D beta-lactamase OXA-566,BETA-LACTAM,CEPHALOSPORIN
blaOXA,OXA-48 family class D beta-lactamase OXA-567,BETA-LACTAM,CEPHALOSPORIN
blaOXA,class D beta-lactamase OXA-568,BETA-LACTAM,BETA-LACTAM
blaOXA,OXA-22 family class D beta-lactamase OXA-569,BETA-LACTAM,BETA-LACTAM
blaOXA,OXA-10 family extended-spectrum class D beta-lactamase OXA-56,BETA-LACTAM,CEPHALOSPORIN
blaOXA,OXA-60 family carbapenem-hydrolyzing class D beta-lactamase OXA-570,BETA-LACTAM,CARBAPENEM
blaOXA,OXA-60 family carbapenem-hydrolyzing class D beta-lactamase OXA-571,BETA-LACTAM,CARBAPENEM
blaOXA,OXA-22 family class D beta-lactamase OXA-572,BETA-LACTAM,BETA-LACTAM
blaOXA,OXA-60 family carbapenem-hydrolyzing class D beta-lactamase OXA-573,BETA-LACTAM,CARBAPENEM
blaOXA,OXA-22 family class D beta-lactamase OXA-574,BETA-LACTAM,BETA-LACTAM
blaOXA,OXA-214 family carbapenem-hydrolyzing class D beta-lactamase OXA-575,BETA-LACTAM,CARBAPENEM
blaOXA,class D beta-lactamase OXA-576,BETA-LACTAM,BETA-LACTAM
blaOXA,OXA-61 family class D beta-lactamase OXA-577,BETA-LACTAM,BETA-LACTAM
blaOXA,OXA-61 family class D beta-lactamase OXA-578,BETA-LACTAM,BETA-LACTAM
blaOXA,OXA-61 family class D beta-lactamase OXA-579,BETA-LACTAM,BETA-LACTAM
blaOXA,OXA-42 family oxacillin-hydrolyzing class D beta-lactamase OXA-57,BETA-LACTAM,BETA-LACTAM
blaOXA,OXA-61 family class D beta-lactamase OXA-580,BETA-LACTAM,BETA-LACTAM
blaOXA,OXA-61 family class D beta-lactamase OXA-581,BETA-LACTAM,BETA-LACTAM
blaOXA,OXA-61 family class D beta-lactamase OXA-582,BETA-LACTAM,BETA-LACTAM
blaOXA,OXA-61 family class D beta-lactamase OXA-583,BETA-LACTAM,BETA-LACTAM
blaOXA,OXA-61 family class D beta-lactamase OXA-584,BETA-LACTAM,BETA-LACTAM
blaOXA,OXA-61 family class D beta-lactamase OXA-585,BETA-LACTAM,BETA-LACTAM
blaOXA,OXA-61 family class D beta-lactamase OXA-586,BETA-LACTAM,BETA-LACTAM
blaOXA,OXA-61 family class D beta-lactamase OXA-587,BETA-LACTAM,BETA-LACTAM
blaOXA,OXA-61 family class D beta-lactamase OXA-588,BETA-LACTAM,BETA-LACTAM
blaOXA,OXA-61 family class D beta-lactamase OXA-589,BETA-LACTAM,BETA-LACTAM
blaOXA,carbapenem-hydrolyzing class D beta-lactamase OXA-58,BETA-LACTAM,CARBAPENEM
blaOXA,OXA-61 family class D beta-lactamase OXA-590,BETA-LACTAM,BETA-LACTAM
blaOXA,OXA-61 family class D beta-lactamase OXA-591,BETA-LACTAM,BETA-LACTAM
blaOXA,OXA-61 family class D beta-lactamase OXA-592,BETA-LACTAM,BETA-LACTAM
blaOXA,OXA-61 family class D beta-lactamase OXA-593,BETA-LACTAM,BETA-LACTAM
blaOXA,OXA-61 family class D beta-lactamase OXA-594,BETA-LACTAM,BETA-LACTAM
blaOXA,OXA-61 family class D beta-lactamase OXA-595,BETA-LACTAM,BETA-LACTAM
blaOXA,OXA-61 family class D beta-lactamase OXA-596,BETA-LACTAM,BETA-LACTAM
blaOXA,OXA-61 family class D beta-lactamase OXA-597,BETA-LACTAM,BETA-LACTAM
blaOXA,OXA-61 family class D beta-lactamase OXA-598,BETA-LACTAM,BETA-LACTAM
blaOXA,OXA-61 family class D beta-lactamase OXA-599,BETA-LACTAM,BETA-LACTAM
blaOXA,OXA-42 family oxacillin-hydrolyzing class D beta-lactamase OXA-59,BETA-LACTAM,BETA-LACTAM
blaOXA,oxacillin-hydrolyzing class D beta-lactamase OXA-5,BETA-LACTAM,BETA-LACTAM
blaOXA,OXA-61 family class D beta-lactamase OXA-600,BETA-LACTAM,BETA-LACTAM
blaOXA,OXA-61 family class D beta-lactamase OXA-601,BETA-LACTAM,BETA-LACTAM
blaOXA,OXA-61 family class D beta-lactamase OXA-602,BETA-LACTAM,BETA-LACTAM
blaOXA,OXA-61 family class D beta-lactamase OXA-603,BETA-LACTAM,BETA-LACTAM
blaOXA,OXA-61 family class D beta-lactamase OXA-604,BETA-LACTAM,BETA-LACTAM
blaOXA,OXA-61 family class D beta-lactamase OXA-605,BETA-LACTAM,BETA-LACTAM
blaOXA,OXA-61 family class D beta-lactamase OXA-606,BETA-LACTAM,BETA-LACTAM
blaOXA,OXA-61 family class D beta-lactamase OXA-607,BETA-LACTAM,BETA-LACTAM
blaOXA,OXA-61 family class D beta-lactamase OXA-608,BETA-LACTAM,BETA-LACTAM
blaOXA,OXA-61 family class D beta-lactamase OXA-609,BETA-LACTAM,BETA-LACTAM
blaOXA,carbapenem-hydrolyzing class D beta-lactamase OXA-60,BETA-LACTAM,CARBAPENEM
blaOXA,OXA-61 family class D beta-lactamase OXA-610,BETA-LACTAM,BETA-LACTAM
blaOXA,OXA-61 family class D beta-lactamase OXA-611,BETA-LACTAM,BETA-LACTAM
blaOXA,OXA-61 family class D beta-lactamase OXA-612,BETA-LACTAM,BETA-LACTAM
blaOXA,OXA-184 family class D beta-lactamase OXA-613,BETA-LACTAM,BETA-LACTAM
blaOXA,OXA-184 family class D beta-lactamase OXA-614,BETA-LACTAM,BETA-LACTAM
blaOXA,OXA-184 family class D beta-lactamase OXA-615,BETA-LACTAM,BETA-LACTAM
blaOXA,OXA-184 family class D beta-lactamase OXA-616,BETA-LACTAM,BETA-LACTAM
blaOXA,OXA-184 family class D beta-lactamase OXA-617,BETA-LACTAM,BETA-LACTAM
blaOXA,OXA-184 family class D beta-lactamase OXA-618,BETA-LACTAM,BETA-LACTAM
blaOXA,OXA-184 family class D beta-lactamase OXA-619,BETA-LACTAM,BETA-LACTAM
blaOXA-61,blaOXA-61 promoter region,BETA-LACTAM,BETA-LACTAM
blaOXA,class D beta-lactamase OXA-61,BETA-LACTAM,BETA-LACTAM
blaOXA,OXA-184 family class D beta-lactamase OXA-620,BETA-LACTAM,BETA-LACTAM
blaOXA,OXA-184 family class D beta-lactamase OXA-621,BETA-LACTAM,BETA-LACTAM
blaOXA,OXA-184 family class D beta-lactamase OXA-622,BETA-LACTAM,BETA-LACTAM
blaOXA,OXA-184 family class D beta-lactamase OXA-623,BETA-LACTAM,BETA-LACTAM
blaOXA,OXA-184 family class D beta-lactamase OXA-624,BETA-LACTAM,BETA-LACTAM
blaOXA,OXA-184 family class D beta-lactamase OXA-625,BETA-LACTAM,BETA-LACTAM
blaOXA,OXA-184 family class D beta-lactamase OXA-626,BETA-LACTAM,BETA-LACTAM
blaOXA,OXA-184 family class D beta-lactamase OXA-627,BETA-LACTAM,BETA-LACTAM
blaOXA,OXA-184 family class D beta-lactamase OXA-628,BETA-LACTAM,BETA-LACTAM
blaOXA,OXA-184 family class D beta-lactamase OXA-629,BETA-LACTAM,BETA-LACTAM
blaOXA,carbapenem-hydrolyzing class D beta-lactamase OXA-62,BETA-LACTAM,CARBAPENEM
blaOXA,OXA-184 family class D beta-lactamase OXA-630,BETA-LACTAM,BETA-LACTAM
blaOXA,OXA-184 family class D beta-lactamase OXA-631,BETA-LACTAM,BETA-LACTAM
blaOXA,OXA-184 family class D beta-lactamase OXA-632,BETA-LACTAM,BETA-LACTAM
blaOXA,OXA-184 family class D beta-lactamase OXA-633,BETA-LACTAM,BETA-LACTAM
blaOXA,OXA-184 family class D beta-lactamase OXA-634,BETA-LACTAM,BETA-LACTAM
blaOXA,OXA-184 family class D beta-lactamase OXA-635,BETA-LACTAM,BETA-LACTAM
blaOXA,OXA-184 family class D beta-lactamase OXA-636,BETA-LACTAM,BETA-LACTAM
blaOXA,OXA-184 family class D beta-lactamase OXA-637,BETA-LACTAM,BETA-LACTAM
blaOXA,OXA-184 family class D beta-lactamase OXA-638,BETA-LACTAM,BETA-LACTAM
blaOXA,OXA-184 family class D beta-lactamase OXA-639,BETA-LACTAM,BETA-LACTAM
blaOXA,oxacillin-hydrolyzing class D beta-lactamase OXA-63,BETA-LACTAM,BETA-LACTAM
blaOXA,OXA-184 family class D beta-lactamase OXA-640,BETA-LACTAM,BETA-LACTAM
blaOXA,OXA-372 family carbapenem-hydrolyzing class D beta-lactamase OXA-641,BETA-LACTAM,CARBAPENEM
blaOXA,OXA-213 family carbapenem-hydrolyzing class D beta-lactamase OXA-642,BETA-LACTAM,CARBAPENEM
blaOXA,OXA-211 family carbapenem-hydrolyzing class D beta-lactamase OXA-643,BETA-LACTAM,BETA-LACTAM
blaOXA,OXA-211 family carbapenem-hydrolyzing class D beta-lactamase OXA-644,BETA-LACTAM,BETA-LACTAM
blaOXA,OXA-211 family carbapenem-hydrolyzing class D beta-lactamase OXA-645,BETA-LACTAM,BETA-LACTAM
blaOXA,OXA-134 family carbapenem-hydrolyzing class D beta-lactamase OXA-646,BETA-LACTAM,CARBAPENEM
blaOXA,OXA-134 family carbapenem-hydrolyzing class D beta-lactamase OXA-647,BETA-LACTAM,CARBAPENEM
blaOXA,OXA-134 family carbapenem-hydrolyzing class D beta-lactamase OXA-648,BETA-LACTAM,CARBAPENEM
blaOXA,OXA-143 family carbapenem-hydrolyzing class D beta-lactamase OXA-649,BETA-LACTAM,CARBAPENEM
blaOXA,OXA-51 family carbapenem-hydrolyzing class D beta-lactamase OXA-64,BETA-LACTAM,CARBAPENEM
blaOXA,OXA-211 family carbapenem-hydrolyzing class D beta-lactamase OXA-650,BETA-LACTAM,BETA-LACTAM
blaOXA,OXA-211 family carbapenem-hydrolyzing class D beta-lactamase OXA-651,BETA-LACTAM,CARBAPENEM
blaOXA,OXA-211 family carbapenem-hydrolyzing class D beta-lactamase OXA-652,BETA-LACTAM,CARBAPENEM
blaOXA,OXA-24 family carbapenem-hydrolyzing class D beta-lactamase OXA-653,BETA-LACTAM,CARBAPENEM
blaOXA,OXA-51 family carbapenem-hydrolyzing class D beta-lactamase OXA-654,BETA-LACTAM,CARBAPENEM
blaOXA,OXA-10 family carbapenem-hydrolyzing class D beta-lactamase OXA-655,BETA-LACTAM,CARBAPENEM
blaOXA,OXA-10 family class D beta-lactamase OXA-656,BETA-LACTAM,BETA-LACTAM
blaOXA,OXA-23 family carbapenem-hydrolyzing class D beta-lactamase OXA-657,BETA-LACTAM,CARBAPENEM
blaOXA,OXA-184 family class D beta-lactamase OXA-658,BETA-LACTAM,BETA-LACTAM
blaOXA,OXA-61 family class D beta-lactamase OXA-659,BETA-LACTAM,BETA-LACTAM
blaOXA,OXA-51 family carbapenem-hydrolyzing class D beta-lactamase OXA-65,BETA-LACTAM,CARBAPENEM
blaOXA,OXA-61 family class D beta-lactamase OXA-660,BETA-LACTAM,BETA-LACTAM
blaOXA,OXA-266 family class D beta-lactamase OXA-661,BETA-LACTAM,BETA-LACTAM
blaOXA,OXA-211 family carbapenem-hydrolyzing class D beta-lactamase OXA-662,BETA-LACTAM,CARBAPENEM
blaOXA,OXA-10 family class D beta-lactamase OXA-663,BETA-LACTAM,BETA-LACTAM
blaOXA,carbapenem-hydrolyzing class D beta-lactamase OXA-665,BETA-LACTAM,CARBAPENEM
blaOXA,class D beta-lactamase OXA-666,BETA-LACTAM,BETA-LACTAM
blaOXA,OXA-274 family carbapenem-hydrolyzing class D beta-lactamase OXA-667,BETA-LACTAM,CARBAPENEM
blaOXA,OXA-274 family carbapenem-hydrolyzing class D beta-lactamase OXA-668,BETA-LACTAM,CARBAPENEM
blaOXA,OXA-274 family carbapenem-hydrolyzing class D beta-lactamase OXA-669,BETA-LACTAM,CARBAPENEM
blaOXA,OXA-51 family carbapenem-hydrolyzing class D beta-lactamase OXA-66,BETA-LACTAM,CARBAPENEM
blaOXA,OXA-286 family carbapenem-hydrolyzing class D beta-lactamase OXA-670,BETA-LACTAM,CARBAPENEM
blaOXA,OXA-286 family carbapenem-hydrolyzing class D beta-lactamase OXA-671,BETA-LACTAM,CARBAPENEM
blaOXA,OXA-286 family carbapenem-hydrolyzing class D beta-lactamase OXA-672,BETA-LACTAM,CARBAPENEM
blaOXA,OXA-286 family carbapenem-hydrolyzing class D beta-lactamase OXA-673,BETA-LACTAM,CARBAPENEM
blaOXA,OXA-286 family carbapenem-hydrolyzing class D beta-lactamase OXA-674,BETA-LACTAM,CARBAPENEM
blaOXA,OXA-1 family class D beta-lactamase OXA-675,BETA-LACTAM,BETA-LACTAM
blaOXA,OXA-10 family extended-spectrum class D beta-lactamase OXA-676,BETA-LACTAM,CEPHALOSPORIN
blaOXA,OXA-10 family class D beta-lactamase OXA-677,BETA-LACTAM,BETA-LACTAM
blaOXA,OXA-213 family carbapenem-hydrolyzing class D beta-lactamase OXA-678,BETA-LACTAM,CARBAPENEM
blaOXA,OXA-679 family carbapenem-hydrolyzing class D beta-lactamase OXA-679,BETA-LACTAM,CARBAPENEM
blaOXA,OXA-51 family carbapenem-hydrolyzing class D beta-lactamase OXA-67,BETA-LACTAM,CARBAPENEM
blaOXA,OXA-51 family carbapenem-hydrolyzing class D beta-lactamase OXA-680,BETA-LACTAM,CARBAPENEM
blaOXA,OXA-2 family inhibitor-resistant extended-spectrum class D beta-lactamase OXA-681,BETA-LACTAM,CEPHALOSPORIN
blaOXA,OXA-51 family carbapenem-hydrolyzing class D beta-lactamase OXA-682,BETA-LACTAM,CARBAPENEM
blaOXA,OXA-51 family carbapenem-hydrolyzing class D beta-lactamase OXA-683,BETA-LACTAM,CARBAPENEM
blaOXA,OXA-51 family carbapenem-hydrolyzing class D beta-lactamase OXA-684,BETA-LACTAM,CARBAPENEM
blaOXA,OXA-51 family carbapenem-hydrolyzing class D beta-lactamase OXA-685,BETA-LACTAM,CARBAPENEM
blaOXA,OXA-51 family carbapenem-hydrolyzing class D beta-lactamase OXA-686,BETA-LACTAM,CARBAPENEM
blaOXA,OXA-51 family carbapenem-hydrolyzing class D beta-lactamase OXA-687,BETA-LACTAM,CARBAPENEM
blaOXA,OXA-51 family carbapenem-hydrolyzing class D beta-lactamase OXA-688,BETA-LACTAM,CARBAPENEM
blaOXA,OXA-51 family carbapenem-hydrolyzing class D beta-lactamase OXA-689,BETA-LACTAM,CARBAPENEM
blaOXA,OXA-51 family carbapenem-hydrolyzing class D beta-lactamase OXA-68,BETA-LACTAM,CARBAPENEM
blaOXA,OXA-51 family carbapenem-hydrolyzing class D beta-lactamase OXA-690,BETA-LACTAM,CARBAPENEM
blaOXA,OXA-51 family carbapenem-hydrolyzing class D beta-lactamase OXA-691,BETA-LACTAM,CARBAPENEM
blaOXA,OXA-51 family carbapenem-hydrolyzing class D beta-lactamase OXA-692,BETA-LACTAM,CARBAPENEM
blaOXA,OXA-51 family carbapenem-hydrolyzing class D beta-lactamase OXA-693,BETA-LACTAM,CARBAPENEM
blaOXA,OXA-51 family carbapenem-hydrolyzing class D beta-lactamase OXA-694,BETA-LACTAM,CARBAPENEM
blaOXA,OXA-51 family carbapenem-hydrolyzing class D beta-lactamase OXA-695,BETA-LACTAM,CARBAPENEM
blaOXA,OXA-51 family carbapenem-hydrolyzing class D beta-lactamase OXA-696,BETA-LACTAM,CARBAPENEM
blaOXA,OXA-51 family carbapenem-hydrolyzing class D beta-lactamase OXA-697,BETA-LACTAM,CARBAPENEM
blaOXA,OXA-51 family carbapenem-hydrolyzing class D beta-lactamase OXA-698,BETA-LACTAM,CARBAPENEM
blaOXA,OXA-51 family carbapenem-hydrolyzing class D beta-lactamase OXA-699,BETA-LACTAM,CARBAPENEM
blaOXA,OXA-51 family carbapenem-hydrolyzing class D beta-lactamase OXA-69,BETA-LACTAM,CARBAPENEM
blaOXA,OXA-51 family carbapenem-hydrolyzing class D beta-lactamase OXA-700,BETA-LACTAM,CARBAPENEM
blaOXA,OXA-51 family carbapenem-hydrolyzing class D beta-lactamase OXA-701,BETA-LACTAM,CARBAPENEM
blaOXA,OXA-51 family carbapenem-hydrolyzing class D beta-lactamase OXA-702,BETA-LACTAM,CARBAPENEM
blaOXA,OXA-51 family carbapenem-hydrolyzing class D beta-lactamase OXA-703,BETA-LACTAM,CARBAPENEM
blaOXA,OXA-51 family carbapenem-hydrolyzing class D beta-lactamase OXA-704,BETA-LACTAM,CARBAPENEM
blaOXA,OXA-51 family carbapenem-hydrolyzing class D beta-lactamase OXA-705,BETA-LACTAM,CARBAPENEM
blaOXA,OXA-51 family carbapenem-hydrolyzing class D beta-lactamase OXA-706,BETA-LACTAM,CARBAPENEM
blaOXA,OXA-51 family carbapenem-hydrolyzing class D beta-lactamase OXA-707,BETA-LACTAM,CARBAPENEM
blaOXA,OXA-51 family carbapenem-hydrolyzing class D beta-lactamase OXA-708,BETA-LACTAM,CARBAPENEM
blaOXA,OXA-51 family carbapenem-hydrolyzing class D beta-lactamase OXA-709,BETA-LACTAM,CARBAPENEM
blaOXA,OXA-51 family carbapenem-hydrolyzing class D beta-lactamase OXA-70,BETA-LACTAM,CARBAPENEM
blaOXA,OXA-51 family carbapenem-hydrolyzing class D beta-lactamase OXA-710,BETA-LACTAM,CARBAPENEM
blaOXA,OXA-51 family carbapenem-hydrolyzing class D beta-lactamase OXA-711,BETA-LACTAM,CARBAPENEM
blaOXA,OXA-51 family carbapenem-hydrolyzing class D beta-lactamase OXA-712,BETA-LACTAM,CARBAPENEM
blaOXA,OXA-51 family carbapenem-hydrolyzing class D beta-lactamase OXA-713,BETA-LACTAM,CARBAPENEM
blaOXA,OXA-51 family carbapenem-hydrolyzing class D beta-lactamase OXA-714,BETA-LACTAM,CARBAPENEM
blaOXA,OXA-51 family carbapenem-hydrolyzing class D beta-lactamase OXA-715,BETA-LACTAM,CARBAPENEM
blaOXA,OXA-51 family carbapenem-hydrolyzing class D beta-lactamase OXA-716,BETA-LACTAM,CARBAPENEM
blaOXA,OXA-51 family carbapenem-hydrolyzing class D beta-lactamase OXA-717,BETA-LACTAM,CARBAPENEM
blaOXA,OXA-51 family carbapenem-hydrolyzing class D beta-lactamase OXA-718,BETA-LACTAM,CARBAPENEM
blaOXA,OXA-51 family carbapenem-hydrolyzing class D beta-lactamase OXA-719,BETA-LACTAM,CARBAPENEM
blaOXA,OXA-51 family carbapenem-hydrolyzing class D beta-lactamase OXA-71,BETA-LACTAM,CARBAPENEM
blaOXA,OXA-51 family carbapenem-hydrolyzing class D beta-lactamase OXA-720,BETA-LACTAM,CARBAPENEM
blaOXA,OXA-51 family carbapenem-hydrolyzing class D beta-lactamase OXA-721,BETA-LACTAM,CARBAPENEM
blaOXA,OXA-51 family carbapenem-hydrolyzing class D beta-lactamase OXA-722,BETA-LACTAM,CARBAPENEM
blaOXA,OXA-51 family carbapenem-hydrolyzing class D beta-lactamase OXA-723,BETA-LACTAM,CARBAPENEM
blaOXA,OXA-12 family class D beta-lactamase AmpH/OXA-724,BETA-LACTAM,BETA-LACTAM
blaOXA,OXA-12 family class D beta-lactamase AmpS/OXA-725,BETA-LACTAM,BETA-LACTAM
blaOXA,OXA-12 family class D beta-lactamase OXA-726,BETA-LACTAM,BETA-LACTAM
blaOXA,OXA-727 family class D beta-lactamase OXA-727,BETA-LACTAM,BETA-LACTAM
blaOXA,OXA-727 family class D beta-lactamase OXA-728,BETA-LACTAM,BETA-LACTAM
blaOXA,OXA-55 family carbapenem-hydrolyzing class D beta-lactamase OXA-729,BETA-LACTAM,BETA-LACTAM
blaOXA,OXA-24 family carbapenem-hydrolyzing class D beta-lactamase OXA-72,BETA-LACTAM,CARBAPENEM
blaOXA,OXA-679 family carbapenem-hydrolyzing class D beta-lactamase OXA-730,BETA-LACTAM,CARBAPENEM
blaOXA,OXA-48 family class D beta-lactamase OXA-731,BETA-LACTAM,BETA-LACTAM
blaOXA,class D beta-lactamase OXA-732,BETA-LACTAM,BETA-LACTAM
blaOXA,OXA-51 family carbapenem-hydrolyzing class D beta-lactamase OXA-733,BETA-LACTAM,CARBAPENEM
blaOXA,OXA-51 family carbapenem-hydrolyzing class D beta-lactamase OXA-734,BETA-LACTAM,CARBAPENEM
blaOXA,OXA-51 family carbapenem-hydrolyzing class D beta-lactamase OXA-735,BETA-LACTAM,CARBAPENEM
blaOXA,OXA-10 family extended-spectrum class D beta-lactamase OXA-736,BETA-LACTAM,CEPHALOSPORIN
blaOXA,OXA-2 family class D beta-lactamase OXA-737,BETA-LACTAM,BETA-LACTAM
blaOXA,OXA-51 family carbapenem-hydrolyzing class D beta-lactamase OXA-738,BETA-LACTAM,CARBAPENEM
blaOXA,OXA-51 family carbapenem-hydrolyzing class D beta-lactamase OXA-739,BETA-LACTAM,CARBAPENEM
blaOXA,OXA-23 family carbapenem-hydrolyzing class D beta-lactamase OXA-73,BETA-LACTAM,CARBAPENEM
blaOXA,OXA-51 family carbapenem-hydrolyzing class D beta-lactamase OXA-740,BETA-LACTAM,CARBAPENEM
blaOXA,OXA-51 family carbapenem-hydrolyzing class D beta-lactamase OXA-741,BETA-LACTAM,CARBAPENEM
blaOXA,OXA-51 family carbapenem-hydrolyzing class D beta-lactamase OXA-742,BETA-LACTAM,CARBAPENEM
blaOXA,OXA-51 family carbapenem-hydrolyzing class D beta-lactamase OXA-743,BETA-LACTAM,CARBAPENEM
blaOXA,OXA-51 family carbapenem-hydrolyzing class D beta-lactamase OXA-744,BETA-LACTAM,CARBAPENEM
blaOXA,OXA-51 family carbapenem-hydrolyzing class D beta-lactamase OXA-745,BETA-LACTAM,CARBAPENEM
blaOXA,OXA-51 family carbapenem-hydrolyzing class D beta-lactamase OXA-746,BETA-LACTAM,CARBAPENEM
blaOXA,OXA-51 family carbapenem-hydrolyzing class D beta-lactamase OXA-747,BETA-LACTAM,CARBAPENEM
blaOXA,OXA-51 family carbapenem-hydrolyzing class D beta-lactamase OXA-748,BETA-LACTAM,CARBAPENEM
blaOXA,OXA-51 family carbapenem-hydrolyzing class D beta-lactamase OXA-749,BETA-LACTAM,CARBAPENEM
blaOXA,OXA-10 family extended-spectrum class D beta-lactamase OXA-74,BETA-LACTAM,CEPHALOSPORIN
blaOXA,OXA-51 family carbapenem-hydrolyzing class D beta-lactamase OXA-750,BETA-LACTAM,CARBAPENEM
blaOXA,OXA-51 family carbapenem-hydrolyzing class D beta-lactamase OXA-751,BETA-LACTAM,CARBAPENEM
blaOXA,OXA-51 family carbapenem-hydrolyzing class D beta-lactamase OXA-752,BETA-LACTAM,CARBAPENEM
blaOXA,OXA-51 family carbapenem-hydrolyzing class D beta-lactamase OXA-753,BETA-LACTAM,CARBAPENEM
blaOXA,OXA-51 family carbapenem-hydrolyzing class D beta-lactamase OXA-754,BETA-LACTAM,CARBAPENEM
blaOXA,OXA-51 family carbapenem-hydrolyzing class D beta-lactamase OXA-755,BETA-LACTAM,CARBAPENEM
blaOXA,OXA-51 family carbapenem-hydrolyzing class D beta-lactamase OXA-756,BETA-LACTAM,CARBAPENEM
blaOXA,OXA-51 family carbapenem-hydrolyzing class D beta-lactamase OXA-757,BETA-LACTAM,CARBAPENEM
blaOXA,OXA-51 family carbapenem-hydrolyzing class D beta-lactamase OXA-758,BETA-LACTAM,CARBAPENEM
blaOXA,OXA-51 family carbapenem-hydrolyzing class D beta-lactamase OXA-759,BETA-LACTAM,CARBAPENEM
blaOXA,OXA-51 family carbapenem-hydrolyzing class D beta-lactamase OXA-75,BETA-LACTAM,CARBAPENEM
blaOXA,OXA-51 family carbapenem-hydrolyzing class D beta-lactamase OXA-760,BETA-LACTAM,CARBAPENEM
blaOXA,OXA-51 family carbapenem-hydrolyzing class D beta-lactamase OXA-761,BETA-LACTAM,CARBAPENEM
blaOXA,OXA-51 family carbapenem-hydrolyzing class D beta-lactamase OXA-762,BETA-LACTAM,CARBAPENEM
blaOXA,OXA-51 family carbapenem-hydrolyzing class D beta-lactamase OXA-763,BETA-LACTAM,CARBAPENEM
blaOXA,OXA-51 family carbapenem-hydrolyzing class D beta-lactamase OXA-764,BETA-LACTAM,CARBAPENEM
blaOXA,OXA-51 family carbapenem-hydrolyzing class D beta-lactamase OXA-765,BETA-LACTAM,CARBAPENEM
blaOXA,OXA-51 family carbapenem-hydrolyzing class D beta-lactamase OXA-766,BETA-LACTAM,CARBAPENEM
blaOXA,OXA-51 family carbapenem-hydrolyzing class D beta-lactamase OXA-767,BETA-LACTAM,CARBAPENEM
blaOXA,OXA-51 family carbapenem-hydrolyzing class D beta-lactamase OXA-768,BETA-LACTAM,CARBAPENEM
blaOXA,OXA-51 family carbapenem-hydrolyzing class D beta-lactamase OXA-769,BETA-LACTAM,CARBAPENEM
blaOXA,OXA-51 family carbapenem-hydrolyzing class D beta-lactamase OXA-76,BETA-LACTAM,CARBAPENEM
blaOXA,OXA-51 family carbapenem-hydrolyzing class D beta-lactamase OXA-770,BETA-LACTAM,CARBAPENEM
blaOXA,OXA-51 family carbapenem-hydrolyzing class D beta-lactamase OXA-771,BETA-LACTAM,CARBAPENEM
blaOXA,OXA-51 family carbapenem-hydrolyzing class D beta-lactamase OXA-772,BETA-LACTAM,CARBAPENEM
blaOXA,OXA-51 family carbapenem-hydrolyzing class D beta-lactamase OXA-773,BETA-LACTAM,CARBAPENEM
blaOXA,OXA-51 family carbapenem-hydrolyzing class D beta-lactamase OXA-774,BETA-LACTAM,CARBAPENEM
blaOXA,OXA-51 family carbapenem-hydrolyzing class D beta-lactamase OXA-775,BETA-LACTAM,CARBAPENEM
blaOXA,OXA-51 family carbapenem-hydrolyzing class D beta-lactamase OXA-776,BETA-LACTAM,CARBAPENEM
blaOXA,OXA-213 family carbapenem-hydrolyzing class D beta-lactamase OXA-777,BETA-LACTAM,CARBAPENEM
blaOXA,OXA-213 family carbapenem-hydrolyzing class D beta-lactamase OXA-778,BETA-LACTAM,CARBAPENEM
blaOXA,OXA-46 family oxacillin-hydrolyzing class D beta-lactamase OXA-779,BETA-LACTAM,BETA-LACTAM
blaOXA,OXA-51 family carbapenem-hydrolyzing class D beta-lactamase OXA-77,BETA-LACTAM,CARBAPENEM
blaOXA,class D beta-lactamase OXA-780,BETA-LACTAM,BETA-LACTAM
blaOXA,OXA-51 family carbapenem-hydrolyzing class D beta-lactamase OXA-781,BETA-LACTAM,CARBAPENEM
blaOXA,OXA-51 family carbapenem-hydrolyzing class D beta-lactamase OXA-782,BETA-LACTAM,CARBAPENEM
blaOXA,OXA-184 family class D beta-lactamase OXA-783,BETA-LACTAM,BETA-LACTAM
blaOXA,OXA-61 family class D beta-lactamase OXA-784,BETA-LACTAM,BETA-LACTAM
blaOXA,OXA-184 family class D beta-lactamase OXA-785,BETA-LACTAM,BETA-LACTAM
blaOXA,OXA-61 family class D beta-lactamase OXA-786,BETA-LACTAM,BETA-LACTAM
blaOXA,OXA-364 family class D beta-lactamase OXA-787,BETA-LACTAM,BETA-LACTAM
blaOXA,OXA-48 family class D beta-lactamase OXA-788,BETA-LACTAM,CARBAPENEM
blaOXA,OXA-364 family class D beta-lactamase OXA-789,BETA-LACTAM,BETA-LACTAM
blaOXA,OXA-51 family carbapenem-hydrolyzing class D beta-lactamase OXA-78,BETA-LACTAM,CARBAPENEM
blaOXA,OXA-114 family class D beta-lactamase OXA-790,BETA-LACTAM,BETA-LACTAM
blaOXA,OXA-114 family class D beta-lactamase OXA-791,BETA-LACTAM,BETA-LACTAM
blaOXA,OXA-48 family class D beta-lactamase OXA-793,BETA-LACTAM,CEPHALOSPORIN
blaOXA,OXA-10 family class D beta-lactamase OXA-794,BETA-LACTAM,BETA-LACTAM
blaOXA,OXA-10 family class D beta-lactamase OXA-795,BETA-LACTAM,BETA-LACTAM
blaOXA,OXA-1 family class D beta-lactamase OXA-796,BETA-LACTAM,BETA-LACTAM
blaOXA,OXA-51 family carbapenem-hydrolyzing class D beta-lactamase OXA-797,BETA-LACTAM,CARBAPENEM
blaOXA,OXA-51 family carbapenem-hydrolyzing class D beta-lactamase OXA-798,BETA-LACTAM,CARBAPENEM
blaOXA,OXA-51 family carbapenem-hydrolyzing class D beta-lactamase OXA-799,BETA-LACTAM,CARBAPENEM
blaOXA,OXA-51 family carbapenem-hydrolyzing class D beta-lactamase OXA-79,BETA-LACTAM,CARBAPENEM
blaOXA,OXA-10 family oxacillin-hydrolyzing class D beta-lactamase OXA-7,BETA-LACTAM,BETA-LACTAM
blaOXA,OXA-51 family carbapenem-hydrolyzing class D beta-lactamase OXA-800,BETA-LACTAM,CARBAPENEM
blaOXA,OXA-213 family carbapenem-hydrolyzing class D beta-lactamase OXA-801,BETA-LACTAM,CARBAPENEM
blaOXA,OXA-213 family carbapenem-hydrolyzing class D beta-lactamase OXA-802,BETA-LACTAM,CARBAPENEM
blaOXA,OXA-213 family carbapenem-hydrolyzing class D beta-lactamase OXA-803,BETA-LACTAM,CARBAPENEM
blaOXA,OXA-213 family carbapenem-hydrolyzing class D beta-lactamase OXA-804,BETA-LACTAM,CARBAPENEM
blaOXA,OXA-213 family carbapenem-hydrolyzing class D beta-lactamase OXA-805,BETA-LACTAM,CARBAPENEM
blaOXA,OXA-23 family carbapenem-hydrolyzing class D beta-lactamase OXA-806,BETA-LACTAM,CARBAPENEM
blaOXA,OXA-23 family carbapenem-hydrolyzing class D beta-lactamase OXA-807,BETA-LACTAM,CARBAPENEM
blaOXA,OXA-23 family carbapenem-hydrolyzing class D beta-lactamase OXA-808,BETA-LACTAM,CARBAPENEM
blaOXA,OXA-23 family carbapenem-hydrolyzing class D beta-lactamase OXA-809,BETA-LACTAM,CARBAPENEM
blaOXA,OXA-51 family carbapenem-hydrolyzing class D beta-lactamase OXA-80,BETA-LACTAM,CARBAPENEM
blaOXA,OXA-23 family carbapenem-hydrolyzing class D beta-lactamase OXA-810,BETA-LACTAM,CARBAPENEM
blaOXA,OXA-23 family carbapenem-hydrolyzing class D beta-lactamase OXA-811,BETA-LACTAM,CARBAPENEM
blaOXA,OXA-23 family carbapenem-hydrolyzing class D beta-lactamase OXA-812,BETA-LACTAM,CARBAPENEM
blaOXA,OXA-23 family carbapenem-hydrolyzing class D beta-lactamase OXA-813,BETA-LACTAM,CARBAPENEM
blaOXA,OXA-23 family carbapenem-hydrolyzing class D beta-lactamase OXA-814,BETA-LACTAM,CARBAPENEM
blaOXA,OXA-23 family carbapenem-hydrolyzing class D beta-lactamase OXA-815,BETA-LACTAM,CARBAPENEM
blaOXA,OXA-23 family carbapenem-hydrolyzing class D beta-lactamase OXA-816,BETA-LACTAM,CARBAPENEM
blaOXA,OXA-23 family carbapenem-hydrolyzing class D beta-lactamase OXA-817,BETA-LACTAM,CARBAPENEM
blaOXA,OXA-23 family carbapenem-hydrolyzing class D beta-lactamase OXA-818,BETA-LACTAM,CARBAPENEM
blaOXA,OXA-213 family carbapenem-hydrolyzing class D beta-lactamase OXA-819,BETA-LACTAM,CARBAPENEM
blaOXA,OXA-213 family carbapenem-hydrolyzing class D beta-lactamase OXA-820,BETA-LACTAM,CARBAPENEM
blaOXA,OXA-213 family carbapenem-hydrolyzing class D beta-lactamase OXA-821,BETA-LACTAM,CARBAPENEM
blaOXA,OXA-213 family carbapenem-hydrolyzing class D beta-lactamase OXA-822,BETA-LACTAM,CARBAPENEM
blaOXA,OXA-10 family class D beta-lactamase OXA-823,BETA-LACTAM,BETA-LACTAM
blaOXA,OXA-10 family class D beta-lactamase OXA-824,BETA-LACTAM,BETA-LACTAM
blaOXA,OXA-143 family carbapenem-hydrolyzing class D beta-lactamase OXA-825,BETA-LACTAM,CARBAPENEM
blaOXA,OXA-213 family carbapenem-hydrolyzing class D beta-lactamase OXA-826,BETA-LACTAM,CARBAPENEM
blaOXA,OXA-10 family class D beta-lactamase OXA-827,BETA-LACTAM,BETA-LACTAM
blaOXA,OXA-51 family carbapenem-hydrolyzing class D beta-lactamase OXA-828,BETA-LACTAM,CARBAPENEM
blaOXA,OXA-51 family carbapenem-hydrolyzing class D beta-lactamase OXA-829,BETA-LACTAM,CARBAPENEM
blaOXA,OXA-51 family carbapenem-hydrolyzing class D beta-lactamase OXA-82,BETA-LACTAM,CARBAPENEM
blaOXA,extended-spectrum class D beta-lactamase OXA-830,BETA-LACTAM,BETA-LACTAM
blaOXA,OXA-51 family carbapenem-hydrolyzing class D beta-lactamase OXA-831,BETA-LACTAM,CARBAPENEM
blaOXA,OXA-213 family carbapenem-hydrolyzing class D beta-lactamase OXA-832,BETA-LACTAM,CARBAPENEM
blaOXA,OXA-48 family class D beta-lactamase OXA-833,BETA-LACTAM,CEPHALOSPORIN
blaOXA,OXA-51 family carbapenem-hydrolyzing class D beta-lactamase OXA-834,BETA-LACTAM,CARBAPENEM
blaOXA,OXA-46 family oxacillin-hydrolyzing class D beta-lactamase OXA-835,BETA-LACTAM,BETA-LACTAM
blaOXA,OXA-10 family class D beta-lactamase OXA-836,BETA-LACTAM,BETA-LACTAM
blaOXA,class D beta-lactamase OXA-837,BETA-LACTAM,BETA-LACTAM
blaOXA,OXA-2 family inhibitor-resistant extended-spectrum class D beta-lactamase OXA-838,BETA-LACTAM,BETA-LACTAM
blaOXA,OXA-114 family class D beta-lactamase OXA-839,BETA-LACTAM,BETA-LACTAM
blaOXA,OXA-51 family carbapenem-hydrolyzing class D beta-lactamase OXA-83,BETA-LACTAM,CARBAPENEM
blaOXA,OXA-213 family carbapenem-hydrolyzing class D beta-lactamase OXA-840,BETA-LACTAM,CARBAPENEM
blaOXA,OXA-213 family carbapenem-hydrolyzing class D beta-lactamase OXA-841,BETA-LACTAM,CARBAPENEM
blaOXA,OXA-213 family carbapenem-hydrolyzing class D beta-lactamase OXA-842,BETA-LACTAM,CARBAPENEM
blaOXA,OXA-213 family carbapenem-hydrolyzing class D beta-lactamase OXA-843,BETA-LACTAM,CARBAPENEM
blaOXA,OXA-213 family carbapenem-hydrolyzing class D beta-lactamase OXA-844,BETA-LACTAM,CARBAPENEM
blaOXA,OXA-214 family carbapenem-hydrolyzing class D beta-lactamase OXA-845,BETA-LACTAM,BETA-LACTAM
blaOXA,OXA-50 family oxacillin-hydrolyzing class D beta-lactamase OXA-846,BETA-LACTAM,BETA-LACTAM
blaOXA,OXA-50 family oxacillin-hydrolyzing class D beta-lactamase OXA-847,BETA-LACTAM,BETA-LACTAM
blaOXA,OXA-50 family oxacillin-hydrolyzing class D beta-lactamase OXA-848,BETA-LACTAM,BETA-LACTAM
blaOXA,OXA-50 family oxacillin-hydrolyzing class D beta-lactamase OXA-849,BETA-LACTAM,BETA-LACTAM
blaOXA,OXA-51 family carbapenem-hydrolyzing class D beta-lactamase OXA-84,BETA-LACTAM,CARBAPENEM
blaOXA,OXA-50 family oxacillin-hydrolyzing class D beta-lactamase OXA-850,BETA-LACTAM,BETA-LACTAM
blaOXA,OXA-50 family oxacillin-hydrolyzing class D beta-lactamase OXA-851,BETA-LACTAM,BETA-LACTAM
blaOXA,OXA-51 family carbapenem-hydrolyzing class D beta-lactamase OXA-852,BETA-LACTAM,CARBAPENEM
blaOXA,OXA-51 family carbapenem-hydrolyzing class D beta-lactamase OXA-853,BETA-LACTAM,CARBAPENEM
blaOXA,OXA-51 family carbapenem-hydrolyzing class D beta-lactamase OXA-854,BETA-LACTAM,CARBAPENEM
blaOXA,OXA-51 family carbapenem-hydrolyzing class D beta-lactamase OXA-855,BETA-LACTAM,CARBAPENEM
blaOXA,OXA-51 family carbapenem-hydrolyzing class D beta-lactamase OXA-856,BETA-LACTAM,CARBAPENEM
blaOXA,OXA-51 family carbapenem-hydrolyzing class D beta-lactamase OXA-857,BETA-LACTAM,CARBAPENEM
blaOXA,OXA-51 family carbapenem-hydrolyzing class D beta-lactamase OXA-858,BETA-LACTAM,CARBAPENEM
blaOXA,OXA-51 family carbapenem-hydrolyzing class D beta-lactamase OXA-859,BETA-LACTAM,CARBAPENEM
blaOXA,oxacillin-hydrolyzing class D beta-lactamase OXA-85,BETA-LACTAM,BETA-LACTAM
blaOXA,OXA-51 family carbapenem-hydrolyzing class D beta-lactamase OXA-860,BETA-LACTAM,CARBAPENEM
blaOXA,OXA-51 family carbapenem-hydrolyzing class D beta-lactamase OXA-861,BETA-LACTAM,CARBAPENEM
blaOXA,OXA-51 family carbapenem-hydrolyzing class D beta-lactamase OXA-862,BETA-LACTAM,CARBAPENEM
blaOXA,OXA-51 family carbapenem-hydrolyzing class D beta-lactamase OXA-863,BETA-LACTAM,CARBAPENEM
blaOXA,OXA-51 family carbapenem-hydrolyzing class D beta-lactamase OXA-864,BETA-LACTAM,CARBAPENEM
blaOXA,OXA-51 family carbapenem-hydrolyzing class D beta-lactamase OXA-865,BETA-LACTAM,CARBAPENEM
blaOXA,OXA-51 family carbapenem-hydrolyzing class D beta-lactamase OXA-866,BETA-LACTAM,CARBAPENEM
blaOXA,OXA-51 family carbapenem-hydrolyzing class D beta-lactamase OXA-867,BETA-LACTAM,CARBAPENEM
blaOXA,OXA-51 family carbapenem-hydrolyzing class D beta-lactamase OXA-868,BETA-LACTAM,CARBAPENEM
blaOXA,OXA-51 family carbapenem-hydrolyzing class D beta-lactamase OXA-869,BETA-LACTAM,CARBAPENEM
blaOXA,OXA-51 family carbapenem-hydrolyzing class D beta-lactamase OXA-86,BETA-LACTAM,CARBAPENEM
blaOXA,OXA-51 family carbapenem-hydrolyzing class D beta-lactamase OXA-870,BETA-LACTAM,CARBAPENEM
blaOXA,OXA-51 family carbapenem-hydrolyzing class D beta-lactamase OXA-871,BETA-LACTAM,CARBAPENEM
blaOXA,OXA-51 family carbapenem-hydrolyzing class D beta-lactamase OXA-872,BETA-LACTAM,CARBAPENEM
blaOXA,OXA-51 family carbapenem-hydrolyzing class D beta-lactamase OXA-873,BETA-LACTAM,CARBAPENEM
blaOXA,OXA-51 family carbapenem-hydrolyzing class D beta-lactamase OXA-874,BETA-LACTAM,CARBAPENEM
blaOXA,OXA-51 family carbapenem-hydrolyzing class D beta-lactamase OXA-875,BETA-LACTAM,CARBAPENEM
blaOXA,OXA-51 family carbapenem-hydrolyzing class D beta-lactamase OXA-876,BETA-LACTAM,CARBAPENEM
blaOXA,OXA-51 family carbapenem-hydrolyzing class D beta-lactamase OXA-877,BETA-LACTAM,CARBAPENEM
blaOXA,OXA-51 family carbapenem-hydrolyzing class D beta-lactamase OXA-878,BETA-LACTAM,CARBAPENEM
blaOXA,OXA-51 family carbapenem-hydrolyzing class D beta-lactamase OXA-879,BETA-LACTAM,CARBAPENEM
blaOXA,OXA-51 family carbapenem-hydrolyzing class D beta-lactamase OXA-87,BETA-LACTAM,CARBAPENEM
blaOXA,OXA-51 family carbapenem-hydrolyzing class D beta-lactamase OXA-880,BETA-LACTAM,CARBAPENEM
blaOXA,OXA-51 family carbapenem-hydrolyzing class D beta-lactamase OXA-881,BETA-LACTAM,CARBAPENEM
blaOXA,OXA-51 family carbapenem-hydrolyzing class D beta-lactamase OXA-882,BETA-LACTAM,CARBAPENEM
blaOXA,OXA-51 family carbapenem-hydrolyzing class D beta-lactamase OXA-883,BETA-LACTAM,CARBAPENEM
blaOXA,OXA-51 family carbapenem-hydrolyzing class D beta-lactamase OXA-884,BETA-LACTAM,CARBAPENEM
blaOXA,OXA-51 family carbapenem-hydrolyzing class D beta-lactamase OXA-885,BETA-LACTAM,CARBAPENEM
blaOXA,OXA-51 family carbapenem-hydrolyzing class D beta-lactamase OXA-886,BETA-LACTAM,CARBAPENEM
blaOXA,OXA-51 family carbapenem-hydrolyzing class D beta-lactamase OXA-887,BETA-LACTAM,CARBAPENEM
blaOXA,OXA-51 family carbapenem-hydrolyzing class D beta-lactamase OXA-888,BETA-LACTAM,CARBAPENEM
blaOXA,OXA-51 family carbapenem-hydrolyzing class D beta-lactamase OXA-889,BETA-LACTAM,CARBAPENEM
blaOXA,OXA-51 family carbapenem-hydrolyzing class D beta-lactamase OXA-88,BETA-LACTAM,CARBAPENEM
blaOXA,OXA-51 family carbapenem-hydrolyzing class D beta-lactamase OXA-890,BETA-LACTAM,CARBAPENEM
blaOXA,OXA-51 family carbapenem-hydrolyzing class D beta-lactamase OXA-891,BETA-LACTAM,CARBAPENEM
blaOXA,OXA-51 family carbapenem-hydrolyzing class D beta-lactamase OXA-892,BETA-LACTAM,CARBAPENEM
blaOXA,OXA-23 family carbapenem-hydrolyzing class D beta-lactamase OXA-893,BETA-LACTAM,CARBAPENEM
blaOXA,OXA-48 family class D beta-lactamase OXA-894,BETA-LACTAM,CARBAPENEM
blaOXA,OXA-229 family carbapenem-hydrolyzing class D beta-lactamase OXA-895,BETA-LACTAM,CARBAPENEM
blaOXA,OXA-9 family oxacillin-hydrolyzing class D beta-lactamase OXA-896,BETA-LACTAM,BETA-LACTAM
blaOXA,OXA-24 family carbapenem-hydrolyzing class D beta-lactamase OXA-897,BETA-LACTAM,CARBAPENEM
blaOXA,OXA-60 family carbapenem-hydrolyzing class D beta-lactamase OXA-898,BETA-LACTAM,CARBAPENEM
blaOXA,OXA-22 family class D beta-lactamase OXA-899,BETA-LACTAM,BETA-LACTAM
blaOXA,OXA-51 family carbapenem-hydrolyzing class D beta-lactamase OXA-89,BETA-LACTAM,CARBAPENEM
blaOXA,carbapenem-hydrolyzing class D beta-lactamase OXA-900,BETA-LACTAM,CARBAPENEM
blaOXA,OXA-50 family oxacillin-hydrolyzing class D beta-lactamase OXA-901,BETA-LACTAM,BETA-LACTAM
blaOXA,OXA-50 family oxacillin-hydrolyzing class D beta-lactamase OXA-902,BETA-LACTAM,BETA-LACTAM
blaOXA,OXA-50 family oxacillin-hydrolyzing class D beta-lactamase OXA-903,BETA-LACTAM,BETA-LACTAM
blaOXA,OXA-50 family oxacillin-hydrolyzing class D beta-lactamase OXA-904,BETA-LACTAM,BETA-LACTAM
blaOXA,OXA-50 family oxacillin-hydrolyzing class D beta-lactamase OXA-905,BETA-LACTAM,BETA-LACTAM
blaOXA,OXA-50 family oxacillin-hydrolyzing class D beta-lactamase OXA-906,BETA-LACTAM,BETA-LACTAM
blaOXA,OXA-50 family oxacillin-hydrolyzing class D beta-lactamase OXA-907,BETA-LACTAM,BETA-LACTAM
blaOXA,OXA-50 family oxacillin-hydrolyzing class D beta-lactamase OXA-908,BETA-LACTAM,BETA-LACTAM
blaOXA,OXA-51 family carbapenem-hydrolyzing class D beta-lactamase OXA-909,BETA-LACTAM,CARBAPENEM
blaOXA,OXA-51 family carbapenem-hydrolyzing class D beta-lactamase OXA-90,BETA-LACTAM,CARBAPENEM
blaOXA,OXA-51 family carbapenem-hydrolyzing class D beta-lactamase OXA-910,BETA-LACTAM,CARBAPENEM
blaOXA,OXA-23 family carbapenem-hydrolyzing class D beta-lactamase OXA-911,BETA-LACTAM,CARBAPENEM
blaOXA,OXA-12 family class D beta-lactamase OXA-912,BETA-LACTAM,BETA-LACTAM
blaOXA,OXA-50 family oxacillin-hydrolyzing class D beta-lactamase OXA-913,BETA-LACTAM,BETA-LACTAM
blaOXA,OXA-50 family oxacillin-hydrolyzing class D beta-lactamase OXA-914,BETA-LACTAM,BETA-LACTAM
blaOXA,OXA-134 family carbapenem-hydrolyzing class D beta-lactamase OXA-915,BETA-LACTAM,CARBAPENEM
blaOXA,OXA-51 family carbapenem-hydrolyzing class D beta-lactamase OXA-916,BETA-LACTAM,CARBAPENEM
blaOXA,OXA-427 family carbapenem-hydrolyzing class D beta-lactamase OXA-917,BETA-LACTAM,CARBAPENEM
blaOXA,OXA-48 family class D beta-lactamase OXA-918,BETA-LACTAM,CEPHALOSPORIN
blaOXA,class D beta-lactamase OXA-919,BETA-LACTAM,BETA-LACTAM
blaOXA,OXA-51 family carbapenem-hydrolyzing class D beta-lactamase OXA-91,BETA-LACTAM,CARBAPENEM
blaOXA,OXA-48 family class D beta-lactamase OXA-920,BETA-LACTAM,CEPHALOSPORIN
blaOXA,OXA-1 family class D beta-lactamase OXA-921,BETA-LACTAM,BETA-LACTAM
blaOXA,OXA-48 family class D beta-lactamase OXA-922,BETA-LACTAM,CEPHALOSPORIN
blaOXA,OXA-48 family class D beta-lactamase OXA-923,BETA-LACTAM,CEPHALOSPORIN
blaOXA,OXA-48 family class D beta-lactamase OXA-924,BETA-LACTAM,CEPHALOSPORIN
blaOXA,OXA-258 family carbapenem-hydrolyzing class D beta-lactamase OXA-925,BETA-LACTAM,BETA-LACTAM
blaOXA,class D beta-lactamase OXA-926,BETA-LACTAM,BETA-LACTAM
blaOXA,OXA-51 family carbapenem-hydrolyzing class D beta-lactamase OXA-927,BETA-LACTAM,CARBAPENEM
blaOXA,OXA-10 family class D beta-lactamase OXA-928,BETA-LACTAM,BETA-LACTAM
blaOXA,OXA-48 family class D beta-lactamase OXA-929,BETA-LACTAM,CEPHALOSPORIN
blaOXA,OXA-51 family carbapenem-hydrolyzing class D beta-lactamase OXA-92,BETA-LACTAM,CARBAPENEM
blaOXA,OXA-229 family carbapenem-hydrolyzing class D beta-lactamase OXA-930,BETA-LACTAM,CARBAPENEM
blaOXA,OXA-229 family carbapenem-hydrolyzing class D beta-lactamase OXA-931,BETA-LACTAM,CARBAPENEM
blaOXA,OXA-10 family class D beta-lactamase OXA-932,BETA-LACTAM,BETA-LACTAM
blaOXA,OXA-48 family class D beta-lactamase OXA-933,BETA-LACTAM,CEPHALOSPORIN
blaOXA,OXA-48 family class D beta-lactamase OXA-934,BETA-LACTAM,CEPHALOSPORIN
blaOXA,OXA-10 family extended-spectrum class D beta-lactamase OXA-935,BETA-LACTAM,CEPHALOSPORIN
blaOXA,OXA-214 family carbapenem-hydrolyzing class D beta-lactamase OXA-936,BETA-LACTAM,BETA-LACTAM
blaOXA,OXA-50 family oxacillin-hydrolyzing class D beta-lactamase OXA-937,BETA-LACTAM,BETA-LACTAM
blaOXA,OXA-51 family carbapenem-hydrolyzing class D beta-lactamase OXA-938,BETA-LACTAM,CARBAPENEM
blaOXA,OXA-51 family carbapenem-hydrolyzing class D beta-lactamase OXA-939,BETA-LACTAM,CARBAPENEM
blaOXA,OXA-51 family carbapenem-hydrolyzing class D beta-lactamase OXA-93,BETA-LACTAM,CARBAPENEM
blaOXA,OXA-51 family carbapenem-hydrolyzing class D beta-lactamase OXA-940,BETA-LACTAM,CARBAPENEM
blaOXA,OXA-213 family carbapenem-hydrolyzing class D beta-lactamase OXA-941,BETA-LACTAM,CARBAPENEM
blaOXA,OXA-213 family carbapenem-hydrolyzing class D beta-lactamase OXA-942,BETA-LACTAM,CARBAPENEM
blaOXA,OXA-213 family carbapenem-hydrolyzing class D beta-lactamase OXA-943,BETA-LACTAM,CARBAPENEM
blaOXA,OXA-274 family carbapenem-hydrolyzing class D beta-lactamase OXA-944,BETA-LACTAM,CARBAPENEM
blaOXA,OXA-143 family carbapenem-hydrolyzing class D beta-lactamase OXA-945,BETA-LACTAM,BETA-LACTAM
blaOXA,OXA-679 family carbapenem-hydrolyzing class D beta-lactamase OXA-946,BETA-LACTAM,CARBAPENEM
blaOXA,OXA-679 family carbapenem-hydrolyzing class D beta-lactamase OXA-947,BETA-LACTAM,CARBAPENEM
blaOXA,OXA-679 family carbapenem-hydrolyzing class D beta-lactamase OXA-948,BETA-LACTAM,CARBAPENEM
blaOXA,OXA-679 family carbapenem-hydrolyzing class D beta-lactamase OXA-949,BETA-LACTAM,CARBAPENEM
blaOXA,OXA-51 family carbapenem-hydrolyzing class D beta-lactamase OXA-94,BETA-LACTAM,CARBAPENEM
blaOXA,OXA-12 family class D beta-lactamase OXA-950,BETA-LACTAM,BETA-LACTAM
blaOXA,OXA-12 family class D beta-lactamase OXA-951,BETA-LACTAM,BETA-LACTAM
blaOXA,OXA-229 family carbapenem-hydrolyzing class D beta-lactamase OXA-952,BETA-LACTAM,CARBAPENEM
blaOXA,OXA-229 family carbapenem-hydrolyzing class D beta-lactamase OXA-953,BETA-LACTAM,CARBAPENEM
blaOXA,OXA-51 family carbapenem-hydrolyzing class D beta-lactamase OXA-954,BETA-LACTAM,CARBAPENEM
blaOXA,OXA-51 family carbapenem-hydrolyzing class D beta-lactamase OXA-955,BETA-LACTAM,CARBAPENEM
blaOXA,class D beta-lactamase OXA-956,BETA-LACTAM,BETA-LACTAM
blaOXA,class D beta-lactamase OXA-957,BETA-LACTAM,BETA-LACTAM
blaOXA,OXA-12 family class D beta-lactamase OXA-958,BETA-LACTAM,BETA-LACTAM
blaOXA,OXA-12 family class D beta-lactamase OXA-959,BETA-LACTAM,BETA-LACTAM
blaOXA,OXA-51 family carbapenem-hydrolyzing class D beta-lactamase OXA-95,BETA-LACTAM,CARBAPENEM
blaOXA,OXA-55 family carbapenem-hydrolyzing class D beta-lactamase OXA-960,BETA-LACTAM,BETA-LACTAM
blaOXA,OXA-55 family carbapenem-hydrolyzing class D beta-lactamase OXA-961,BETA-LACTAM,BETA-LACTAM
blaOXA,OXA-55 family carbapenem-hydrolyzing class D beta-lactamase OXA-962,BETA-LACTAM,BETA-LACTAM
blaOXA,OXA-55 family carbapenem-hydrolyzing class D beta-lactamase OXA-963,BETA-LACTAM,BETA-LACTAM
blaOXA,OXA-55 family carbapenem-hydrolyzing class D beta-lactamase OXA-964,BETA-LACTAM,BETA-LACTAM
blaOXA,OXA-55 family carbapenem-hydrolyzing class D beta-lactamase OXA-965,BETA-LACTAM,BETA-LACTAM
blaOXA,OXA-23 family carbapenem-hydrolyzing class D beta-lactamase OXA-966,BETA-LACTAM,CARBAPENEM
blaOXA,OXA-23 family carbapenem-hydrolyzing class D beta-lactamase OXA-967,BETA-LACTAM,CARBAPENEM
blaOXA,OXA-23 family carbapenem-hydrolyzing class D beta-lactamase OXA-968,BETA-LACTAM,CARBAPENEM
blaOXA,OXA-23 family carbapenem-hydrolyzing class D beta-lactamase OXA-969,BETA-LACTAM,CARBAPENEM
blaOXA,OXA-58 family carbapenem-hydrolyzing class D beta-lactamase OXA-96,BETA-LACTAM,CARBAPENEM
blaOXA,OXA-51 family carbapenem-hydrolyzing class D beta-lactamase OXA-970,BETA-LACTAM,CARBAPENEM
blaOXA,OXA-51 family carbapenem-hydrolyzing class D beta-lactamase OXA-971,BETA-LACTAM,CARBAPENEM
blaOXA,OXA-51 family carbapenem-hydrolyzing class D beta-lactamase OXA-972,BETA-LACTAM,CARBAPENEM
blaOXA,OXA-51 family carbapenem-hydrolyzing class D beta-lactamase OXA-973,BETA-LACTAM,CARBAPENEM
blaOXA,OXA-51 family carbapenem-hydrolyzing class D beta-lactamase OXA-974,BETA-LACTAM,CARBAPENEM
blaOXA,OXA-51 family carbapenem-hydrolyzing class D beta-lactamase OXA-975,BETA-LACTAM,CARBAPENEM
blaOXA,OXA-51 family carbapenem-hydrolyzing class D beta-lactamase OXA-976,BETA-LACTAM,CARBAPENEM
blaOXA,OXA-51 family carbapenem-hydrolyzing class D beta-lactamase OXA-977,BETA-LACTAM,CARBAPENEM
blaOXA,OXA-213 family carbapenem-hydrolyzing class D beta-lactamase OXA-978,BETA-LACTAM,CARBAPENEM
blaOXA,OXA-213 family carbapenem-hydrolyzing class D beta-lactamase OXA-979,BETA-LACTAM,CARBAPENEM
blaOXA,OXA-58 family carbapenem-hydrolyzing class D beta-lactamase OXA-97,BETA-LACTAM,CARBAPENEM
blaOXA,OXA-213 family carbapenem-hydrolyzing class D beta-lactamase OXA-980,BETA-LACTAM,CARBAPENEM
blaOXA,class D beta-lactamase OXA-981,BETA-LACTAM,BETA-LACTAM
blaOXA,OXA-294 family class D beta-lactamase OXA-982,BETA-LACTAM,BETA-LACTAM
blaOXA,OXA-229 family carbapenem-hydrolyzing class D beta-lactamase OXA-983,BETA-LACTAM,CARBAPENEM
blaOXA,OXA-294 family class D beta-lactamase OXA-984,BETA-LACTAM,BETA-LACTAM
blaOXA,OXA-213 family carbapenem-hydrolyzing class D beta-lactamase OXA-985,BETA-LACTAM,CARBAPENEM
blaOXA,OXA-213 family carbapenem-hydrolyzing class D beta-lactamase OXA-986,BETA-LACTAM,CARBAPENEM
blaOXA,OXA-213 family carbapenem-hydrolyzing class D beta-lactamase OXA-987,BETA-LACTAM,CARBAPENEM
blaOXA,OXA-213 family carbapenem-hydrolyzing class D beta-lactamase OXA-988,BETA-LACTAM,CARBAPENEM
blaOXA,OXA-213 family carbapenem-hydrolyzing class D beta-lactamase OXA-989,BETA-LACTAM,CARBAPENEM
blaOXA,OXA-51 family carbapenem-hydrolyzing class D beta-lactamase OXA-98,BETA-LACTAM,CARBAPENEM
blaOXA,OXA-213 family carbapenem-hydrolyzing class D beta-lactamase OXA-990,BETA-LACTAM,CARBAPENEM
blaOXA,OXA-134 family carbapenem-hydrolyzing class D beta-lactamase OXA-991,BETA-LACTAM,CARBAPENEM
blaOXA,OXA-213 family carbapenem-hydrolyzing class D beta-lactamase OXA-992,BETA-LACTAM,CARBAPENEM
blaOXA,OXA-294 family class D beta-lactamase OXA-993,BETA-LACTAM,BETA-LACTAM
blaOXA,OXA-294 family class D beta-lactamase OXA-994,BETA-LACTAM,BETA-LACTAM
blaOXA,OXA-294 family class D beta-lactamase OXA-995,BETA-LACTAM,BETA-LACTAM
blaOXA,OXA-294 family class D beta-lactamase OXA-996,BETA-LACTAM,BETA-LACTAM
blaOXA,OXA-294 family class D beta-lactamase OXA-997,BETA-LACTAM,BETA-LACTAM
blaOXA,OXA-294 family class D beta-lactamase OXA-998,BETA-LACTAM,BETA-LACTAM
blaOXA,class D beta-lactamase OXA-999,BETA-LACTAM,BETA-LACTAM
blaOXA,OXA-51 family carbapenem-hydrolyzing class D beta-lactamase OXA-99,BETA-LACTAM,CARBAPENEM
blaOXA,oxacillin-hydrolyzing class D beta-lactamase OXA-9,BETA-LACTAM,BETA-LACTAM
blaOXA,class D beta-lactamase MSI-OXA,BETA-LACTAM,BETA-LACTAM
blaOXY,extended-spectrum class A beta-lactamase OXY-1-10,BETA-LACTAM,CEPHALOSPORIN
blaOXY,extended-spectrum class A beta-lactamase OXY-1-11,BETA-LACTAM,CEPHALOSPORIN
blaOXY,extended-spectrum class A beta-lactamase OXY-1-12,BETA-LACTAM,CEPHALOSPORIN
blaOXY,extended-spectrum class A beta-lactamase OXY-1-13,BETA-LACTAM,CEPHALOSPORIN
blaOXY,extended-spectrum class A beta-lactamase OXY-1-14,BETA-LACTAM,CEPHALOSPORIN
blaOXY,extended-spectrum class A beta-lactamase OXY-1-15,BETA-LACTAM,CEPHALOSPORIN
blaOXY,extended-spectrum class A beta-lactamase OXY-1-16,BETA-LACTAM,CEPHALOSPORIN
blaOXY,extended-spectrum class A beta-lactamase OXY-1-17,BETA-LACTAM,CEPHALOSPORIN
blaOXY,extended-spectrum class A beta-lactamase OXY-1-18,BETA-LACTAM,CEPHALOSPORIN
blaOXY,extended-spectrum class A beta-lactamase OXY-1-19,BETA-LACTAM,CEPHALOSPORIN
blaOXY,extended-spectrum class A beta-lactamase OXY-1-1,BETA-LACTAM,CEPHALOSPORIN
blaOXY,extended-spectrum class A beta-lactamase OXY-1-25,BETA-LACTAM,CEPHALOSPORIN
blaOXY,extended-spectrum class A beta-lactamase OXY-1-26,BETA-LACTAM,CEPHALOSPORIN
blaOXY,extended-spectrum class A beta-lactamase OXY-1-27,BETA-LACTAM,CEPHALOSPORIN
blaOXY,extended-spectrum class A beta-lactamase OXY-1-28,BETA-LACTAM,CEPHALOSPORIN
blaOXY,extended-spectrum class A beta-lactamase OXY-1-2,BETA-LACTAM,CEPHALOSPORIN
blaOXY,extended-spectrum class A beta-lactamase OXY-1-31,BETA-LACTAM,CEPHALOSPORIN
blaOXY,extended-spectrum class A beta-lactamase OXY-1-32,BETA-LACTAM,CEPHALOSPORIN
blaOXY,extended-spectrum class A beta-lactamase OXY-1-33,BETA-LACTAM,CEPHALOSPORIN
blaOXY,extended-spectrum class A beta-lactamase OXY-1-34,BETA-LACTAM,CEPHALOSPORIN
blaOXY,extended-spectrum class A beta-lactamase OXY-1-35,BETA-LACTAM,CEPHALOSPORIN
blaOXY,extended-spectrum class A beta-lactamase OXY-1-36,BETA-LACTAM,CEPHALOSPORIN
blaOXY,extended-spectrum class A beta-lactamase OXY-1-37,BETA-LACTAM,CEPHALOSPORIN
blaOXY,extended-spectrum class A beta-lactamase OXY-1-38,BETA-LACTAM,CEPHALOSPORIN
blaOXY,extended-spectrum class A beta-lactamase OXY-1-39,BETA-LACTAM,CEPHALOSPORIN
blaOXY,extended-spectrum class A beta-lactamase OXY-1-3,BETA-LACTAM,CEPHALOSPORIN
blaOXY,extended-spectrum class A beta-lactamase OXY-1-41,BETA-LACTAM,CEPHALOSPORIN
blaOXY,extended-spectrum class A beta-lactamase OXY-1-42,BETA-LACTAM,CEPHALOSPORIN
blaOXY,extended-spectrum class A beta-lactamase OXY-1-43,BETA-LACTAM,CEPHALOSPORIN
blaOXY,extended-spectrum class A beta-lactamase OXY-1-44,BETA-LACTAM,CEPHALOSPORIN
blaOXY,extended-spectrum class A beta-lactamase OXY-1-45,BETA-LACTAM,CEPHALOSPORIN
blaOXY,extended-spectrum class A beta-lactamase OXY-1-46,BETA-LACTAM,CEPHALOSPORIN
blaOXY,extended-spectrum class A beta-lactamase OXY-1-47,BETA-LACTAM,CEPHALOSPORIN
blaOXY,extended-spectrum class A beta-lactamase OXY-1-48,BETA-LACTAM,CEPHALOSPORIN
blaOXY,extended-spectrum class A beta-lactamase OXY-1-49,BETA-LACTAM,CEPHALOSPORIN
blaOXY,extended-spectrum class A beta-lactamase OXY-1-4,BETA-LACTAM,CEPHALOSPORIN
blaOXY,extended-spectrum class A beta-lactamase OXY-1-50,BETA-LACTAM,CEPHALOSPORIN
blaOXY,extended-spectrum class A beta-lactamase OXY-1-51,BETA-LACTAM,CEPHALOSPORIN
blaOXY,extended-spectrum class A beta-lactamase OXY-1-6,BETA-LACTAM,CEPHALOSPORIN
blaOXY,extended-spectrum class A beta-lactamase OXY-1-7,BETA-LACTAM,CEPHALOSPORIN
blaOXY,extended-spectrum class A beta-lactamase OXY-1-8,BETA-LACTAM,CEPHALOSPORIN
blaOXY,extended-spectrum class A beta-lactamase OXY-1-9,BETA-LACTAM,CEPHALOSPORIN
blaOXY,extended-spectrum class A beta-lactamase OXY-10-1,BETA-LACTAM,CEPHALOSPORIN
blaOXY,extended-spectrum class A beta-lactamase OXY-11-1,BETA-LACTAM,CEPHALOSPORIN
blaOXY,extended-spectrum class A beta-lactamase OXY-12-1,BETA-LACTAM,CEPHALOSPORIN
blaOXY,extended-spectrum class A beta-lactamase OXY-12-2,BETA-LACTAM,CEPHALOSPORIN
blaOXY,extended-spectrum class A beta-lactamase OXY-13-1,BETA-LACTAM,CEPHALOSPORIN
blaOXY,extended-spectrum class A beta-lactamase OXY-2-10,BETA-LACTAM,CEPHALOSPORIN
blaOXY,extended-spectrum class A beta-lactamase OXY-2-11,BETA-LACTAM,CEPHALOSPORIN
blaOXY,extended-spectrum class A beta-lactamase OXY-2-12,BETA-LACTAM,CEPHALOSPORIN
blaOXY,extended-spectrum class A beta-lactamase OXY-2-13,BETA-LACTAM,CEPHALOSPORIN
blaOXY,extended-spectrum class A beta-lactamase OXY-2-14,BETA-LACTAM,CEPHALOSPORIN
blaOXY,extended-spectrum class A beta-lactamase OXY-2-15,BETA-LACTAM,CEPHALOSPORIN
blaOXY,extended-spectrum class A beta-lactamase OXY-2-16,BETA-LACTAM,CEPHALOSPORIN
blaOXY,extended-spectrum class A beta-lactamase OXY-2-17,BETA-LACTAM,CEPHALOSPORIN
blaOXY,extended-spectrum class A beta-lactamase OXY-2-18,BETA-LACTAM,CEPHALOSPORIN
blaOXY,extended-spectrum class A beta-lactamase OXY-2-19,BETA-LACTAM,CEPHALOSPORIN
blaOXY,extended-spectrum class A beta-lactamase OXY-2-1,BETA-LACTAM,CEPHALOSPORIN
blaOXY,extended-spectrum class A beta-lactamase OXY-2-20,BETA-LACTAM,CEPHALOSPORIN
blaOXY,extended-spectrum class A beta-lactamase OXY-2-21,BETA-LACTAM,CEPHALOSPORIN
blaOXY,extended-spectrum class A beta-lactamase OXY-2-22,BETA-LACTAM,CEPHALOSPORIN
blaOXY,extended-spectrum class A beta-lactamase OXY-2-23,BETA-LACTAM,CEPHALOSPORIN
blaOXY,extended-spectrum class A beta-lactamase OXY-2-24,BETA-LACTAM,CEPHALOSPORIN
blaOXY,extended-spectrum class A beta-lactamase OXY-2-25,BETA-LACTAM,CEPHALOSPORIN
blaOXY,extended-spectrum class A beta-lactamase OXY-2-26,BETA-LACTAM,CEPHALOSPORIN
blaOXY,extended-spectrum class A beta-lactamase OXY-2-27,BETA-LACTAM,CEPHALOSPORIN
blaOXY,extended-spectrum class A beta-lactamase OXY-2-28,BETA-LACTAM,CEPHALOSPORIN
blaOXY,extended-spectrum class A beta-lactamase OXY-2-2,BETA-LACTAM,CEPHALOSPORIN
blaOXY,extended-spectrum class A beta-lactamase OXY-2-30,BETA-LACTAM,CEPHALOSPORIN
blaOXY,extended-spectrum class A beta-lactamase OXY-2-37,BETA-LACTAM,CEPHALOSPORIN
blaOXY,extended-spectrum class A beta-lactamase OXY-2-38,BETA-LACTAM,CEPHALOSPORIN
blaOXY,extended-spectrum class A beta-lactamase OXY-2-39,BETA-LACTAM,CEPHALOSPORIN
blaOXY,extended-spectrum class A beta-lactamase OXY-2-3,BETA-LACTAM,CEPHALOSPORIN
blaOXY,extended-spectrum class A beta-lactamase OXY-2-40,BETA-LACTAM,CEPHALOSPORIN
blaOXY,extended-spectrum class A beta-lactamase OXY-2-41,BETA-LACTAM,CEPHALOSPORIN
blaOXY,extended-spectrum class A beta-lactamase OXY-2-42,BETA-LACTAM,CEPHALOSPORIN
blaOXY,extended-spectrum class A beta-lactamase OXY-2-43,BETA-LACTAM,CEPHALOSPORIN
blaOXY,extended-spectrum class A beta-lactamase OXY-2-44,BETA-LACTAM,CEPHALOSPORIN
blaOXY,extended-spectrum class A beta-lactamase OXY-2-45,BETA-LACTAM,CEPHALOSPORIN
blaOXY,extended-spectrum class A beta-lactamase OXY-2-46,BETA-LACTAM,CEPHALOSPORIN
blaOXY,extended-spectrum class A beta-lactamase OXY-2-47,BETA-LACTAM,CEPHALOSPORIN
blaOXY,extended-spectrum class A beta-lactamase OXY-2-48,BETA-LACTAM,CEPHALOSPORIN
blaOXY,extended-spectrum class A beta-lactamase OXY-2-49,BETA-LACTAM,CEPHALOSPORIN
blaOXY,extended-spectrum class A beta-lactamase OXY-2-4,BETA-LACTAM,CEPHALOSPORIN
blaOXY,extended-spectrum class A beta-lactamase OXY-2-50,BETA-LACTAM,CEPHALOSPORIN
blaOXY,extended-spectrum class A beta-lactamase OXY-2-51,BETA-LACTAM,CEPHALOSPORIN
blaOXY,extended-spectrum class A beta-lactamase OXY-2-53,BETA-LACTAM,CEPHALOSPORIN
blaOXY,extended-spectrum class A beta-lactamase OXY-2-54,BETA-LACTAM,CEPHALOSPORIN
blaOXY,extended-spectrum class A beta-lactamase OXY-2-55,BETA-LACTAM,CEPHALOSPORIN
blaOXY,extended-spectrum class A beta-lactamase OXY-2-56,BETA-LACTAM,CEPHALOSPORIN
blaOXY,extended-spectrum class A beta-lactamase OXY-2-58,BETA-LACTAM,CEPHALOSPORIN
blaOXY,extended-spectrum class A beta-lactamase OXY-2-59,BETA-LACTAM,CEPHALOSPORIN
blaOXY,extended-spectrum class A beta-lactamase OXY-2-5,BETA-LACTAM,CEPHALOSPORIN
blaOXY,extended-spectrum class A beta-lactamase OXY-2-60,BETA-LACTAM,CEPHALOSPORIN
blaOXY,extended-spectrum class A beta-lactamase OXY-2-61,BETA-LACTAM,CEPHALOSPORIN
blaOXY,extended-spectrum class A beta-lactamase OXY-2-62,BETA-LACTAM,CEPHALOSPORIN
blaOXY,extended-spectrum class A beta-lactamase OXY-2-63,BETA-LACTAM,CEPHALOSPORIN
blaOXY,extended-spectrum class A beta-lactamase OXY-2-64,BETA-LACTAM,CEPHALOSPORIN
blaOXY,extended-spectrum class A beta-lactamase OXY-2-65,BETA-LACTAM,CEPHALOSPORIN
blaOXY,extended-spectrum class A beta-lactamase OXY-2-66,BETA-LACTAM,CEPHALOSPORIN
blaOXY,extended-spectrum class A beta-lactamase OXY-2-67,BETA-LACTAM,CEPHALOSPORIN
blaOXY,extended-spectrum class A beta-lactamase OXY-2-68,BETA-LACTAM,CEPHALOSPORIN
blaOXY,extended-spectrum class A beta-lactamase OXY-2-69,BETA-LACTAM,CEPHALOSPORIN
blaOXY,extended-spectrum class A beta-lactamase OXY-2-6,BETA-LACTAM,CEPHALOSPORIN
blaOXY,extended-spectrum class A beta-lactamase OXY-2-70,BETA-LACTAM,CEPHALOSPORIN
blaOXY,extended-spectrum class A beta-lactamase OXY-2-71,BETA-LACTAM,CEPHALOSPORIN
blaOXY,extended-spectrum class A beta-lactamase OXY-2-7,BETA-LACTAM,CEPHALOSPORIN
blaOXY,extended-spectrum class A beta-lactamase OXY-2-8,BETA-LACTAM,CEPHALOSPORIN
blaOXY,extended-spectrum class A beta-lactamase OXY-2-9,BETA-LACTAM,CEPHALOSPORIN
blaOXY,extended-spectrum class A beta-lactamase OXY-3-1,BETA-LACTAM,CEPHALOSPORIN
blaOXY,extended-spectrum class A beta-lactamase OXY-3-2,BETA-LACTAM,CEPHALOSPORIN
blaOXY,extended-spectrum class A beta-lactamase OXY-3-3,BETA-LACTAM,CEPHALOSPORIN
blaOXY,extended-spectrum class A beta-lactamase OXY-4-1,BETA-LACTAM,CEPHALOSPORIN
blaOXY,extended-spectrum class A beta-lactamase OXY-4-2,BETA-LACTAM,CEPHALOSPORIN
blaOXY,extended-spectrum class A beta-lactamase OXY-4-3,BETA-LACTAM,CEPHALOSPORIN
blaOXY,extended-spectrum class A beta-lactamase OXY-4-4,BETA-LACTAM,CEPHALOSPORIN
blaOXY,extended-spectrum class A beta-lactamase OXY-4-5,BETA-LACTAM,CEPHALOSPORIN
blaOXY,extended-spectrum class A beta-lactamase OXY-5-10,BETA-LACTAM,CEPHALOSPORIN
blaOXY,extended-spectrum class A beta-lactamase OXY-5-11,BETA-LACTAM,CEPHALOSPORIN
blaOXY,extended-spectrum class A beta-lactamase OXY-5-12,BETA-LACTAM,CEPHALOSPORIN
blaOXY,extended-spectrum class A beta-lactamase OXY-5-13,BETA-LACTAM,CEPHALOSPORIN
blaOXY,extended-spectrum class A beta-lactamase OXY-5-14,BETA-LACTAM,CEPHALOSPORIN
blaOXY,extended-spectrum class A beta-lactamase OXY-5-15,BETA-LACTAM,CEPHALOSPORIN
blaOXY,extended-spectrum class A beta-lactamase OXY-5-1,BETA-LACTAM,CEPHALOSPORIN
blaOXY,extended-spectrum class A beta-lactamase OXY-5-2,BETA-LACTAM,CEPHALOSPORIN
blaOXY,extended-spectrum class A beta-lactamase OXY-5-3,BETA-LACTAM,CEPHALOSPORIN
blaOXY,extended-spectrum class A beta-lactamase OXY-5-4,BETA-LACTAM,CEPHALOSPORIN
blaOXY,extended-spectrum class A beta-lactamase OXY-5-5,BETA-LACTAM,CEPHALOSPORIN
blaOXY,extended-spectrum class A beta-lactamase OXY-5-6,BETA-LACTAM,CEPHALOSPORIN
blaOXY,extended-spectrum class A beta-lactamase OXY-5-7,BETA-LACTAM,CEPHALOSPORIN
blaOXY,extended-spectrum class A beta-lactamase OXY-5-8,BETA-LACTAM,CEPHALOSPORIN
blaOXY,extended-spectrum class A beta-lactamase OXY-5-9,BETA-LACTAM,CEPHALOSPORIN
blaOXY,extended-spectrum class A beta-lactamase OXY-6-10,BETA-LACTAM,CEPHALOSPORIN
blaOXY,extended-spectrum class A beta-lactamase OXY-6-11,BETA-LACTAM,CEPHALOSPORIN
blaOXY,extended-spectrum class A beta-lactamase OXY-6-12,BETA-LACTAM,CEPHALOSPORIN
blaOXY,extended-spectrum class A beta-lactamase OXY-6-13,BETA-LACTAM,CEPHALOSPORIN
blaOXY,extended-spectrum class A beta-lactamase OXY-6-14,BETA-LACTAM,CEPHALOSPORIN
blaOXY,extended-spectrum class A beta-lactamase OXY-6-15,BETA-LACTAM,CEPHALOSPORIN
blaOXY,extended-spectrum class A beta-lactamase OXY-6-16,BETA-LACTAM,CEPHALOSPORIN
blaOXY,extended-spectrum class A beta-lactamase OXY-6-17,BETA-LACTAM,CEPHALOSPORIN
blaOXY,extended-spectrum class A beta-lactamase OXY-6-18,BETA-LACTAM,CEPHALOSPORIN
blaOXY,extended-spectrum class A beta-lactamase OXY-6-19,BETA-LACTAM,CEPHALOSPORIN
blaOXY,extended-spectrum class A beta-lactamase OXY-6-1,BETA-LACTAM,CEPHALOSPORIN
blaOXY,extended-spectrum class A beta-lactamase OXY-6-20,BETA-LACTAM,CEPHALOSPORIN
blaOXY,extended-spectrum class A beta-lactamase OXY-6-21,BETA-LACTAM,CEPHALOSPORIN
blaOXY,extended-spectrum class A beta-lactamase OXY-6-22,BETA-LACTAM,CEPHALOSPORIN
blaOXY,extended-spectrum class A beta-lactamase OXY-6-23,BETA-LACTAM,CEPHALOSPORIN
blaOXY,extended-spectrum class A beta-lactamase OXY-6-24,BETA-LACTAM,CEPHALOSPORIN
blaOXY,extended-spectrum class A beta-lactamase OXY-6-25,BETA-LACTAM,CEPHALOSPORIN
blaOXY,extended-spectrum class A beta-lactamase OXY-6-26,BETA-LACTAM,CEPHALOSPORIN
blaOXY,extended-spectrum class A beta-lactamase OXY-6-27,BETA-LACTAM,CEPHALOSPORIN
blaOXY,extended-spectrum class A beta-lactamase OXY-6-2,BETA-LACTAM,CEPHALOSPORIN
blaOXY,extended-spectrum class A beta-lactamase OXY-6-3,BETA-LACTAM,CEPHALOSPORIN
blaOXY,extended-spectrum class A beta-lactamase OXY-6-4,BETA-LACTAM,CEPHALOSPORIN
blaOXY,extended-spectrum class A beta-lactamase OXY-6-5,BETA-LACTAM,CEPHALOSPORIN
blaOXY,extended-spectrum class A beta-lactamase OXY-6-6,BETA-LACTAM,CEPHALOSPORIN
blaOXY,extended-spectrum class A beta-lactamase OXY-6-7,BETA-LACTAM,CEPHALOSPORIN
blaOXY,extended-spectrum class A beta-lactamase OXY-6-8,BETA-LACTAM,CEPHALOSPORIN
blaOXY,extended-spectrum class A beta-lactamase OXY-6-9,BETA-LACTAM,CEPHALOSPORIN
blaOXY,extended-spectrum class A beta-lactamase OXY-7-1,BETA-LACTAM,CEPHALOSPORIN
blaOXY,extended-spectrum class A beta-lactamase OXY-8-1,BETA-LACTAM,CEPHALOSPORIN
blaOXY,extended-spectrum class A beta-lactamase OXY-8-2,BETA-LACTAM,CEPHALOSPORIN
blaOXY,extended-spectrum class A beta-lactamase OXY-8-3,BETA-LACTAM,CEPHALOSPORIN
blaOXY,extended-spectrum class A beta-lactamase OXY-8-4,BETA-LACTAM,CEPHALOSPORIN
blaOXY,extended-spectrum class A beta-lactamase OXY-8-5,BETA-LACTAM,CEPHALOSPORIN
blaOXY,extended-spectrum class A beta-lactamase OXY-8-6,BETA-LACTAM,CEPHALOSPORIN
blaOXY,extended-spectrum class A beta-lactamase OXY-8-7,BETA-LACTAM,CEPHALOSPORIN
blaOXY,extended-spectrum class A beta-lactamase OXY-9-1,BETA-LACTAM,CEPHALOSPORIN
blaOXY,blaOXY promoter region,BETA-LACTAM,CEPHALOSPORIN
blaOXY,blaOXY promoter region,BETA-LACTAM,CEPHALOSPORIN
blaOXY,blaOXY promoter region,BETA-LACTAM,CEPHALOSPORIN
blaOXY,blaOXY promoter region,BETA-LACTAM,CEPHALOSPORIN
blaPAC,inhibitior-resistant extended spectrum class C beta-lactamase PAC-1,BETA-LACTAM,CEPHALOSPORIN
blaPAC,inhibitor-resistant extended spectrum class C beta-lactamase PAC-2,BETA-LACTAM,CEPHALOSPORIN
blaPAD,carbapenem-hydrolyzing class A beta-lactamase PAD-1,BETA-LACTAM,CARBAPENEM
blaPAM,subclass B3 metallo-beta-lactamase PAM-1,BETA-LACTAM,CARBAPENEM
blaPAM,subclass B3 metallo-beta-lactamase PAM-2,BETA-LACTAM,CARBAPENEM
blaPAM,subclass B3 metallo-beta-lactamase PAM-3,BETA-LACTAM,CARBAPENEM
blaPAM,subclass B3 metallo-beta-lactamase PAM-5,BETA-LACTAM,CARBAPENEM
blaPAM,subclass B3 metallo-beta-lactamase PAM-6,BETA-LACTAM,CARBAPENEM
blaPAN,subclass B1 metallo-beta-lactamase PAN-1,BETA-LACTAM,CARBAPENEM
blaPAU,class A beta-lactamase PAU-1,BETA-LACTAM,BETA-LACTAM
blaZ,BlaZ family penicillin-hydrolyzing class A beta-lactamase PC1,BETA-LACTAM,BETA-LACTAM
blaPDC,class C beta-lactamase PDC-100,BETA-LACTAM,CEPHALOSPORIN
blaPDC,class C beta-lactamase PDC-101,BETA-LACTAM,CEPHALOSPORIN
blaPDC,class C beta-lactamase PDC-102,BETA-LACTAM,CEPHALOSPORIN
blaPDC,class C beta-lactamase PDC-103,BETA-LACTAM,CEPHALOSPORIN
blaPDC,class C beta-lactamase PDC-104,BETA-LACTAM,CEPHALOSPORIN
blaPDC,class C beta-lactamase PDC-105,BETA-LACTAM,CEPHALOSPORIN
blaPDC,class C beta-lactamase PDC-106,BETA-LACTAM,CEPHALOSPORIN
blaPDC,class C beta-lactamase PDC-107,BETA-LACTAM,CEPHALOSPORIN
blaPDC,class C beta-lactamase PDC-108,BETA-LACTAM,CEPHALOSPORIN
blaPDC,class C beta-lactamase PDC-109,BETA-LACTAM,CEPHALOSPORIN
blaPDC,class C beta-lactamase PDC-10,BETA-LACTAM,CEPHALOSPORIN
blaPDC,class C beta-lactamase PDC-110,BETA-LACTAM,CEPHALOSPORIN
blaPDC,class C beta-lactamase PDC-111,BETA-LACTAM,CEPHALOSPORIN
blaPDC,class C beta-lactamase PDC-112,BETA-LACTAM,CEPHALOSPORIN
blaPDC,class C beta-lactamase PDC-113,BETA-LACTAM,CEPHALOSPORIN
blaPDC,class C beta-lactamase PDC-114,BETA-LACTAM,CEPHALOSPORIN
blaPDC,class C beta-lactamase PDC-115,BETA-LACTAM,CEPHALOSPORIN
blaPDC,class C beta-lactamase PDC-116,BETA-LACTAM,CEPHALOSPORIN
blaPDC,class C beta-lactamase PDC-117,BETA-LACTAM,CEPHALOSPORIN
blaPDC,class C beta-lactamase PDC-118,BETA-LACTAM,CEPHALOSPORIN
blaPDC,class C beta-lactamase PDC-119,BETA-LACTAM,CEPHALOSPORIN
blaPDC,class C beta-lactamase PDC-11,BETA-LACTAM,CEPHALOSPORIN
blaPDC,class C beta-lactamase PDC-120,BETA-LACTAM,CEPHALOSPORIN
blaPDC,class C beta-lactamase PDC-121,BETA-LACTAM,CEPHALOSPORIN
blaPDC,class C beta-lactamase PDC-122,BETA-LACTAM,CEPHALOSPORIN
blaPDC,class C beta-lactamase PDC-123,BETA-LACTAM,CEPHALOSPORIN
blaPDC,class C beta-lactamase PDC-124,BETA-LACTAM,CEPHALOSPORIN
blaPDC,class C beta-lactamase PDC-125,BETA-LACTAM,CEPHALOSPORIN
blaPDC,class C beta-lactamase PDC-126,BETA-LACTAM,CEPHALOSPORIN
blaPDC,class C beta-lactamase PDC-127,BETA-LACTAM,CEPHALOSPORIN
blaPDC,class C beta-lactamase PDC-128,BETA-LACTAM,CEPHALOSPORIN
blaPDC,class C beta-lactamase PDC-129,BETA-LACTAM,CEPHALOSPORIN
blaPDC,class C beta-lactamase PDC-12,BETA-LACTAM,CEPHALOSPORIN
blaPDC,class C beta-lactamase PDC-130,BETA-LACTAM,CEPHALOSPORIN
blaPDC,class C beta-lactamase PDC-131,BETA-LACTAM,CEPHALOSPORIN
blaPDC,class C beta-lactamase PDC-132,BETA-LACTAM,CEPHALOSPORIN
blaPDC,class C beta-lactamase PDC-133,BETA-LACTAM,CEPHALOSPORIN
blaPDC,class C beta-lactamase PDC-134,BETA-LACTAM,CEPHALOSPORIN
blaPDC,class C beta-lactamase PDC-135,BETA-LACTAM,CEPHALOSPORIN
blaPDC,class C beta-lactamase PDC-136,BETA-LACTAM,CEPHALOSPORIN
blaPDC,class C beta-lactamase PDC-137,BETA-LACTAM,CEPHALOSPORIN
blaPDC,class C beta-lactamase PDC-138,BETA-LACTAM,CEPHALOSPORIN
blaPDC,class C beta-lactamase PDC-139,BETA-LACTAM,CEPHALOSPORIN
blaPDC,class C beta-lactamase PDC-13,BETA-LACTAM,CEPHALOSPORIN
blaPDC,class C beta-lactamase PDC-140,BETA-LACTAM,CEPHALOSPORIN
blaPDC,class C beta-lactamase PDC-141,BETA-LACTAM,CEPHALOSPORIN
blaPDC,class C beta-lactamase PDC-142,BETA-LACTAM,CEPHALOSPORIN
blaPDC,class C beta-lactamase PDC-143,BETA-LACTAM,CEPHALOSPORIN
blaPDC,class C beta-lactamase PDC-144,BETA-LACTAM,CEPHALOSPORIN
blaPDC,class C beta-lactamase PDC-145,BETA-LACTAM,CEPHALOSPORIN
blaPDC,class C beta-lactamase PDC-146,BETA-LACTAM,CEPHALOSPORIN
blaPDC,class C beta-lactamase PDC-147,BETA-LACTAM,CEPHALOSPORIN
blaPDC,class C beta-lactamase PDC-148,BETA-LACTAM,CEPHALOSPORIN
blaPDC,class C beta-lactamase PDC-149,BETA-LACTAM,CEPHALOSPORIN
blaPDC,class C beta-lactamase PDC-14,BETA-LACTAM,CEPHALOSPORIN
blaPDC,class C beta-lactamase PDC-150,BETA-LACTAM,CEPHALOSPORIN
blaPDC,class C beta-lactamase PDC-151,BETA-LACTAM,CEPHALOSPORIN
blaPDC,class C beta-lactamase PDC-152,BETA-LACTAM,CEPHALOSPORIN
blaPDC,class C beta-lactamase PDC-153,BETA-LACTAM,CEPHALOSPORIN
blaPDC,class C beta-lactamase PDC-154,BETA-LACTAM,CEPHALOSPORIN
blaPDC,class C beta-lactamase PDC-155,BETA-LACTAM,CEPHALOSPORIN
blaPDC,class C beta-lactamase PDC-156,BETA-LACTAM,CEPHALOSPORIN
blaPDC,class C beta-lactamase PDC-157,BETA-LACTAM,CEPHALOSPORIN
blaPDC,class C beta-lactamase PDC-158,BETA-LACTAM,CEPHALOSPORIN
blaPDC,class C beta-lactamase PDC-159,BETA-LACTAM,CEPHALOSPORIN
blaPDC,class C beta-lactamase PDC-15,BETA-LACTAM,CEPHALOSPORIN
blaPDC,class C beta-lactamase PDC-160,BETA-LACTAM,CEPHALOSPORIN
blaPDC,class C beta-lactamase PDC-161,BETA-LACTAM,CEPHALOSPORIN
blaPDC,class C beta-lactamase PDC-162,BETA-LACTAM,CEPHALOSPORIN
blaPDC,class C beta-lactamase PDC-163,BETA-LACTAM,CEPHALOSPORIN
blaPDC,class C beta-lactamase PDC-164,BETA-LACTAM,CEPHALOSPORIN
blaPDC,class C beta-lactamase PDC-165,BETA-LACTAM,CEPHALOSPORIN
blaPDC,inhibitor-resistant extended-spectrum class C beta-lactamase PDC-166,BETA-LACTAM,CEPHALOSPORIN
blaPDC,class C beta-lactamase PDC-167,BETA-LACTAM,CEPHALOSPORIN
blaPDC,class C beta-lactamase PDC-168,BETA-LACTAM,CEPHALOSPORIN
blaPDC,class C beta-lactamase PDC-169,BETA-LACTAM,CEPHALOSPORIN
blaPDC,class C beta-lactamase PDC-16,BETA-LACTAM,CEPHALOSPORIN
blaPDC,class C beta-lactamase PDC-170,BETA-LACTAM,CEPHALOSPORIN
blaPDC,class C beta-lactamase PDC-171,BETA-LACTAM,CEPHALOSPORIN
blaPDC,class C beta-lactamase PDC-172,BETA-LACTAM,CEPHALOSPORIN
blaPDC,class C beta-lactamase PDC-173,BETA-LACTAM,CEPHALOSPORIN
blaPDC,class C beta-lactamase PDC-174,BETA-LACTAM,CEPHALOSPORIN
blaPDC,class C beta-lactamase PDC-175,BETA-LACTAM,CEPHALOSPORIN
blaPDC,class C beta-lactamase PDC-176,BETA-LACTAM,CEPHALOSPORIN
blaPDC,class C beta-lactamase PDC-177,BETA-LACTAM,CEPHALOSPORIN
blaPDC,class C beta-lactamase PDC-178,BETA-LACTAM,CEPHALOSPORIN
blaPDC,class C beta-lactamase PDC-179,BETA-LACTAM,CEPHALOSPORIN
blaPDC,class C beta-lactamase PDC-17,BETA-LACTAM,CEPHALOSPORIN
blaPDC,class C beta-lactamase PDC-180,BETA-LACTAM,CEPHALOSPORIN
blaPDC,class C beta-lactamase PDC-181,BETA-LACTAM,CEPHALOSPORIN
blaPDC,class C beta-lactamase PDC-182,BETA-LACTAM,CEPHALOSPORIN
blaPDC,class C beta-lactamase PDC-183,BETA-LACTAM,CEPHALOSPORIN
blaPDC,class C beta-lactamase PDC-184,BETA-LACTAM,CEPHALOSPORIN
blaPDC,class C beta-lactamase PDC-185,BETA-LACTAM,CEPHALOSPORIN
blaPDC,inhibitor-resistant extended-spectrum class C beta-lactamase PDC-186,BETA-LACTAM,CEPHALOSPORIN
blaPDC,class C beta-lactamase PDC-187,BETA-LACTAM,CEPHALOSPORIN
blaPDC,class C beta-lactamase PDC-188,BETA-LACTAM,CEPHALOSPORIN
blaPDC,class C beta-lactamase PDC-189,BETA-LACTAM,CEPHALOSPORIN
blaPDC,class C beta-lactamase PDC-18,BETA-LACTAM,CEPHALOSPORIN
blaPDC,class C beta-lactamase PDC-190,BETA-LACTAM,CEPHALOSPORIN
blaPDC,inhibitor-resistant extended-spectrum class C beta-lactamase PDC-191,BETA-LACTAM,CEPHALOSPORIN
blaPDC,class C beta-lactamase PDC-192,BETA-LACTAM,CEPHALOSPORIN
blaPDC,class C beta-lactamase PDC-193,BETA-LACTAM,CEPHALOSPORIN
blaPDC,class C beta-lactamase PDC-194,BETA-LACTAM,CEPHALOSPORIN
blaPDC,class C beta-lactamase PDC-195,BETA-LACTAM,CEPHALOSPORIN
blaPDC,class C beta-lactamase PDC-196,BETA-LACTAM,CEPHALOSPORIN
blaPDC,class C beta-lactamase PDC-197,BETA-LACTAM,CEPHALOSPORIN
blaPDC,class C beta-lactamase PDC-198,BETA-LACTAM,CEPHALOSPORIN
blaPDC,class C beta-lactamase PDC-199,BETA-LACTAM,CEPHALOSPORIN
blaPDC,class C beta-lactamase PDC-19a,BETA-LACTAM,CEPHALOSPORIN
blaPDC,class C beta-lactamase PDC-19b,BETA-LACTAM,CEPHALOSPORIN
blaPDC,cephalosporin-hydrolyzing class C beta-lactamase PDC-1,BETA-LACTAM,CEPHALOSPORIN
blaPDC,class C beta-lactamase PDC-200,BETA-LACTAM,CEPHALOSPORIN
blaPDC,class C beta-lactamase PDC-201,BETA-LACTAM,CEPHALOSPORIN
blaPDC,class C beta-lactamase PDC-202,BETA-LACTAM,CEPHALOSPORIN
blaPDC,class C beta-lactamase PDC-203,BETA-LACTAM,CEPHALOSPORIN
blaPDC,class C beta-lactamase PDC-204,BETA-LACTAM,CEPHALOSPORIN
blaPDC,class C beta-lactamase PDC-205,BETA-LACTAM,CEPHALOSPORIN
blaPDC,class C beta-lactamase PDC-206,BETA-LACTAM,CEPHALOSPORIN
blaPDC,class C beta-lactamase PDC-207,BETA-LACTAM,CEPHALOSPORIN
blaPDC,class C beta-lactamase PDC-208,BETA-LACTAM,CEPHALOSPORIN
blaPDC,class C beta-lactamase PDC-209,BETA-LACTAM,CEPHALOSPORIN
blaPDC,class C beta-lactamase PDC-20,BETA-LACTAM,CEPHALOSPORIN
blaPDC,class C beta-lactamase PDC-210,BETA-LACTAM,CEPHALOSPORIN
blaPDC,class C beta-lactamase PDC-211,BETA-LACTAM,CEPHALOSPORIN
blaPDC,class C beta-lactamase PDC-212,BETA-LACTAM,CEPHALOSPORIN
blaPDC,class C beta-lactamase PDC-213,BETA-LACTAM,CEPHALOSPORIN
blaPDC,class C beta-lactamase PDC-214,BETA-LACTAM,CEPHALOSPORIN
blaPDC,class C beta-lactamase PDC-215,BETA-LACTAM,CEPHALOSPORIN
blaPDC,class C beta-lactamase PDC-216,BETA-LACTAM,CEPHALOSPORIN
blaPDC,class C beta-lactamase PDC-217,BETA-LACTAM,CEPHALOSPORIN
blaPDC,class C beta-lactamase PDC-218,BETA-LACTAM,CEPHALOSPORIN
blaPDC,class C beta-lactamase PDC-219,BETA-LACTAM,CEFIDEROCOL/CEPHALOSPORIN
blaPDC,class C beta-lactamase PDC-21a,BETA-LACTAM,CEPHALOSPORIN
blaPDC,class C beta-lactamase PDC-21b,BETA-LACTAM,CEPHALOSPORIN
blaPDC,class C beta-lactamase PDC-220,BETA-LACTAM,CEPHALOSPORIN
blaPDC,inhibitor-resistant extended-spectrum class C beta-lactamase PDC-221,BETA-LACTAM,CEFIDEROCOL/CEPHALOSPORIN
blaPDC,inhibitor-resistant extended-spectrum class C beta-lactamase PDC-222,BETA-LACTAM,CEPHALOSPORIN
blaPDC,inhibitor-resistant extended-spectrum class C beta-lactamase PDC-223,BETA-LACTAM,CEPHALOSPORIN
blaPDC,inhibitor-resistant extended-spectrum class C beta-lactamase PDC-224,BETA-LACTAM,CEPHALOSPORIN
blaPDC,class C beta-lactamase PDC-225,BETA-LACTAM,CEPHALOSPORIN
blaPDC,class C beta-lactamase PDC-226,BETA-LACTAM,CEPHALOSPORIN
blaPDC,class C beta-lactamase PDC-227,BETA-LACTAM,CEPHALOSPORIN
blaPDC,inhibitor-resistant extended-spectrum class C beta-lactamase PDC-228,BETA-LACTAM,CEPHALOSPORIN
blaPDC,class C beta-lactamase PDC-229,BETA-LACTAM,CEPHALOSPORIN
blaPDC,class C beta-lactamase PDC-22,BETA-LACTAM,CEPHALOSPORIN
blaPDC,class C beta-lactamase PDC-230,BETA-LACTAM,CEPHALOSPORIN
blaPDC,class C beta-lactamase PDC-231,BETA-LACTAM,CEPHALOSPORIN
blaPDC,class C beta-lactamase PDC-232,BETA-LACTAM,CEPHALOSPORIN
blaPDC,class C beta-lactamase PDC-233,BETA-LACTAM,CEPHALOSPORIN
blaPDC,class C beta-lactamase PDC-234,BETA-LACTAM,CEPHALOSPORIN
blaPDC,class C beta-lactamase PDC-235,BETA-LACTAM,CEPHALOSPORIN
blaPDC,class C beta-lactamase PDC-236,BETA-LACTAM,CEPHALOSPORIN
blaPDC,inhibitor-resistant extended-spectrum class C beta-lactamase PDC-237,BETA-LACTAM,CEPHALOSPORIN
blaPDC,class C beta-lactamase PDC-238,BETA-LACTAM,CEPHALOSPORIN
blaPDC,class C beta-lactamase PDC-239,BETA-LACTAM,CEPHALOSPORIN
blaPDC,class C beta-lactamase PDC-23,BETA-LACTAM,CEPHALOSPORIN
blaPDC,class C beta-lactamase PDC-240,BETA-LACTAM,CEPHALOSPORIN
blaPDC,class C beta-lactamase PDC-241,BETA-LACTAM,CEPHALOSPORIN
blaPDC,class C beta-lactamase PDC-242,BETA-LACTAM,CEPHALOSPORIN
blaPDC,inhibitor-resistant extended-spectrum class C beta-lactamase PDC-243,BETA-LACTAM,CEPHALOSPORIN
blaPDC,inhibitor-resistant extended-spectrum class C beta-lactamase PDC-244,BETA-LACTAM,CEPHALOSPORIN
blaPDC,inhibitor-resistant class C beta-lactamase PDC-245,BETA-LACTAM,CEPHALOSPORIN
blaPDC,class C beta-lactamase PDC-246,BETA-LACTAM,CEPHALOSPORIN
blaPDC,class C beta-lactamase PDC-247,BETA-LACTAM,CEPHALOSPORIN
blaPDC,class C beta-lactamase PDC-248,BETA-LACTAM,CEPHALOSPORIN
blaPDC,class C beta-lactamase PDC-249,BETA-LACTAM,CEPHALOSPORIN
blaPDC,class C beta-lactamase PDC-24,BETA-LACTAM,CEPHALOSPORIN
blaPDC,class C beta-lactamase PDC-250,BETA-LACTAM,CEPHALOSPORIN
blaPDC,class C beta-lactamase PDC-251,BETA-LACTAM,CEPHALOSPORIN
blaPDC,class C beta-lactamase PDC-252,BETA-LACTAM,CEPHALOSPORIN
blaPDC,class C beta-lactamase PDC-253,BETA-LACTAM,CEPHALOSPORIN
blaPDC,class C beta-lactamase PDC-254,BETA-LACTAM,CEPHALOSPORIN
blaPDC,class C beta-lactamase PDC-255,BETA-LACTAM,CEPHALOSPORIN
blaPDC,class C beta-lactamase PDC-256,BETA-LACTAM,CEPHALOSPORIN
blaPDC,class C beta-lactamase PDC-257,BETA-LACTAM,CEPHALOSPORIN
blaPDC,class C beta-lactamase PDC-258,BETA-LACTAM,CEPHALOSPORIN
blaPDC,class C beta-lactamase PDC-259,BETA-LACTAM,CEPHALOSPORIN
blaPDC,class C beta-lactamase PDC-25,BETA-LACTAM,CEPHALOSPORIN
blaPDC,class C beta-lactamase PDC-260,BETA-LACTAM,CEPHALOSPORIN
blaPDC,class C beta-lactamase PDC-261,BETA-LACTAM,CEPHALOSPORIN
blaPDC,class C beta-lactamase PDC-262,BETA-LACTAM,CEPHALOSPORIN
blaPDC,class C beta-lactamase PDC-263,BETA-LACTAM,CEPHALOSPORIN
blaPDC,class C beta-lactamase PDC-264,BETA-LACTAM,CEPHALOSPORIN
blaPDC,class C beta-lactamase PDC-265,BETA-LACTAM,CEPHALOSPORIN
blaPDC,class C beta-lactamase PDC-266,BETA-LACTAM,CEPHALOSPORIN
blaPDC,inhibitor-resistant extended-spectrum class C beta-lactamase PDC-267,BETA-LACTAM,CEPHALOSPORIN
blaPDC,class C beta-lactamase PDC-268,BETA-LACTAM,CEPHALOSPORIN
blaPDC,class C beta-lactamase PDC-26,BETA-LACTAM,CEPHALOSPORIN
blaPDC,inhibitor-resistant class C beta-lactamase PDC-270,BETA-LACTAM,CEPHALOSPORIN
blaPDC,class C beta-lactamase PDC-271,BETA-LACTAM,CEPHALOSPORIN
blaPDC,class C beta-lactamase PDC-272,BETA-LACTAM,CEPHALOSPORIN
blaPDC,class C beta-lactamase PDC-273,BETA-LACTAM,CEPHALOSPORIN
blaPDC,class C beta-lactamase PDC-274,BETA-LACTAM,CEPHALOSPORIN
blaPDC,class C beta-lactamase PDC-275,BETA-LACTAM,CEPHALOSPORIN
blaPDC,class C beta-lactamase PDC-276,BETA-LACTAM,CEPHALOSPORIN
blaPDC,class C beta-lactamase PDC-277,BETA-LACTAM,CEPHALOSPORIN
blaPDC,class C beta-lactamase PDC-278,BETA-LACTAM,CEPHALOSPORIN
blaPDC,class C beta-lactamase PDC-279,BETA-LACTAM,CEPHALOSPORIN
blaPDC,class C beta-lactamase PDC-280,BETA-LACTAM,CEPHALOSPORIN
blaPDC,class C beta-lactamase PDC-281,BETA-LACTAM,CEPHALOSPORIN
blaPDC,class C beta-lactamase PDC-282,BETA-LACTAM,CEPHALOSPORIN
blaPDC,class C beta-lactamase PDC-283,BETA-LACTAM,CEPHALOSPORIN
blaPDC,class C beta-lactamase PDC-284,BETA-LACTAM,CEPHALOSPORIN
blaPDC,class C beta-lactamase PDC-285,BETA-LACTAM,CEPHALOSPORIN
blaPDC,class C beta-lactamase PDC-286,BETA-LACTAM,CEPHALOSPORIN
blaPDC,class C beta-lactamase PDC-287,BETA-LACTAM,CEPHALOSPORIN
blaPDC,class C beta-lactamase PDC-288,BETA-LACTAM,CEPHALOSPORIN
blaPDC,class C beta-lactamase PDC-289,BETA-LACTAM,CEPHALOSPORIN
blaPDC,class C beta-lactamase PDC-28,BETA-LACTAM,CEPHALOSPORIN
blaPDC,class C beta-lactamase PDC-290,BETA-LACTAM,CEPHALOSPORIN
blaPDC,class C beta-lactamase PDC-291,BETA-LACTAM,CEPHALOSPORIN
blaPDC,class C beta-lactamase PDC-292,BETA-LACTAM,CEPHALOSPORIN
blaPDC,class C beta-lactamase PDC-293,BETA-LACTAM,CEPHALOSPORIN
blaPDC,class C beta-lactamase PDC-294,BETA-LACTAM,CEPHALOSPORIN
blaPDC,class C beta-lactamase PDC-295,BETA-LACTAM,CEPHALOSPORIN
blaPDC,class C beta-lactamase PDC-296,BETA-LACTAM,CEPHALOSPORIN
blaPDC,class C beta-lactamase PDC-297,BETA-LACTAM,CEPHALOSPORIN
blaPDC,class C beta-lactamase PDC-298,BETA-LACTAM,CEPHALOSPORIN
blaPDC,class C beta-lactamase PDC-299,BETA-LACTAM,CEPHALOSPORIN
blaPDC,extended-spectrum class C beta-lactamase PDC-2,BETA-LACTAM,CEPHALOSPORIN
blaPDC,inhibitor-resistant extended-spectrum class C beta-lactamase PDC-300,BETA-LACTAM,CEPHALOSPORIN
blaPDC,class C beta-lactamase PDC-301,BETA-LACTAM,CEPHALOSPORIN
blaPDC,class C beta-lactamase PDC-302,BETA-LACTAM,CEPHALOSPORIN
blaPDC,class C beta-lactamase PDC-303,BETA-LACTAM,CEPHALOSPORIN
blaPDC,class C beta-lactamase PDC-304,BETA-LACTAM,CEPHALOSPORIN
blaPDC,class C beta-lactamase PDC-305,BETA-LACTAM,CEPHALOSPORIN
blaPDC,inhibitor-resistant extended-spectrum class C beta-lactamase PDC-306,BETA-LACTAM,CEPHALOSPORIN
blaPDC,class C beta-lactamase PDC-307,BETA-LACTAM,CEPHALOSPORIN
blaPDC,class C beta-lactamase PDC-308,BETA-LACTAM,CEPHALOSPORIN
blaPDC,inhibitor-resistant extended-spectrum class C beta-lactamase PDC-309,BETA-LACTAM,CEPHALOSPORIN
blaPDC,cephalosporin-hydrolyzing class C beta-lactamase PDC-30,BETA-LACTAM,CEPHALOSPORIN
blaPDC,class C beta-lactamase PDC-310,BETA-LACTAM,CEPHALOSPORIN
blaPDC,class C beta-lactamase PDC-311,BETA-LACTAM,CEPHALOSPORIN
blaPDC,class C beta-lactamase PDC-312,BETA-LACTAM,CEPHALOSPORIN
blaPDC,class C beta-lactamase PDC-313,BETA-LACTAM,CEPHALOSPORIN
blaPDC,class C beta-lactamase PDC-314,BETA-LACTAM,CEPHALOSPORIN
blaPDC,class C beta-lactamase PDC-315,BETA-LACTAM,CEPHALOSPORIN
blaPDC,class C beta-lactamase PDC-316,BETA-LACTAM,CEPHALOSPORIN
blaPDC,class C beta-lactamase PDC-317,BETA-LACTAM,CEPHALOSPORIN
blaPDC,class C beta-lactamase PDC-318,BETA-LACTAM,CEPHALOSPORIN
blaPDC,class C beta-lactamase PDC-319,BETA-LACTAM,CEPHALOSPORIN
blaPDC,class C beta-lactamase PDC-31,BETA-LACTAM,CEPHALOSPORIN
blaPDC,class C beta-lactamase PDC-320,BETA-LACTAM,CEPHALOSPORIN
blaPDC,inhibitor-resistant extended-spectrum class C beta-lactamase PDC-321,BETA-LACTAM,CEPHALOSPORIN
blaPDC,inhibitor-resistant class C beta-lactamase PDC-322,BETA-LACTAM,CEPHALOSPORIN
blaPDC,class C beta-lactamase PDC-323,BETA-LACTAM,CEPHALOSPORIN
blaPDC,class C beta-lactamase PDC-324,BETA-LACTAM,CEPHALOSPORIN
blaPDC,class C beta-lactamase PDC-325,BETA-LACTAM,CEPHALOSPORIN
blaPDC,class C beta-lactamase PDC-326,BETA-LACTAM,CEPHALOSPORIN
blaPDC,inhibitor-resistant extended-spectrum class C beta-lactamase PDC-327,BETA-LACTAM,CEPHALOSPORIN
blaPDC,class C beta-lactamase PDC-328,BETA-LACTAM,CEPHALOSPORIN
blaPDC,inhibitor-resistant extended-spectrum class C beta-lactamase PDC-329,BETA-LACTAM,CEPHALOSPORIN
blaPDC,class C beta-lactamase PDC-32,BETA-LACTAM,CEPHALOSPORIN
blaPDC,class C beta-lactamase PDC-330,BETA-LACTAM,CEPHALOSPORIN
blaPDC,class C beta-lactamase PDC-331,BETA-LACTAM,CEPHALOSPORIN
blaPDC,class C beta-lactamase PDC-332,BETA-LACTAM,CEPHALOSPORIN
blaPDC,class C beta-lactamase PDC-333,BETA-LACTAM,CEPHALOSPORIN
blaPDC,inhibitor-resistant extended-spectrum class C beta-lactamase PDC-334,BETA-LACTAM,CEPHALOSPORIN
blaPDC,inhibitor-resistant class C beta-lactamase PDC-335,BETA-LACTAM,CEPHALOSPORIN
blaPDC,inhibitor-resistant extended-spectrum class C beta-lactamase PDC-336,BETA-LACTAM,CEPHALOSPORIN
blaPDC,inhibitor-resistant extended-spectrum class C beta-lactamase PDC-337,BETA-LACTAM,CEPHALOSPORIN
blaPDC,class C beta-lactamase PDC-338,BETA-LACTAM,CEPHALOSPORIN
blaPDC,class C beta-lactamase PDC-339,BETA-LACTAM,CEPHALOSPORIN
blaPDC,class C beta-lactamase PDC-33,BETA-LACTAM,CEPHALOSPORIN
blaPDC,inhibitor-resistant extended-spectrum class C beta-lactamase PDC-340,BETA-LACTAM,CEPHALOSPORIN
blaPDC,class C beta-lactamase PDC-341,BETA-LACTAM,CEPHALOSPORIN
blaPDC,class C beta-lactamase PDC-342,BETA-LACTAM,CEPHALOSPORIN
blaPDC,class C beta-lactamase PDC-343,BETA-LACTAM,CEPHALOSPORIN
blaPDC,class C beta-lactamase PDC-344,BETA-LACTAM,CEPHALOSPORIN
blaPDC,inhibitor-resistant extended-spectrum class C beta-lactamase PDC-345,BETA-LACTAM,CEPHALOSPORIN
blaPDC,inhibitor-resistant extended-spectrum class C beta-lactamase PDC-346,BETA-LACTAM,CEPHALOSPORIN
blaPDC,class C beta-lactamase PDC-347,BETA-LACTAM,CEPHALOSPORIN
blaPDC,class C beta-lactamase PDC-348,BETA-LACTAM,CEPHALOSPORIN
blaPDC,class C beta-lactamase PDC-349,BETA-LACTAM,CEPHALOSPORIN
blaPDC,class C beta-lactamase PDC-34,BETA-LACTAM,CEPHALOSPORIN
blaPDC,class C beta-lactamase PDC-350,BETA-LACTAM,CEPHALOSPORIN
blaPDC,class C beta-lactamase PDC-351,BETA-LACTAM,CEPHALOSPORIN
blaPDC,class C beta-lactamase PDC-352,BETA-LACTAM,CEPHALOSPORIN
blaPDC,class C beta-lactamase PDC-353,BETA-LACTAM,CEPHALOSPORIN
blaPDC,class C beta-lactamase PDC-354,BETA-LACTAM,CEPHALOSPORIN
blaPDC,class C beta-lactamase PDC-355,BETA-LACTAM,CEPHALOSPORIN
blaPDC,class C beta-lactamase PDC-356,BETA-LACTAM,CEPHALOSPORIN
blaPDC,class C beta-lactamase PDC-357,BETA-LACTAM,CEPHALOSPORIN
blaPDC,class C beta-lactamase PDC-358,BETA-LACTAM,CEPHALOSPORIN
blaPDC,class C beta-lactamase PDC-359,BETA-LACTAM,CEPHALOSPORIN
blaPDC,class C beta-lactamase PDC-35,BETA-LACTAM,CEPHALOSPORIN
blaPDC,class C beta-lactamase PDC-360,BETA-LACTAM,CEPHALOSPORIN
blaPDC,class C beta-lactamase PDC-361,BETA-LACTAM,CEPHALOSPORIN
blaPDC,class C beta-lactamase PDC-362,BETA-LACTAM,CEPHALOSPORIN
blaPDC,class C beta-lactamase PDC-363,BETA-LACTAM,CEPHALOSPORIN
blaPDC,class C beta-lactamase PDC-364,BETA-LACTAM,CEPHALOSPORIN
blaPDC,class C beta-lactamase PDC-365,BETA-LACTAM,CEPHALOSPORIN
blaPDC,class C beta-lactamase PDC-366,BETA-LACTAM,CEPHALOSPORIN
blaPDC,class C beta-lactamase PDC-367,BETA-LACTAM,CEPHALOSPORIN
blaPDC,class C beta-lactamase PDC-368,BETA-LACTAM,CEPHALOSPORIN
blaPDC,class C beta-lactamase PDC-369,BETA-LACTAM,CEPHALOSPORIN
blaPDC,class C beta-lactamase PDC-36,BETA-LACTAM,CEPHALOSPORIN
blaPDC,class C beta-lactamase PDC-370,BETA-LACTAM,CEPHALOSPORIN
blaPDC,class C beta-lactamase PDC-371,BETA-LACTAM,CEPHALOSPORIN
blaPDC,class C beta-lactamase PDC-372,BETA-LACTAM,CEPHALOSPORIN
blaPDC,inhibitor-resistant extended-spectrum class C beta-lactamase PDC-373,BETA-LACTAM,CEPHALOSPORIN
blaPDC,class C beta-lactamase PDC-374,BETA-LACTAM,CEPHALOSPORIN
blaPDC,class C beta-lactamase PDC-375,BETA-LACTAM,CEPHALOSPORIN
blaPDC,class C beta-lactamase PDC-376,BETA-LACTAM,CEPHALOSPORIN
blaPDC,class C beta-lactamase PDC-377,BETA-LACTAM,CEPHALOSPORIN
blaPDC,class C beta-lactamase PDC-378,BETA-LACTAM,CEPHALOSPORIN
blaPDC,class C beta-lactamase PDC-379,BETA-LACTAM,CEPHALOSPORIN
blaPDC,class C beta-lactamase PDC-37,BETA-LACTAM,CEPHALOSPORIN
blaPDC,class C beta-lactamase PDC-380,BETA-LACTAM,CEPHALOSPORIN
blaPDC,inhibitor-resistant class C beta-lactamase PDC-381,BETA-LACTAM,CEPHALOSPORIN
blaPDC,inhibitor-resistant extended-spectrum class C beta-lactamase PDC-382,BETA-LACTAM,CEPHALOSPORIN
blaPDC,class C beta-lactamase PDC-383,BETA-LACTAM,CEPHALOSPORIN
blaPDC,class C beta-lactamase PDC-384,BETA-LACTAM,CEPHALOSPORIN
blaPDC,class C beta-lactamase PDC-385,BETA-LACTAM,CEPHALOSPORIN
blaPDC,class C beta-lactamase PDC-386,BETA-LACTAM,CEPHALOSPORIN
blaPDC,inhibitor-resistant extended-spectrum class C beta-lactamase PDC-387,BETA-LACTAM,CEPHALOSPORIN
blaPDC,class C beta-lactamase PDC-388,BETA-LACTAM,CEPHALOSPORIN
blaPDC,class C beta-lactamase PDC-389,BETA-LACTAM,CEPHALOSPORIN
blaPDC,class C beta-lactamase PDC-38,BETA-LACTAM,CEPHALOSPORIN
blaPDC,class C beta-lactamase PDC-390,BETA-LACTAM,CEPHALOSPORIN
blaPDC,inhibitor-resistant extended-spectrum class C beta-lactamase PDC-391,BETA-LACTAM,CEPHALOSPORIN
blaPDC,class C beta-lactamase PDC-392,BETA-LACTAM,CEPHALOSPORIN
blaPDC,class C beta-lactamase PDC-393,BETA-LACTAM,CEPHALOSPORIN
blaPDC,inhibitor-resistant extended-spectrum class C beta-lactamase PDC-394,BETA-LACTAM,CEPHALOSPORIN
blaPDC,class C beta-lactamase PDC-395,BETA-LACTAM,CEPHALOSPORIN
blaPDC,class C beta-lactamase PDC-396,BETA-LACTAM,CEPHALOSPORIN
blaPDC,class C beta-lactamase PDC-397,BETA-LACTAM,CEPHALOSPORIN
blaPDC,class C beta-lactamase PDC-398,BETA-LACTAM,CEPHALOSPORIN
blaPDC,inhibitor-resistant extended-spectrum class C beta-lactamase PDC-399,BETA-LACTAM,CEPHALOSPORIN
blaPDC,class C beta-lactamase PDC-39,BETA-LACTAM,CEPHALOSPORIN
blaPDC,extended-spectrum class C beta-lactamase PDC-3,BETA-LACTAM,CEPHALOSPORIN
blaPDC,class C beta-lactamase PDC-400,BETA-LACTAM,CEPHALOSPORIN
blaPDC,class C beta-lactamase PDC-401,BETA-LACTAM,CEPHALOSPORIN
blaPDC,class C beta-lactamase PDC-402,BETA-LACTAM,CEPHALOSPORIN
blaPDC,class C beta-lactamase PDC-403,BETA-LACTAM,CEPHALOSPORIN
blaPDC,class C beta-lactamase PDC-404,BETA-LACTAM,CEPHALOSPORIN
blaPDC,inhibitor-resistant extended-spectrum class C beta-lactamase PDC-405,BETA-LACTAM,CEPHALOSPORIN
blaPDC,class C beta-lactamase PDC-406,BETA-LACTAM,CEPHALOSPORIN
blaPDC,class C beta-lactamase PDC-407,BETA-LACTAM,CEPHALOSPORIN
blaPDC,class C beta-lactamase PDC-408,BETA-LACTAM,CEPHALOSPORIN
blaPDC,inhibitor-resistant class C beta-lactamase PDC-409,BETA-LACTAM,CEPHALOSPORIN
blaPDC,class C beta-lactamase PDC-40,BETA-LACTAM,CEPHALOSPORIN
blaPDC,class C beta-lactamase PDC-410,BETA-LACTAM,CEPHALOSPORIN
blaPDC,inhibitor-resistant extended-spectrum class C beta-lactamase PDC-411,BETA-LACTAM,CEPHALOSPORIN
blaPDC,class C beta-lactamase PDC-412,BETA-LACTAM,CEPHALOSPORIN
blaPDC,class C beta-lactamase PDC-413,BETA-LACTAM,CEPHALOSPORIN
blaPDC,class C beta-lactamase PDC-414,BETA-LACTAM,CEPHALOSPORIN
blaPDC,class C beta-lactamase PDC-415,BETA-LACTAM,CEPHALOSPORIN
blaPDC,class C beta-lactamase PDC-416,BETA-LACTAM,CEPHALOSPORIN
blaPDC,class C beta-lactamase PDC-417,BETA-LACTAM,CEPHALOSPORIN
blaPDC,class C beta-lactamase PDC-418,BETA-LACTAM,CEPHALOSPORIN
blaPDC,inhibitor-resistant extended-spectrum class C beta-lactamase PDC-419,BETA-LACTAM,CEPHALOSPORIN
blaPDC,class C beta-lactamase PDC-41,BETA-LACTAM,CEPHALOSPORIN
blaPDC,class C beta-lactamase PDC-420,BETA-LACTAM,CEPHALOSPORIN
blaPDC,class C beta-lactamase PDC-421,BETA-LACTAM,CEPHALOSPORIN
blaPDC,inhibitor-resistant class C beta-lactamase PDC-422,BETA-LACTAM,CEPHALOSPORIN
blaPDC,inhibitor-resistant extended-spectrum class C beta-lactamase PDC-423,BETA-LACTAM,CEPHALOSPORIN
blaPDC,class C beta-lactamase PDC-424,BETA-LACTAM,CEPHALOSPORIN
blaPDC,class C beta-lactamase PDC-425,BETA-LACTAM,CEPHALOSPORIN
blaPDC,class C beta-lactamase PDC-426,BETA-LACTAM,CEPHALOSPORIN
blaPDC,class C beta-lactamase PDC-427,BETA-LACTAM,CEPHALOSPORIN
blaPDC,class C beta-lactamase PDC-428,BETA-LACTAM,CEPHALOSPORIN
blaPDC,class C beta-lactamase PDC-429,BETA-LACTAM,CEPHALOSPORIN
blaPDC,class C beta-lactamase PDC-42,BETA-LACTAM,CEPHALOSPORIN
blaPDC,class C beta-lactamase PDC-430,BETA-LACTAM,CEPHALOSPORIN
blaPDC,class C beta-lactamase PDC-431,BETA-LACTAM,CEPHALOSPORIN
blaPDC,class C beta-lactamase PDC-432,BETA-LACTAM,CEPHALOSPORIN
blaPDC,class C beta-lactamase PDC-433,BETA-LACTAM,CEPHALOSPORIN
blaPDC,class C beta-lactamase PDC-434,BETA-LACTAM,CEPHALOSPORIN
blaPDC,class C beta-lactamase PDC-435,BETA-LACTAM,CEPHALOSPORIN
blaPDC,class C beta-lactamase PDC-436,BETA-LACTAM,CEPHALOSPORIN
blaPDC,class C beta-lactamase PDC-437,BETA-LACTAM,CEPHALOSPORIN
blaPDC,class C beta-lactamase PDC-438,BETA-LACTAM,CEPHALOSPORIN
blaPDC,class C beta-lactamase PDC-439,BETA-LACTAM,CEPHALOSPORIN
blaPDC,class C beta-lactamase PDC-43,BETA-LACTAM,CEPHALOSPORIN
blaPDC,class C beta-lactamase PDC-440,BETA-LACTAM,CEPHALOSPORIN
blaPDC,class C beta-lactamase PDC-441,BETA-LACTAM,CEPHALOSPORIN
blaPDC,class C beta-lactamase PDC-442,BETA-LACTAM,CEPHALOSPORIN
blaPDC,class C beta-lactamase PDC-443,BETA-LACTAM,CEPHALOSPORIN
blaPDC,class C beta-lactamase PDC-444,BETA-LACTAM,CEPHALOSPORIN
blaPDC,class C beta-lactamase PDC-445,BETA-LACTAM,CEPHALOSPORIN
blaPDC,inhibitor-resistant extended-spectrum class C beta-lactamase PDC-446,BETA-LACTAM,CEPHALOSPORIN
blaPDC,class C beta-lactamase PDC-447,BETA-LACTAM,CEPHALOSPORIN
blaPDC,inhibitor-resistant extended-spectrum class C beta-lactamase PDC-448,BETA-LACTAM,CEPHALOSPORIN
blaPDC,class C beta-lactamase PDC-449,BETA-LACTAM,CEPHALOSPORIN
blaPDC,extended-spectrum class C beta-lactamase PDC-44,BETA-LACTAM,CEPHALOSPORIN
blaPDC,class C beta-lactamase PDC-450,BETA-LACTAM,CEPHALOSPORIN
blaPDC,class C beta-lactamase PDC-451,BETA-LACTAM,CEPHALOSPORIN
blaPDC,class C beta-lactamase PDC-452,BETA-LACTAM,CEPHALOSPORIN
blaPDC,class C beta-lactamase PDC-453,BETA-LACTAM,CEPHALOSPORIN
blaPDC,class C beta-lactamase PDC-454,BETA-LACTAM,CEPHALOSPORIN
blaPDC,class C beta-lactamase PDC-455,BETA-LACTAM,CEPHALOSPORIN
blaPDC,class C beta-lactamase PDC-456,BETA-LACTAM,CEPHALOSPORIN
blaPDC,class C beta-lactamase PDC-457,BETA-LACTAM,CEPHALOSPORIN
blaPDC,class C beta-lactamase PDC-458,BETA-LACTAM,CEPHALOSPORIN
blaPDC,extended-spectrum class C beta-lactamase PDC-459,BETA-LACTAM,CEPHALOSPORIN
blaPDC,class C beta-lactamase PDC-45,BETA-LACTAM,CEPHALOSPORIN
blaPDC,extended-spectrum class C beta-lactamase PDC-460,BETA-LACTAM,CEPHALOSPORIN
blaPDC,extended-spectrum class C beta-lactamase PDC-461,BETA-LACTAM,CEPHALOSPORIN
blaPDC,extended-spectrum class C beta-lactamase PDC-462,BETA-LACTAM,CEPHALOSPORIN
blaPDC,extended-spectrum class C beta-lactamase PDC-463,BETA-LACTAM,CEPHALOSPORIN
blaPDC,extended-spectrum class C beta-lactamase PDC-464,BETA-LACTAM,CEPHALOSPORIN
blaPDC,class C beta-lactamase PDC-465,BETA-LACTAM,CEPHALOSPORIN
blaPDC,class C beta-lactamase PDC-466,BETA-LACTAM,CEPHALOSPORIN
blaPDC,class C beta-lactamase PDC-467,BETA-LACTAM,CEPHALOSPORIN
blaPDC,inhibitor-resistant class C beta-lactamase PDC-468,BETA-LACTAM,CEPHALOSPORIN
blaPDC,inhibitor-resistant extended-spectrum class C beta-lactamase PDC-469,BETA-LACTAM,CEPHALOSPORIN
blaPDC,class C beta-lactamase PDC-46,BETA-LACTAM,CEPHALOSPORIN
blaPDC,class C beta-lactamase PDC-470,BETA-LACTAM,CEPHALOSPORIN
blaPDC,class C beta-lactamase PDC-471,BETA-LACTAM,CEPHALOSPORIN
blaPDC,inhibitor-resistant extended-spectrum class C beta-lactamase PDC-472,BETA-LACTAM,CEPHALOSPORIN
blaPDC,class C beta-lactamase PDC-473,BETA-LACTAM,CEPHALOSPORIN
blaPDC,class C beta-lactamase PDC-474,BETA-LACTAM,CEPHALOSPORIN
blaPDC,inhibitor-resistant extended-spectrum class C beta-lactamase PDC-475,BETA-LACTAM,CEPHALOSPORIN
blaPDC,class C beta-lactamase PDC-476,BETA-LACTAM,CEPHALOSPORIN
blaPDC,inhibitor-resistant class C beta-lactamase PDC-477,BETA-LACTAM,CEPHALOSPORIN
blaPDC,inhibitor-resistant class C beta-lactamase PDC-478,BETA-LACTAM,CEPHALOSPORIN
blaPDC,inhibitor-resistant extended-spectrum class C beta-lactamase PDC-479,BETA-LACTAM,CEPHALOSPORIN
blaPDC,inactivated class C beta-lactamase PDC-47,BETA-LACTAM,CEPHALOSPORIN
blaPDC,inhibitor-resistant extended-spectrum class C beta-lactamase PDC-480,BETA-LACTAM,CEPHALOSPORIN
blaPDC,inhibitor-resistant extended-spectrum class C beta-lactamase PDC-481,BETA-LACTAM,CEPHALOSPORIN
blaPDC,inhibitor-resistant extended-spectrum class C beta-lactamase PDC-482,BETA-LACTAM,CEPHALOSPORIN
blaPDC,inhibitor-resistant class C beta-lactamase PDC-483,BETA-LACTAM,CEPHALOSPORIN
blaPDC,class C beta-lactamase PDC-484,BETA-LACTAM,CEPHALOSPORIN
blaPDC,class C beta-lactamase PDC-485,BETA-LACTAM,CEPHALOSPORIN
blaPDC,class C beta-lactamase PDC-486,BETA-LACTAM,CEPHALOSPORIN
blaPDC,inhibitor-resistant extended-spectrum class C beta-lactamase PDC-487,BETA-LACTAM,CEPHALOSPORIN
blaPDC,class C beta-lactamase PDC-488,BETA-LACTAM,CEPHALOSPORIN
blaPDC,class C beta-lactamase PDC-489,BETA-LACTAM,CEPHALOSPORIN
blaPDC,class C beta-lactamase PDC-48,BETA-LACTAM,CEPHALOSPORIN
blaPDC,class C beta-lactamase PDC-490,BETA-LACTAM,CEPHALOSPORIN
blaPDC,class C beta-lactamase PDC-491,BETA-LACTAM,CEPHALOSPORIN
blaPDC,class C beta-lactamase PDC-492,BETA-LACTAM,CEPHALOSPORIN
blaPDC,class C beta-lactamase PDC-493,BETA-LACTAM,CEPHALOSPORIN
blaPDC,class C beta-lactamase PDC-494,BETA-LACTAM,CEPHALOSPORIN
blaPDC,class C beta-lactamase PDC-495,BETA-LACTAM,CEPHALOSPORIN
blaPDC,class C beta-lactamase PDC-496,BETA-LACTAM,CEPHALOSPORIN
blaPDC,inhibitor-resistant extended-spectrum class C beta-lactamase PDC-497,BETA-LACTAM,CEPHALOSPORIN
blaPDC,class C beta-lactamase PDC-498,BETA-LACTAM,CEPHALOSPORIN
blaPDC,class C beta-lactamase PDC-499,BETA-LACTAM,CEPHALOSPORIN
blaPDC,class C beta-lactamase PDC-49,BETA-LACTAM,CEPHALOSPORIN
blaPDC,extended-spectrum class C beta-lactamase PDC-4,BETA-LACTAM,CEPHALOSPORIN
blaPDC,inhibitor-resistant class C beta-lactamase PDC-500,BETA-LACTAM,CEPHALOSPORIN
blaPDC,class C beta-lactamase PDC-501,BETA-LACTAM,CEPHALOSPORIN
blaPDC,class C beta-lactamase PDC-502,BETA-LACTAM,CEPHALOSPORIN
blaPDC,class C beta-lactamase PDC-503,BETA-LACTAM,CEPHALOSPORIN
blaPDC,class C beta-lactamase PDC-504,BETA-LACTAM,CEPHALOSPORIN
blaPDC,class C beta-lactamase PDC-505,BETA-LACTAM,CEPHALOSPORIN
blaPDC,class C beta-lactamase PDC-506,BETA-LACTAM,CEPHALOSPORIN
blaPDC,class C beta-lactamase PDC-507,BETA-LACTAM,CEPHALOSPORIN
blaPDC,class C beta-lactamase PDC-508,BETA-LACTAM,CEPHALOSPORIN
blaPDC,class C beta-lactamase PDC-509,BETA-LACTAM,CEPHALOSPORIN
blaPDC,extended-spectrum class C beta-lactamase PDC-50,BETA-LACTAM,CEPHALOSPORIN
blaPDC,inhibitor-resistant class C beta-lactamase PDC-510,BETA-LACTAM,CEPHALOSPORIN
blaPDC,class C beta-lactamase PDC-511,BETA-LACTAM,CEPHALOSPORIN
blaPDC,class C beta-lactamase PDC-512,BETA-LACTAM,CEPHALOSPORIN
blaPDC,class C beta-lactamase PDC-513,BETA-LACTAM,CEPHALOSPORIN
blaPDC,class C beta-lactamase PDC-514,BETA-LACTAM,CEPHALOSPORIN
blaPDC,inhibitor-resistant extended-spectrum class C beta-lactamase PDC-515,BETA-LACTAM,CEPHALOSPORIN
blaPDC,class C beta-lactamase PDC-516,BETA-LACTAM,CEPHALOSPORIN
blaPDC,class C beta-lactamase PDC-517,BETA-LACTAM,CEPHALOSPORIN
blaPDC,class C beta-lactamase PDC-518,BETA-LACTAM,CEPHALOSPORIN
blaPDC,inhibitor-resistant cephalosporin-hydrolyzing class C beta-lactamase PDC-519,BETA-LACTAM,CEPHALOSPORIN
blaPDC,class C beta-lactamase PDC-51,BETA-LACTAM,CEPHALOSPORIN
blaPDC,class C beta-lactamase PDC-520,BETA-LACTAM,CEPHALOSPORIN
blaPDC,class C beta-lactamase PDC-521,BETA-LACTAM,CEPHALOSPORIN
blaPDC,class C beta-lactamase PDC-522,BETA-LACTAM,CEPHALOSPORIN
blaPDC,inhibitor-resistant extended-spectrum class C beta-lactamase PDC-523,BETA-LACTAM,CEPHALOSPORIN
blaPDC,class C beta-lactamase PDC-524,BETA-LACTAM,CEPHALOSPORIN
blaPDC,class C beta-lactamase PDC-525,BETA-LACTAM,CEPHALOSPORIN
blaPDC,class C beta-lactamase PDC-526,BETA-LACTAM,CEPHALOSPORIN
blaPDC,class C beta-lactamase PDC-527,BETA-LACTAM,CEPHALOSPORIN
blaPDC,class C beta-lactamase PDC-528,BETA-LACTAM,CEPHALOSPORIN
blaPDC,class C beta-lactamase PDC-529,BETA-LACTAM,CEPHALOSPORIN
blaPDC,class C beta-lactamase PDC-52,BETA-LACTAM,CEPHALOSPORIN
blaPDC,class C beta-lactamase PDC-530,BETA-LACTAM,CEPHALOSPORIN
blaPDC,inhibitor-resistant class C beta-lactamase PDC-531,BETA-LACTAM,CEPHALOSPORIN
blaPDC,class C beta-lactamase PDC-532,BETA-LACTAM,CEPHALOSPORIN
blaPDC,class C beta-lactamase PDC-533,BETA-LACTAM,CEPHALOSPORIN
blaPDC,class C beta-lactamase PDC-534,BETA-LACTAM,CEPHALOSPORIN
blaPDC,class C beta-lactamase PDC-535,BETA-LACTAM,CEPHALOSPORIN
blaPDC,class C beta-lactamase PDC-536,BETA-LACTAM,CEPHALOSPORIN
blaPDC,inhibitor-resistant extended-spectrum class C beta-lactamase PDC-537,BETA-LACTAM,CEPHALOSPORIN
blaPDC,class C beta-lactamase PDC-538,BETA-LACTAM,CEPHALOSPORIN
blaPDC,class C beta-lactamase PDC-539,BETA-LACTAM,CEPHALOSPORIN
blaPDC,class C beta-lactamase PDC-53,BETA-LACTAM,CEPHALOSPORIN
blaPDC,class C beta-lactamase PDC-540,BETA-LACTAM,CEPHALOSPORIN
blaPDC,class C beta-lactamase PDC-541,BETA-LACTAM,CEPHALOSPORIN
blaPDC,class C beta-lactamase PDC-542,BETA-LACTAM,CEPHALOSPORIN
blaPDC,class C beta-lactamase PDC-543,BETA-LACTAM,CEPHALOSPORIN
blaPDC,class C beta-lactamase PDC-544,BETA-LACTAM,CEPHALOSPORIN
blaPDC,class C beta-lactamase PDC-545,BETA-LACTAM,CEPHALOSPORIN
blaPDC,class C beta-lactamase PDC-546,BETA-LACTAM,CEPHALOSPORIN
blaPDC,class C beta-lactamase PDC-547,BETA-LACTAM,CEPHALOSPORIN
blaPDC,class C beta-lactamase PDC-548,BETA-LACTAM,CEPHALOSPORIN
blaPDC,class C beta-lactamase PDC-549,BETA-LACTAM,CEPHALOSPORIN
blaPDC,class C beta-lactamase PDC-54,BETA-LACTAM,CEPHALOSPORIN
blaPDC,class C beta-lactamase PDC-550,BETA-LACTAM,CEPHALOSPORIN
blaPDC,class C beta-lactamase PDC-551,BETA-LACTAM,CEPHALOSPORIN
blaPDC,class C beta-lactamase PDC-552,BETA-LACTAM,CEPHALOSPORIN
blaPDC,class C beta-lactamase PDC-553,BETA-LACTAM,CEPHALOSPORIN
blaPDC,class C beta-lactamase PDC-554,BETA-LACTAM,CEPHALOSPORIN
blaPDC,class C beta-lactamase PDC-555,BETA-LACTAM,CEPHALOSPORIN
blaPDC,class C beta-lactamase PDC-556,BETA-LACTAM,CEPHALOSPORIN
blaPDC,class C beta-lactamase PDC-557,BETA-LACTAM,CEPHALOSPORIN
blaPDC,inhibitor-resistant extended-spectrum class C beta-lactamase PDC-558,BETA-LACTAM,CEFIDEROCOL/CEPHALOSPORIN
blaPDC,class C beta-lactamase PDC-559,BETA-LACTAM,CEPHALOSPORIN
blaPDC,class C beta-lactamase PDC-55,BETA-LACTAM,CEPHALOSPORIN
blaPDC,class C beta-lactamase PDC-560,BETA-LACTAM,CEPHALOSPORIN
blaPDC,class C beta-lactamase PDC-561,BETA-LACTAM,CEPHALOSPORIN
blaPDC,class C beta-lactamase PDC-562,BETA-LACTAM,CEPHALOSPORIN
blaPDC,class C beta-lactamase PDC-563,BETA-LACTAM,CEPHALOSPORIN
blaPDC,class C beta-lactamase PDC-564,BETA-LACTAM,CEPHALOSPORIN
blaPDC,class C beta-lactamase PDC-565,BETA-LACTAM,CEPHALOSPORIN
blaPDC,class C beta-lactamase PDC-566,BETA-LACTAM,CEPHALOSPORIN
blaPDC,class C beta-lactamase PDC-567,BETA-LACTAM,CEPHALOSPORIN
blaPDC,class C beta-lactamase PDC-568,BETA-LACTAM,CEPHALOSPORIN
blaPDC,class C beta-lactamase PDC-569,BETA-LACTAM,CEPHALOSPORIN
blaPDC,class C beta-lactamase PDC-56,BETA-LACTAM,CEPHALOSPORIN
blaPDC,class C beta-lactamase PDC-570,BETA-LACTAM,CEPHALOSPORIN
blaPDC,class C beta-lactamase PDC-571,BETA-LACTAM,CEPHALOSPORIN
blaPDC,class C beta-lactamase PDC-572,BETA-LACTAM,CEPHALOSPORIN
blaPDC,class C beta-lactamase PDC-573,BETA-LACTAM,CEPHALOSPORIN
blaPDC,class C beta-lactamase PDC-574,BETA-LACTAM,CEPHALOSPORIN
blaPDC,class C beta-lactamase PDC-575,BETA-LACTAM,CEPHALOSPORIN
blaPDC,class C beta-lactamase PDC-576,BETA-LACTAM,CEPHALOSPORIN
blaPDC,inhibitor-resistant extended-spectrum class C beta-lactamase PDC-577,BETA-LACTAM,CEPHALOSPORIN
blaPDC,class C beta-lactamase PDC-578,BETA-LACTAM,CEPHALOSPORIN
blaPDC,class C beta-lactamase PDC-579,BETA-LACTAM,CEPHALOSPORIN
blaPDC,class C beta-lactamase PDC-57,BETA-LACTAM,CEPHALOSPORIN
blaPDC,class C beta-lactamase PDC-580,BETA-LACTAM,CEPHALOSPORIN
blaPDC,class C beta-lactamase PDC-581,BETA-LACTAM,CEPHALOSPORIN
blaPDC,class C beta-lactamase PDC-582,BETA-LACTAM,CEPHALOSPORIN
blaPDC,class C beta-lactamase PDC-583,BETA-LACTAM,CEPHALOSPORIN
blaPDC,class C beta-lactamase PDC-584,BETA-LACTAM,CEPHALOSPORIN
blaPDC,class C beta-lactamase PDC-585,BETA-LACTAM,CEPHALOSPORIN
blaPDC,class C beta-lactamase PDC-586,BETA-LACTAM,CEPHALOSPORIN
blaPDC,class C beta-lactamase PDC-587,BETA-LACTAM,CEPHALOSPORIN
blaPDC,class C beta-lactamase PDC-588,BETA-LACTAM,CEPHALOSPORIN
blaPDC,class C beta-lactamase PDC-589,BETA-LACTAM,CEPHALOSPORIN
blaPDC,class C beta-lactamase PDC-58,BETA-LACTAM,CEPHALOSPORIN
blaPDC,class C beta-lactamase PDC-590,BETA-LACTAM,CEPHALOSPORIN
blaPDC,class C beta-lactamase PDC-591,BETA-LACTAM,CEPHALOSPORIN
blaPDC,class C beta-lactamase PDC-592,BETA-LACTAM,CEPHALOSPORIN
blaPDC,class C beta-lactamase PDC-593,BETA-LACTAM,CEPHALOSPORIN
blaPDC,inhibitor-resistant extended-spectrum class C beta-lactamase PDC-594,BETA-LACTAM,CEPHALOSPORIN
blaPDC,class C beta-lactamase PDC-595,BETA-LACTAM,CEPHALOSPORIN
blaPDC,class C beta-lactamase PDC-596,BETA-LACTAM,CEPHALOSPORIN
blaPDC,inhibitor-resistant extended-spectrum class C beta-lactamase PDC-597,BETA-LACTAM,CEPHALOSPORIN
blaPDC,class C beta-lactamase PDC-598,BETA-LACTAM,CEPHALOSPORIN
blaPDC,class C beta-lactamase PDC-599,BETA-LACTAM,CEPHALOSPORIN
blaPDC,class C beta-lactamase PDC-59,BETA-LACTAM,CEPHALOSPORIN
blaPDC,extended-spectrum class C beta-lactamase PDC-5,BETA-LACTAM,CEPHALOSPORIN
blaPDC,class C beta-lactamase PDC-600,BETA-LACTAM,CEPHALOSPORIN
blaPDC,class C beta-lactamase PDC-601,BETA-LACTAM,CEPHALOSPORIN
blaPDC,class C beta-lactamase PDC-602,BETA-LACTAM,CEPHALOSPORIN
blaPDC,class C beta-lactamase PDC-603,BETA-LACTAM,CEPHALOSPORIN
blaPDC,class C beta-lactamase PDC-604,BETA-LACTAM,CEPHALOSPORIN
blaPDC,class C beta-lactamase PDC-605,BETA-LACTAM,CEPHALOSPORIN
blaPDC,class C beta-lactamase PDC-606,BETA-LACTAM,CEPHALOSPORIN
blaPDC,class C beta-lactamase PDC-607,BETA-LACTAM,CEPHALOSPORIN
blaPDC,class C beta-lactamase PDC-608,BETA-LACTAM,CEPHALOSPORIN
blaPDC,class C beta-lactamase PDC-609,BETA-LACTAM,CEPHALOSPORIN
blaPDC,class C beta-lactamase PDC-60,BETA-LACTAM,CEPHALOSPORIN
blaPDC,class C beta-lactamase PDC-610,BETA-LACTAM,CEPHALOSPORIN
blaPDC,class C beta-lactamase PDC-611,BETA-LACTAM,CEPHALOSPORIN
blaPDC,class C beta-lactamase PDC-612,BETA-LACTAM,CEPHALOSPORIN
blaPDC,class C beta-lactamase PDC-613,BETA-LACTAM,CEPHALOSPORIN
blaPDC,class C beta-lactamase PDC-614,BETA-LACTAM,CEPHALOSPORIN
blaPDC,class C beta-lactamase PDC-615,BETA-LACTAM,CEPHALOSPORIN
blaPDC,class C beta-lactamase PDC-616,BETA-LACTAM,CEPHALOSPORIN
blaPDC,class C beta-lactamase PDC-617,BETA-LACTAM,CEPHALOSPORIN
blaPDC,class C beta-lactamase PDC-618,BETA-LACTAM,CEPHALOSPORIN
blaPDC,class C beta-lactamase PDC-619,BETA-LACTAM,CEPHALOSPORIN
blaPDC,class C beta-lactamase PDC-61,BETA-LACTAM,CEPHALOSPORIN
blaPDC,class C beta-lactamase PDC-620,BETA-LACTAM,CEPHALOSPORIN
blaPDC,class C beta-lactamase PDC-621,BETA-LACTAM,CEPHALOSPORIN
blaPDC,class C beta-lactamase PDC-622,BETA-LACTAM,CEPHALOSPORIN
blaPDC,class C beta-lactamase PDC-623,BETA-LACTAM,CEPHALOSPORIN
blaPDC,class C beta-lactamase PDC-624,BETA-LACTAM,CEPHALOSPORIN
blaPDC,class C beta-lactamase PDC-625,BETA-LACTAM,CEPHALOSPORIN
blaPDC,class C beta-lactamase PDC-626,BETA-LACTAM,CEPHALOSPORIN
blaPDC,class C beta-lactamase PDC-627,BETA-LACTAM,CEPHALOSPORIN
blaPDC,class C beta-lactamase PDC-628,BETA-LACTAM,CEPHALOSPORIN
blaPDC,class C beta-lactamase PDC-629,BETA-LACTAM,CEPHALOSPORIN
blaPDC,class C beta-lactamase PDC-62,BETA-LACTAM,CEPHALOSPORIN
blaPDC,class C beta-lactamase PDC-630,BETA-LACTAM,CEPHALOSPORIN
blaPDC,class C beta-lactamase PDC-631,BETA-LACTAM,CEPHALOSPORIN
blaPDC,class C beta-lactamase PDC-632,BETA-LACTAM,CEPHALOSPORIN
blaPDC,class C beta-lactamase PDC-633,BETA-LACTAM,CEPHALOSPORIN
blaPDC,class C beta-lactamase PDC-634,BETA-LACTAM,CEPHALOSPORIN
blaPDC,class C beta-lactamase PDC-635,BETA-LACTAM,CEPHALOSPORIN
blaPDC,class C beta-lactamase PDC-636,BETA-LACTAM,CEPHALOSPORIN
blaPDC,class C beta-lactamase PDC-637,BETA-LACTAM,CEPHALOSPORIN
blaPDC,class C beta-lactamase PDC-638,BETA-LACTAM,CEPHALOSPORIN
blaPDC,class C beta-lactamase PDC-639,BETA-LACTAM,CEPHALOSPORIN
blaPDC,class C beta-lactamase PDC-63,BETA-LACTAM,CEPHALOSPORIN
blaPDC,class C beta-lactamase PDC-640,BETA-LACTAM,CEPHALOSPORIN
blaPDC,class C beta-lactamase PDC-641,BETA-LACTAM,CEPHALOSPORIN
blaPDC,class C beta-lactamase PDC-642,BETA-LACTAM,CEPHALOSPORIN
blaPDC,class C beta-lactamase PDC-643,BETA-LACTAM,CEPHALOSPORIN
blaPDC,class C beta-lactamase PDC-644,BETA-LACTAM,CEPHALOSPORIN
blaPDC,class C beta-lactamase PDC-645,BETA-LACTAM,CEPHALOSPORIN
blaPDC,class C beta-lactamase PDC-646,BETA-LACTAM,CEPHALOSPORIN
blaPDC,inhibitor-resistant extended-spectrum class C beta-lactamase PDC-647,BETA-LACTAM,CEPHALOSPORIN
blaPDC,class C beta-lactamase PDC-648,BETA-LACTAM,CEPHALOSPORIN
blaPDC,class C beta-lactamase PDC-649,BETA-LACTAM,CEPHALOSPORIN
blaPDC,class C beta-lactamase PDC-64,BETA-LACTAM,CEPHALOSPORIN
blaPDC,class C beta-lactamase PDC-650,BETA-LACTAM,CEPHALOSPORIN
blaPDC,class C beta-lactamase PDC-651,BETA-LACTAM,CEPHALOSPORIN
blaPDC,class C beta-lactamase PDC-652,BETA-LACTAM,CEPHALOSPORIN
blaPDC,class C beta-lactamase PDC-653,BETA-LACTAM,CEPHALOSPORIN
blaPDC,class C beta-lactamase PDC-654,BETA-LACTAM,CEPHALOSPORIN
blaPDC,class C beta-lactamase PDC-655,BETA-LACTAM,CEPHALOSPORIN
blaPDC,class C beta-lactamase PDC-656,BETA-LACTAM,CEPHALOSPORIN
blaPDC,class C beta-lactamase PDC-657,BETA-LACTAM,CEPHALOSPORIN
blaPDC,class C beta-lactamase PDC-658,BETA-LACTAM,CEPHALOSPORIN
blaPDC,class C beta-lactamase PDC-659,BETA-LACTAM,CEPHALOSPORIN
blaPDC,class C beta-lactamase PDC-65,BETA-LACTAM,CEPHALOSPORIN
blaPDC,class C beta-lactamase PDC-660,BETA-LACTAM,CEPHALOSPORIN
blaPDC,class C beta-lactamase PDC-661,BETA-LACTAM,CEPHALOSPORIN
blaPDC,class C beta-lactamase PDC-662,BETA-LACTAM,CEPHALOSPORIN
blaPDC,class C beta-lactamase PDC-663,BETA-LACTAM,CEPHALOSPORIN
blaPDC,class C beta-lactamase PDC-664,BETA-LACTAM,CEPHALOSPORIN
blaPDC,class C beta-lactamase PDC-665,BETA-LACTAM,CEPHALOSPORIN
blaPDC,class C beta-lactamase PDC-666,BETA-LACTAM,CEPHALOSPORIN
blaPDC,class C beta-lactamase PDC-667,BETA-LACTAM,CEPHALOSPORIN
blaPDC,class C beta-lactamase PDC-668,BETA-LACTAM,CEPHALOSPORIN
blaPDC,class C beta-lactamase PDC-669,BETA-LACTAM,CEPHALOSPORIN
blaPDC,class C beta-lactamase PDC-66,BETA-LACTAM,CEPHALOSPORIN
blaPDC,class C beta-lactamase PDC-670,BETA-LACTAM,CEPHALOSPORIN
blaPDC,class C beta-lactamase PDC-671,BETA-LACTAM,CEPHALOSPORIN
blaPDC,class C beta-lactamase PDC-672,BETA-LACTAM,CEPHALOSPORIN
blaPDC,class C beta-lactamase PDC-673,BETA-LACTAM,CEPHALOSPORIN
blaPDC,class C beta-lactamase PDC-674,BETA-LACTAM,CEPHALOSPORIN
blaPDC,class C beta-lactamase PDC-675,BETA-LACTAM,CEPHALOSPORIN
blaPDC,class C beta-lactamase PDC-676,BETA-LACTAM,CEPHALOSPORIN
blaPDC,class C beta-lactamase PDC-677,BETA-LACTAM,CEPHALOSPORIN
blaPDC,class C beta-lactamase PDC-678,BETA-LACTAM,CEPHALOSPORIN
blaPDC,class C beta-lactamase PDC-679,BETA-LACTAM,CEPHALOSPORIN
blaPDC,class C beta-lactamase PDC-67,BETA-LACTAM,CEPHALOSPORIN
blaPDC,inhibitor-resistant extended-spectrum class C beta-lactamase PDC-680,BETA-LACTAM,CEPHALOSPORIN
blaPDC,inhibitor-resistant extended-spectrum class C beta-lactamase PDC-681,BETA-LACTAM,CEPHALOSPORIN
blaPDC,inhibitor-resistant extended-spectrum class C beta-lactamase PDC-682,BETA-LACTAM,CEPHALOSPORIN
blaPDC,inhibitor-resistant extended-spectrum class C beta-lactamase PDC-683,BETA-LACTAM,CEPHALOSPORIN
blaPDC,inhibitor-resistant class C beta-lactamase PDC-684,BETA-LACTAM,CEPHALOSPORIN
blaPDC,class C beta-lactamase PDC-685,BETA-LACTAM,CEPHALOSPORIN
blaPDC,class C beta-lactamase PDC-68,BETA-LACTAM,CEPHALOSPORIN
blaPDC,class C beta-lactamase PDC-69,BETA-LACTAM,CEPHALOSPORIN
blaPDC,class C beta-lactamase PDC-6,BETA-LACTAM,CEPHALOSPORIN
blaPDC,class C beta-lactamase PDC-70,BETA-LACTAM,CEPHALOSPORIN
blaPDC,class C beta-lactamase PDC-71,BETA-LACTAM,CEPHALOSPORIN
blaPDC,class C beta-lactamase PDC-72,BETA-LACTAM,CEPHALOSPORIN
blaPDC,inhibitor-resistant extended-spectrum class C beta-lactamase PDC-74,BETA-LACTAM,CEPHALOSPORIN
blaPDC,class C beta-lactamase PDC-7,BETA-LACTAM,CEPHALOSPORIN
blaPDC,inhibitor-resistant extended-spectrum class C beta-lactamase PDC-80,BETA-LACTAM,CEPHALOSPORIN
blaPDC,inhibitor-resistant extended-spectrum class C beta-lactamase PDC-86,BETA-LACTAM,CEPHALOSPORIN
blaPDC,class C beta-lactamase PDC-8,BETA-LACTAM,CEPHALOSPORIN
blaPDC,class C beta-lactamase PDC-94,BETA-LACTAM,CEPHALOSPORIN
blaPDC,class C beta-lactamase PDC-95,BETA-LACTAM,CEPHALOSPORIN
blaPDC,class C beta-lactamase PDC-96,BETA-LACTAM,CEPHALOSPORIN
blaPDC,class C beta-lactamase PDC-97,BETA-LACTAM,CEPHALOSPORIN
blaPDC,class C beta-lactamase PDC-98,BETA-LACTAM,CEPHALOSPORIN
blaPDC,class C beta-lactamase PDC-99,BETA-LACTAM,CEPHALOSPORIN
blaPDC,class C beta-lactamase PDC-9,BETA-LACTAM,CEPHALOSPORIN
blaB3PEDO,subclass B3 metallo-beta-lactamase PEDO-1,BETA-LACTAM,CARBAPENEM
blaB3PEDO,subclass B3 metallo-beta-lactamase PEDO-2,BETA-LACTAM,CARBAPENEM
blaB1PEDO,subclass B1 metallo-beta-lactamase PEDO-3,BETA-LACTAM,CARBAPENEM
blaPEN-A,class A beta-lactamase PEN-A10,BETA-LACTAM,BETA-LACTAM
blaPEN-A,class A beta-lactamase PEN-A11,BETA-LACTAM,BETA-LACTAM
blaPEN-A,class A beta-lactamase PEN-A12,BETA-LACTAM,BETA-LACTAM
blaPEN-A,class A beta-lactamase PEN-A13,BETA-LACTAM,BETA-LACTAM
blaPEN-A,class A beta-lactamase PEN-A15,BETA-LACTAM,BETA-LACTAM
blaPEN-A,class A beta-lactamase PEN-A16,BETA-LACTAM,BETA-LACTAM
blaPEN-A,class A beta-lactamase PEN-A17,BETA-LACTAM,BETA-LACTAM
blaPEN-A,class A beta-lactamase PEN-A18,BETA-LACTAM,BETA-LACTAM
blaPEN-A,class A beta-lactamase PEN-A19,BETA-LACTAM,BETA-LACTAM
blaPEN-A,class A beta-lactamase PEN-A1,BETA-LACTAM,BETA-LACTAM
blaPEN-A,class A beta-lactamase PEN-A20,BETA-LACTAM,BETA-LACTAM
blaPEN-A,class A beta-lactamase PEN-A21,BETA-LACTAM,BETA-LACTAM
blaPEN-A,class A beta-lactamase PEN-A22,BETA-LACTAM,BETA-LACTAM
blaPEN-A,class A beta-lactamase PEN-A23,BETA-LACTAM,BETA-LACTAM
blaPEN-A,class A beta-lactamase PEN-A24,BETA-LACTAM,BETA-LACTAM
blaPEN-A,class A beta-lactamase PEN-A25,BETA-LACTAM,BETA-LACTAM
blaPEN-A,class A beta-lactamase PEN-A26,BETA-LACTAM,BETA-LACTAM
blaPEN-A,class A beta-lactamase PEN-A27,BETA-LACTAM,BETA-LACTAM
blaPEN-A,class A beta-lactamase PEN-A28,BETA-LACTAM,BETA-LACTAM
blaPEN-A,class A beta-lactamase PEN-A29,BETA-LACTAM,BETA-LACTAM
blaPEN-A,class A beta-lactamase PEN-A2,BETA-LACTAM,BETA-LACTAM
blaPEN-A,class A beta-lactamase PEN-A30,BETA-LACTAM,BETA-LACTAM
blaPEN-A,class A beta-lactamase PEN-A31,BETA-LACTAM,BETA-LACTAM
blaPEN-A,class A beta-lactamase PEN-A32,BETA-LACTAM,BETA-LACTAM
blaPEN-A,class A beta-lactamase PEN-A33,BETA-LACTAM,BETA-LACTAM
blaPEN-A,class A beta-lactamase PEN-A34,BETA-LACTAM,BETA-LACTAM
blaPEN-A,class A beta-lactamase PEN-A35,BETA-LACTAM,BETA-LACTAM
blaPEN-A,class A beta-lactamase PEN-A37,BETA-LACTAM,BETA-LACTAM
blaPEN-A,class A beta-lactamase PEN-A38,BETA-LACTAM,BETA-LACTAM
blaPEN-A,class A beta-lactamase PEN-A3,BETA-LACTAM,BETA-LACTAM
blaPEN-A,class A beta-lactamase PEN-A4,BETA-LACTAM,BETA-LACTAM
blaPEN-A,class A beta-lactamase PEN-A5,BETA-LACTAM,BETA-LACTAM
blaPEN-A,class A beta-lactamase PEN-A6,BETA-LACTAM,BETA-LACTAM
blaPEN-A,class A beta-lactamase PEN-A7,BETA-LACTAM,BETA-LACTAM
blaPEN-A,class A beta-lactamase PEN-A8,BETA-LACTAM,BETA-LACTAM
blaPEN-A,class A beta-lactamase PEN-A9,BETA-LACTAM,BETA-LACTAM
blaPEN-B,class A beta-lactamase PEN-B1,BETA-LACTAM,BETA-LACTAM
blaPEN-B,class A beta-lactamase PEN-B2,BETA-LACTAM,BETA-LACTAM
blaPEN-B,class A beta-lactamase PEN-B3,BETA-LACTAM,BETA-LACTAM
blaPEN-B,class A beta-lactamase PEN-B4,BETA-LACTAM,BETA-LACTAM
blaPER,extended-spectrum class A beta-lactamase PER-10,BETA-LACTAM,CEPHALOSPORIN
blaPER,extended-spectrum class A beta-lactamase PER-11,BETA-LACTAM,CEPHALOSPORIN
blaPER,extended-spectrum class A beta-lactamase PER-12,BETA-LACTAM,CEPHALOSPORIN
blaPER,extended-spectrum class A beta-lactamase PER-13,BETA-LACTAM,CEPHALOSPORIN
blaPER,inhibitor-resistant extended-spectrum class A beta-lactamase PER-14,BETA-LACTAM,CEPHALOSPORIN
blaPER,extended-spectrum class A beta-lactamase PER-15,BETA-LACTAM,CEPHALOSPORIN
blaPER,extended-spectrum class A beta-lactamase PER-16,BETA-LACTAM,CEPHALOSPORIN
blaPER,extended-spectrum class A beta-lactamase PER-17,BETA-LACTAM,CEPHALOSPORIN
blaPER,extended-spectrum class A beta-lactamase PER-18,BETA-LACTAM,CEPHALOSPORIN
blaPER,inhibitor-resistant extended-spectrum class A beta-lactamase PER-1,BETA-LACTAM,CEPHALOSPORIN
blaPER,inhibitor-resistant extended-spectrum class A beta-lactamase PER-2,BETA-LACTAM,CEPHALOSPORIN
blaPER,extended-spectrum class A beta-lactamase PER-3,BETA-LACTAM,CEPHALOSPORIN
blaPER,inhibitor-resistant extended-spectrum class A beta-lactamase PER-4,BETA-LACTAM,CEPHALOSPORIN
blaPER,extended-spectrum class A beta-lactamase PER-5,BETA-LACTAM,CEPHALOSPORIN
blaPER,inhibitor-resistant extended-spectrum class A beta-lactamase PER-6,BETA-LACTAM,CEPHALOSPORIN
blaPER,inhibitor-resistant extended-spectrum class A beta-lactamase PER-7,BETA-LACTAM,CEPHALOSPORIN
blaPER,extended-spectrum class A beta-lactamase PER-8,BETA-LACTAM,CEPHALOSPORIN
blaPER,extended-spectrum class A beta-lactamase PER-9,BETA-LACTAM,CEPHALOSPORIN
blaPFM,subclass B2 metallo-beta-lactamase PFM-1,BETA-LACTAM,CARBAPENEM
blaPFM,subclass B2 metallo-beta-lactamase PFM-2,BETA-LACTAM,CARBAPENEM
blaPFM,subclass B2 metallo-beta-lactamase PFM-3,BETA-LACTAM,CARBAPENEM
blaPFM,subclass B2 metallo-beta-lactamase PFM-4,BETA-LACTAM,CARBAPENEM
blaPJM,subclass B3 metallo-beta-lactamase PJM-1,BETA-LACTAM,CARBAPENEM
blaPJM,subclass B3 metallo-beta-lactamase PJM-2,BETA-LACTAM,CARBAPENEM
blaPLA,broad-spectrum class A beta-lactamase PLA-1,BETA-LACTAM,CEPHALOSPORIN
blaPLA,class A beta-lactamase PLA-2a,BETA-LACTAM,BETA-LACTAM
blaPLA,class A beta-lactamase PLA-3,BETA-LACTAM,BETA-LACTAM
blaPLA,class A beta-lactamase PLA-4,BETA-LACTAM,BETA-LACTAM
blaPLA,class A beta-lactamase PLA-5,BETA-LACTAM,BETA-LACTAM
blaPLA,class A beta-lactamase PLA-6,BETA-LACTAM,BETA-LACTAM
blaPLN,subclass B3 metallo-beta-lactamase PLN-1,BETA-LACTAM,CARBAPENEM
blaPME,extended-spectrum class A beta-lactamase PME-1,BETA-LACTAM,CEPHALOSPORIN
blaPNC,class C beta-lactamase PNC-1,BETA-LACTAM,CEPHALOSPORIN
blaPNC,extended-spectrum class C beta-lactamase PNC-2,BETA-LACTAM,CEPHALOSPORIN
blaPNC,extended-spectrum class C beta-lactamase PNC-3,BETA-LACTAM,CEPHALOSPORIN
blaPNGM,beta-lactam-hydrolyzing MBL fold hydrolase PNGM-1,BETA-LACTAM,CARBAPENEM
blaPOM,subclass B3 metallo-beta-lactamase POM-1,BETA-LACTAM,CARBAPENEM
blaPOM,subclass B3 metallo-beta-lactamase POM-2,BETA-LACTAM,CARBAPENEM
blaPRC,class C beta-lactamase PRC-1,BETA-LACTAM,BETA-LACTAM
blaPST,subclass B1 metallo-beta-lactamase PST-1,BETA-LACTAM,CARBAPENEM
blaPST,subclass B1 metallo-beta-lactamase PST-2,BETA-LACTAM,CARBAPENEM
blaPSV,penicillin-hydrolyzing class A beta-lactamase PSV-1,BETA-LACTAM,BETA-LACTAM
blaPSZ,class C beta-lactamase PSZ-1,BETA-LACTAM,BETA-LACTAM
blaRAA,extended-spectrum beta-lactamase RAA-1,BETA-LACTAM,CEPHALOSPORIN
blaRAD,carbapenem-hydrolyzing class D beta-lactamase RAD-1,BETA-LACTAM,CARBAPENEM
blaRAHN,extended-spectrum class A beta-lactamase RAHN-1,BETA-LACTAM,CEPHALOSPORIN
blaRAHN,extended-spectrum class A beta-lactamase RAHN-2,BETA-LACTAM,CEPHALOSPORIN
blaRAHN,extended-spectrum class A beta-lactamase RAHN-3,BETA-LACTAM,CEPHALOSPORIN
blaRAHN,extended-spectrum class A beta-lactamase RAHN-4,BETA-LACTAM,CEPHALOSPORIN
blaRAHN,extended-spectrum class A beta-lactamase RAHN-5,BETA-LACTAM,CEPHALOSPORIN
blaRAHN,extended-spectrum class A beta-lactamase RAHN-6,BETA-LACTAM,CEPHALOSPORIN
blaRASA,extended-spectrum class A beta-lactamase RASA-1,BETA-LACTAM,CEPHALOSPORIN
blaRATA,extended-spectrum class A beta-lactamase RATA-1,BETA-LACTAM,CEPHALOSPORIN
blaRATA,extended-spectrum class A beta-lactamase RATA-2,BETA-LACTAM,CEPHALOSPORIN
blaROB,broad-spectrum class A beta-lactamase ROB-10,BETA-LACTAM,CEPHALOSPORIN
blaROB,broad-spectrum class A beta-lactamase ROB-11,BETA-LACTAM,CEPHALOSPORIN
blaROB,broad-spectrum class A beta-lactamase ROB-12,BETA-LACTAM,CEPHALOSPORIN
blaROB,broad-spectrum class A beta-lactamase ROB-13,BETA-LACTAM,CEPHALOSPORIN
blaROB,broad-spectrum class A beta-lactamase ROB-1,BETA-LACTAM,CEPHALOSPORIN
blaROB,extended-spectrum class A beta-lactamase ROB-2,BETA-LACTAM,CEPHALOSPORIN
blaROB,broad-spectrum class A beta-lactamase ROB-3,BETA-LACTAM,CEPHALOSPORIN
blaROB,broad-spectrum class A beta-lactamase ROB-4,BETA-LACTAM,CEPHALOSPORIN
blaROB,broad-spectrum class A beta-lactamase ROB-5,BETA-LACTAM,CEPHALOSPORIN
blaROB,broad-spectrum class A beta-lactamase ROB-6,BETA-LACTAM,CEPHALOSPORIN
blaROB,broad-spectrum class A beta-lactamase ROB-7,BETA-LACTAM,CEPHALOSPORIN
blaROB,broad-spectrum class A beta-lactamase ROB-8,BETA-LACTAM,CEPHALOSPORIN
blaRSA1,class A beta-lactamase RSA1-1,BETA-LACTAM,CEPHALOSPORIN
blaRSA2,carbapenem-hydrolyzing class A beta-lactamase RSA2-1,BETA-LACTAM,CARBAPENEM
blaRSC1,class C beta-lactamase RSC1-1,BETA-LACTAM,CEPHALOSPORIN
blaRSD1,class D beta-lactamase RSD1-1,BETA-LACTAM,BETA-LACTAM
blaRSD2,class D beta-lactamase RSD2-1,BETA-LACTAM,CEPHALOSPORIN
blaRSD2,class D beta-lactamase RSD2-2,BETA-LACTAM,BETA-LACTAM
blaRUB,broad-spectrum class A beta-lactamase RUB-1,BETA-LACTAM,BETA-LACTAM
blaSAM,subclass B3 metallo-beta-lactamase SAM-1,BETA-LACTAM,CARBAPENEM
blaSCO,class A beta-lactamase SCO-1,BETA-LACTAM,BETA-LACTAM
blaSED,broad-spectrum class A beta-lactamase SED-1,BETA-LACTAM,BETA-LACTAM
blaSHW,SHW family subclass B1 metallo-beta-lactamase SFB-1,BETA-LACTAM,BETA-LACTAM
blaSFC,carbapenem-hydrolyzing class A beta-lactamase SFC-1,BETA-LACTAM,CARBAPENEM
blaSFC,carbapenem-hydrolyzing class A beta-lactamase SFC-2,BETA-LACTAM,CARBAPENEM
blaSFC,carbapenem-hydrolyzing class A beta-lactamase SFC-3,BETA-LACTAM,CARBAPENEM
blaSFDC,extended-spectrum class C beta-lactamase SFDC-1,BETA-LACTAM,CEPHALOSPORIN
blaSFH,subclass B2 metallo-beta-lactamase SFH-1,BETA-LACTAM,CARBAPENEM
blaFONA,extended-spectrum class A beta-lactamase SFO-1,BETA-LACTAM,CEPHALOSPORIN
blaSGM,extended-spectrum class A beta-lactamase SGM-1,BETA-LACTAM,CEPHALOSPORIN
blaSGM,class A beta-lactamase SGM-2,BETA-LACTAM,BETA-LACTAM
blaSGM,class A beta-lactamase SGM-3,BETA-LACTAM,BETA-LACTAM
blaSGM,class A beta-lactamase SGM-4,BETA-LACTAM,BETA-LACTAM
blaSGM,class A beta-lactamase SGM-5,BETA-LACTAM,BETA-LACTAM
blaSGM,class A beta-lactamase SGM-6,BETA-LACTAM,BETA-LACTAM
blaSGM,class A beta-lactamase SGM-7,BETA-LACTAM,BETA-LACTAM
blaSHD,subclass B1 metallo-beta-lactamase SHD-1,BETA-LACTAM,CARBAPENEM
blaSHN,subclass B1 metallo-beta-lactamase SHN-1,BETA-LACTAM,CARBAPENEM
blaSHV,broad-spectrum class A beta-lactamase SHV-100,BETA-LACTAM,CEPHALOSPORIN
blaSHV,broad-spectrum class A beta-lactamase SHV-101,BETA-LACTAM,BETA-LACTAM
blaSHV,extended-spectrum class A beta-lactamase SHV-102,BETA-LACTAM,CEPHALOSPORIN
blaSHV,broad-spectrum class A beta-lactamase SHV-103,BETA-LACTAM,BETA-LACTAM
blaSHV,broad-spectrum class A beta-lactamase SHV-104,BETA-LACTAM,CEPHALOSPORIN
blaSHV,extended-spectrum class A beta-lactamase SHV-105,BETA-LACTAM,CEPHALOSPORIN
blaSHV,extended-spectrum class A beta-lactamase SHV-106,BETA-LACTAM,CEPHALOSPORIN
blaSHV,inhibitor-resistant broad-spectrum class A beta-lactamase SHV-107,BETA-LACTAM,BETA-LACTAM
blaSHV,broad-spectrum class A beta-lactamase SHV-108,BETA-LACTAM,BETA-LACTAM
blaSHV,broad-spectrum class A beta-lactamase SHV-109,BETA-LACTAM,BETA-LACTAM
blaSHV,class A beta-lactamase SHV-110,BETA-LACTAM,BETA-LACTAM
blaSHV,broad-spectrum class A beta-lactamase SHV-111,BETA-LACTAM,BETA-LACTAM
blaSHV,class A beta-lactamase SHV-115,BETA-LACTAM,BETA-LACTAM
blaSHV,class A beta-lactamase SHV-116,BETA-LACTAM,BETA-LACTAM
blaSHV,class A beta-lactamase SHV-119,BETA-LACTAM,BETA-LACTAM
blaSHV,broad-spectrum class A beta-lactamase SHV-11,BETA-LACTAM,BETA-LACTAM
blaSHV,extended-spectrum class A beta-lactamase SHV-120,BETA-LACTAM,CEPHALOSPORIN
blaSHV,class A beta-lactamase SHV-121,BETA-LACTAM,BETA-LACTAM
blaSHV,class A beta-lactamase SHV-122b,BETA-LACTAM,BETA-LACTAM
blaSHV,extended-spectrum class A beta-lactamase SHV-128,BETA-LACTAM,CEPHALOSPORIN
blaSHV,extended-spectrum class A beta-lactamase SHV-129,BETA-LACTAM,CEPHALOSPORIN
blaSHV,extended-spectrum class A beta-lactamase SHV-12,BETA-LACTAM,CEFIDEROCOL/CEPHALOSPORIN
blaSHV,inhibitor-resistant broad-spectrum class A beta-lactamase SHV-132,BETA-LACTAM,BETA-LACTAM
blaSHV,broad-spectrum class A beta-lactamase SHV-133,BETA-LACTAM,BETA-LACTAM
blaSHV,extended-spectrum class A beta-lactamase SHV-134,BETA-LACTAM,CEPHALOSPORIN
blaSHV,broad-spectrum class A beta-lactamase SHV-135,BETA-LACTAM,BETA-LACTAM
blaSHV,broad-spectrum class A beta-lactamase SHV-137,BETA-LACTAM,BETA-LACTAM
blaSHV,extended-spectrum class A beta-lactamase SHV-13,BETA-LACTAM,CEPHALOSPORIN
blaSHV,extended-spectrum class A beta-lactamase SHV-141,BETA-LACTAM,CEPHALOSPORIN
blaSHV,broad-spectrum class A beta-lactamase SHV-142,BETA-LACTAM,BETA-LACTAM
blaSHV,class A beta-lactamase SHV-143,BETA-LACTAM,BETA-LACTAM
blaSHV,class A beta-lactamase SHV-144,BETA-LACTAM,BETA-LACTAM
blaSHV,broad-spectrum class A beta-lactamase SHV-145,BETA-LACTAM,BETA-LACTAM
blaSHV,class A beta-lactamase SHV-146,BETA-LACTAM,BETA-LACTAM
blaSHV,broad-spectrum class A beta-lactamase SHV-147,BETA-LACTAM,BETA-LACTAM
blaSHV,broad-spectrum class A beta-lactamase SHV-148,BETA-LACTAM,CEPHALOSPORIN
blaSHV,broad-spectrum class A beta-lactamase SHV-149,BETA-LACTAM,BETA-LACTAM
blaSHV,broad-spectrum class A beta-lactamase SHV-14,BETA-LACTAM,BETA-LACTAM
blaSHV,broad-spectrum class A beta-lactamase SHV-150,BETA-LACTAM,BETA-LACTAM
blaSHV,broad-spectrum class A beta-lactamase SHV-151,BETA-LACTAM,BETA-LACTAM
blaSHV,extended-spectrum class A beta-lactamase SHV-152,BETA-LACTAM,CEPHALOSPORIN
blaSHV,extended-spectrum class A beta-lactamase SHV-153,BETA-LACTAM,CEPHALOSPORIN
blaSHV,extended-spectrum class A beta-lactamase SHV-154,BETA-LACTAM,CEPHALOSPORIN
blaSHV,class A beta-lactamase SHV-155,BETA-LACTAM,BETA-LACTAM
blaSHV,class A beta-lactamase SHV-156,BETA-LACTAM,BETA-LACTAM
blaSHV,class A beta-lactamase SHV-157,BETA-LACTAM,BETA-LACTAM
blaSHV,class A beta-lactamase SHV-158,BETA-LACTAM,BETA-LACTAM
blaSHV,class A beta-lactamase SHV-159,BETA-LACTAM,BETA-LACTAM
blaSHV,extended-spectrum class A beta-lactamase SHV-15,BETA-LACTAM,CEPHALOSPORIN
blaSHV,extended-spectrum class A beta-lactamase SHV-160,BETA-LACTAM,CEPHALOSPORIN
blaSHV,broad-spectrum class A beta-lactamase SHV-161,BETA-LACTAM,BETA-LACTAM
blaSHV,extended-spectrum class A beta-lactamase SHV-162,BETA-LACTAM,CEPHALOSPORIN
blaSHV,extended-spectrum class A beta-lactamase SHV-163,BETA-LACTAM,CEPHALOSPORIN
blaSHV,broad-spectrum class A beta-lactamase SHV-164,BETA-LACTAM,CEPHALOSPORIN
blaSHV,extended-spectrum class A beta-lactamase SHV-165,BETA-LACTAM,CEPHALOSPORIN
blaSHV,class A beta-lactamase SHV-168,BETA-LACTAM,BETA-LACTAM
blaSHV,extended-spectrum class A beta-lactamase SHV-16,BETA-LACTAM,CEPHALOSPORIN
blaSHV,broad-spectrum class A beta-lactamase SHV-171,BETA-LACTAM,BETA-LACTAM
blaSHV,class A beta-lactamase SHV-172,BETA-LACTAM,BETA-LACTAM
blaSHV,class A beta-lactamase SHV-173,BETA-LACTAM,BETA-LACTAM
blaSHV,class A beta-lactamase SHV-175,BETA-LACTAM,BETA-LACTAM
blaSHV,class A beta-lactamase SHV-178,BETA-LACTAM,BETA-LACTAM
blaSHV,broad-spectrum class A beta-lactamase SHV-179,BETA-LACTAM,BETA-LACTAM
blaSHV,class A beta-lactamase SHV-180,BETA-LACTAM,BETA-LACTAM
blaSHV,class A beta-lactamase SHV-182,BETA-LACTAM,BETA-LACTAM
blaSHV,extended-spectrum class A beta-lactamase SHV-183,BETA-LACTAM,CEPHALOSPORIN
blaSHV,broad-spectrum class A beta-lactamase SHV-185,BETA-LACTAM,BETA-LACTAM
blaSHV,class A beta-lactamase SHV-186,BETA-LACTAM,BETA-LACTAM
blaSHV,broad-spectrum class A beta-lactamase SHV-187,BETA-LACTAM,CEPHALOSPORIN
blaSHV,class A beta-lactamase SHV-188,BETA-LACTAM,BETA-LACTAM
blaSHV,broad-spectrum class A beta-lactamase SHV-189,BETA-LACTAM,BETA-LACTAM
blaSHV,extended-spectrum class A beta-lactamase SHV-18,BETA-LACTAM,CEPHALOSPORIN
blaSHV,class A beta-lactamase SHV-190,BETA-LACTAM,BETA-LACTAM
blaSHV,class A beta-lactamase SHV-191,BETA-LACTAM,BETA-LACTAM
blaSHV,class A beta-lactamase SHV-193,BETA-LACTAM,BETA-LACTAM
blaSHV,class A beta-lactamase SHV-194,BETA-LACTAM,BETA-LACTAM
blaSHV,class A beta-lactamase SHV-195,BETA-LACTAM,BETA-LACTAM
blaSHV,class A beta-lactamase SHV-196,BETA-LACTAM,BETA-LACTAM
blaSHV,class A beta-lactamase SHV-197,BETA-LACTAM,BETA-LACTAM
blaSHV,class A beta-lactamase SHV-198,BETA-LACTAM,BETA-LACTAM
blaSHV,class A beta-lactamase SHV-199,BETA-LACTAM,BETA-LACTAM
blaSHV,class A beta-lactamase SHV-19,BETA-LACTAM,BETA-LACTAM
blaSHV,broad-spectrum class A beta-lactamase SHV-1,BETA-LACTAM,BETA-LACTAM
blaSHV,class A beta-lactamase SHV-1b-b,BETA-LACTAM,BETA-LACTAM
blaSHV,extended-spectrum class A beta-lactamase SHV-200,BETA-LACTAM,CEPHALOSPORIN
blaSHV,class A beta-lactamase SHV-201,BETA-LACTAM,BETA-LACTAM
blaSHV,class A beta-lactamase SHV-202,BETA-LACTAM,BETA-LACTAM
blaSHV,inhibitor-resistant broad-spectrum class A beta-lactamase SHV-203,BETA-LACTAM,CEPHALOSPORIN
blaSHV,class A beta-lactamase SHV-204,BETA-LACTAM,BETA-LACTAM
blaSHV,class A beta-lactamase SHV-205,BETA-LACTAM,BETA-LACTAM
blaSHV,class A beta-lactamase SHV-206,BETA-LACTAM,BETA-LACTAM
blaSHV,class A beta-lactamase SHV-207,BETA-LACTAM,BETA-LACTAM
blaSHV,class A beta-lactamase SHV-208,BETA-LACTAM,BETA-LACTAM
blaSHV,class A beta-lactamase SHV-209,BETA-LACTAM,BETA-LACTAM
blaSHV,class A beta-lactamase SHV-210,BETA-LACTAM,BETA-LACTAM
blaSHV,class A beta-lactamase SHV-211,BETA-LACTAM,BETA-LACTAM
blaSHV,class A beta-lactamase SHV-212,BETA-LACTAM,BETA-LACTAM
blaSHV,class A beta-lactamase SHV-213,BETA-LACTAM,BETA-LACTAM
blaSHV,class A beta-lactamase SHV-214,BETA-LACTAM,BETA-LACTAM
blaSHV,class A beta-lactamase SHV-215,BETA-LACTAM,BETA-LACTAM
blaSHV,class A beta-lactamase SHV-216,BETA-LACTAM,BETA-LACTAM
blaSHV,class A beta-lactamase SHV-217,BETA-LACTAM,BETA-LACTAM
blaSHV,class A beta-lactamase SHV-218,BETA-LACTAM,BETA-LACTAM
blaSHV,class A beta-lactamase SHV-219,BETA-LACTAM,BETA-LACTAM
blaSHV,class A beta-lactamase SHV-220,BETA-LACTAM,BETA-LACTAM
blaSHV,class A beta-lactamase SHV-221,BETA-LACTAM,BETA-LACTAM
blaSHV,class A beta-lactamase SHV-222,BETA-LACTAM,BETA-LACTAM
blaSHV,class A beta-lactamase SHV-223,BETA-LACTAM,BETA-LACTAM
blaSHV,class A beta-lactamase SHV-224,BETA-LACTAM,BETA-LACTAM
blaSHV,class A beta-lactamase SHV-225,BETA-LACTAM,BETA-LACTAM
blaSHV,class A beta-lactamase SHV-226,BETA-LACTAM,BETA-LACTAM
blaSHV,class A beta-lactamase SHV-227,BETA-LACTAM,BETA-LACTAM
blaSHV,class A beta-lactamase SHV-228,BETA-LACTAM,BETA-LACTAM
blaSHV,broad-spectrum class A beta-lactamase SHV-229,BETA-LACTAM,BETA-LACTAM
blaSHV,extended-spectrum class A beta-lactamase SHV-230,BETA-LACTAM,CEPHALOSPORIN
blaSHV,inhibitor-resistant extended-spectrum class A beta-lactamase SHV-231,BETA-LACTAM,BETA-LACTAM
blaSHV,class A beta-lactamase SHV-232,BETA-LACTAM,BETA-LACTAM
blaSHV,inhibitor-resistant class A beta-lactamase SHV-233,BETA-LACTAM,BETA-LACTAM
blaSHV,inhibitor-resistant class A beta-lactamase SHV-234,BETA-LACTAM,BETA-LACTAM
blaSHV,class A beta-lactamase SHV-235,BETA-LACTAM,BETA-LACTAM
blaSHV,class A beta-lactamase SHV-236,BETA-LACTAM,BETA-LACTAM
blaSHV,class A beta-lactamase SHV-237,BETA-LACTAM,BETA-LACTAM
blaSHV,inhibitor-resistant extended-spectrum class A beta-lactamase SHV-238,BETA-LACTAM,BETA-LACTAM
blaSHV,inhibitor-resistant class A beta-lactamase SHV-239,BETA-LACTAM,BETA-LACTAM
blaSHV,inhibitor-resistant class A beta-lactamase SHV-240,BETA-LACTAM,BETA-LACTAM
blaSHV,inhibitor-resistant class A beta-lactamase SHV-241,BETA-LACTAM,BETA-LACTAM
blaSHV,inhibitor-resistant class A beta-lactamase SHV-242,BETA-LACTAM,BETA-LACTAM
blaSHV,class A beta-lactamase SHV-243,BETA-LACTAM,BETA-LACTAM
blaSHV,class A beta-lactamase SHV-244,BETA-LACTAM,BETA-LACTAM
blaSHV,class A beta-lactamase SHV-245,BETA-LACTAM,BETA-LACTAM
blaSHV,class A beta-lactamase SHV-246,BETA-LACTAM,BETA-LACTAM
blaSHV,class A beta-lactamase SHV-247,BETA-LACTAM,BETA-LACTAM
blaSHV,class A beta-lactamase SHV-248,BETA-LACTAM,BETA-LACTAM
blaSHV,class A beta-lactamase SHV-249,BETA-LACTAM,BETA-LACTAM
blaSHV,extended-spectrum class A beta-lactamase SHV-24,BETA-LACTAM,CEPHALOSPORIN
blaSHV,class A beta-lactamase SHV-250,BETA-LACTAM,BETA-LACTAM
blaSHV,class A beta-lactamase SHV-251,BETA-LACTAM,BETA-LACTAM
blaSHV,class A beta-lactamase SHV-252,BETA-LACTAM,BETA-LACTAM
blaSHV,broad-spectrum class A beta-lactamase SHV-25,BETA-LACTAM,BETA-LACTAM
blaSHV,broad-spectrum class A beta-lactamase SHV-26,BETA-LACTAM,BETA-LACTAM
blaSHV,broad-spectrum class A beta-lactamase SHV-27,BETA-LACTAM,BETA-LACTAM
blaSHV,broad-spectrum class A beta-lactamase SHV-28,BETA-LACTAM,BETA-LACTAM
blaSHV,extended-spectrum class A beta-lactamase SHV-29,BETA-LACTAM,CEPHALOSPORIN
blaSHV,extended-spectrum class A beta-lactamase SHV-2a,BETA-LACTAM,CEPHALOSPORIN
blaSHV,extended-spectrum class A beta-lactamase SHV-2,BETA-LACTAM,CEPHALOSPORIN
blaSHV,extended-spectrum class A beta-lactamase SHV-30,BETA-LACTAM,CEPHALOSPORIN
blaSHV,extended-spectrum class A beta-lactamase SHV-31,BETA-LACTAM,CEPHALOSPORIN
blaSHV,broad-spectrum class A beta-lactamase SHV-32,BETA-LACTAM,BETA-LACTAM
blaSHV,broad-spectrum class A beta-lactamase SHV-33,BETA-LACTAM,BETA-LACTAM
blaSHV,extended-spectrum class A beta-lactamase SHV-34,BETA-LACTAM,CEPHALOSPORIN
blaSHV,class A beta-lactamase SHV-35,BETA-LACTAM,CEPHALOSPORIN
blaSHV,broad-spectrum class A beta-lactamase SHV-36,BETA-LACTAM,BETA-LACTAM
blaSHV,class A beta-lactamase SHV-37,BETA-LACTAM,BETA-LACTAM
blaSHV,extended-spectrum class A beta-lactamase SHV-38,BETA-LACTAM,CEPHALOSPORIN
blaSHV,extended-spectrum class A beta-lactamase SHV-3,BETA-LACTAM,CEPHALOSPORIN
blaSHV,broad-spectrum class A beta-lactamase SHV-40,BETA-LACTAM,BETA-LACTAM
blaSHV,broad-spectrum class A beta-lactamase SHV-41,BETA-LACTAM,BETA-LACTAM
blaSHV,broad-spectrum class A beta-lactamase SHV-42,BETA-LACTAM,BETA-LACTAM
blaSHV,broad-spectrum class A beta-lactamase SHV-43,BETA-LACTAM,BETA-LACTAM
blaSHV,broad-spectrum class A beta-lactamase SHV-44,BETA-LACTAM,BETA-LACTAM
blaSHV,extended-spectrum class A beta-lactamase SHV-45,BETA-LACTAM,CEPHALOSPORIN
blaSHV,extended-spectrum class A beta-lactamase SHV-46,BETA-LACTAM,CEPHALOSPORIN
blaSHV,broad-spectrum class A beta-lactamase SHV-48,BETA-LACTAM,BETA-LACTAM
blaSHV,inhibitor-resistant broad-spectrum class A beta-lactamase SHV-49,BETA-LACTAM,BETA-LACTAM
blaSHV,extended-spectrum class A beta-lactamase SHV-4,BETA-LACTAM,CEPHALOSPORIN
blaSHV,broad-spectrum class A beta-lactamase SHV-50,BETA-LACTAM,BETA-LACTAM
blaSHV,broad-spectrum class A beta-lactamase SHV-51,BETA-LACTAM,BETA-LACTAM
blaSHV,inhibitor-resistant broad-spectrum class A beta-lactamase SHV-52,BETA-LACTAM,BETA-LACTAM
blaSHV,extended-spectrum class A beta-lactamase SHV-55,BETA-LACTAM,CEPHALOSPORIN
blaSHV,inhibitor-resistant broad-spectrum class A beta-lactamase SHV-56,BETA-LACTAM,BETA-LACTAM
blaSHV,extended-spectrum class A beta-lactamase SHV-57,BETA-LACTAM,CEPHALOSPORIN
blaSHV,broad-spectrum class A beta-lactamase SHV-59,BETA-LACTAM,BETA-LACTAM
blaSHV,extended-spectrum class A beta-lactamase SHV-5,BETA-LACTAM,CEPHALOSPORIN
blaSHV,broad-spectrum class A beta-lactamase SHV-60,BETA-LACTAM,BETA-LACTAM
blaSHV,broad-spectrum class A beta-lactamase SHV-61,BETA-LACTAM,BETA-LACTAM
blaSHV,broad-spectrum class A beta-lactamase SHV-62,BETA-LACTAM,BETA-LACTAM
blaSHV,broad-spectrum class A beta-lactamase SHV-63,BETA-LACTAM,BETA-LACTAM
blaSHV,extended-spectrum class A beta-lactamase SHV-64,BETA-LACTAM,CEPHALOSPORIN
blaSHV,broad-spectrum class A beta-lactamase SHV-65,BETA-LACTAM,CEPHALOSPORIN
blaSHV,extended-spectrum class A beta-lactamase SHV-66,BETA-LACTAM,CEPHALOSPORIN
blaSHV,class A beta-lactamase SHV-67,BETA-LACTAM,BETA-LACTAM
blaSHV,class A beta-lactamase SHV-69,BETA-LACTAM,BETA-LACTAM
blaSHV,extended-spectrum class A beta-lactamase SHV-6,BETA-LACTAM,BETA-LACTAM
blaSHV,extended-spectrum class A beta-lactamase SHV-70,BETA-LACTAM,CEPHALOSPORIN
blaSHV,broad-spectrum class A beta-lactamase SHV-71,BETA-LACTAM,BETA-LACTAM
blaSHV,inhibitor-resistant broad-spectrum class A beta-lactamase SHV-72,BETA-LACTAM,BETA-LACTAM
blaSHV,inhibitor-resistant broad-spectrum class A beta-lactamase SHV-73,BETA-LACTAM,BETA-LACTAM
blaSHV,broad-spectrum class A beta-lactamase SHV-74,BETA-LACTAM,BETA-LACTAM
blaSHV,broad-spectrum class A beta-lactamase SHV-75,BETA-LACTAM,BETA-LACTAM
blaSHV,broad-spectrum class A beta-lactamase SHV-76,BETA-LACTAM,BETA-LACTAM
blaSHV,broad-spectrum class A beta-lactamase SHV-77,BETA-LACTAM,BETA-LACTAM
blaSHV,broad-spectrum class A beta-lactamase SHV-78,BETA-LACTAM,BETA-LACTAM
blaSHV,broad-spectrum class A beta-lactamase SHV-79,BETA-LACTAM,BETA-LACTAM
blaSHV,extended-spectrum class A beta-lactamase SHV-7,BETA-LACTAM,CEPHALOSPORIN
blaSHV,broad-spectrum class A beta-lactamase SHV-80,BETA-LACTAM,BETA-LACTAM
blaSHV,broad-spectrum class A beta-lactamase SHV-81,BETA-LACTAM,BETA-LACTAM
blaSHV,broad-spectrum class A beta-lactamase SHV-82,BETA-LACTAM,BETA-LACTAM
blaSHV,inhibitor-resistant broad-spectrum class A beta-lactamase SHV-84,BETA-LACTAM,BETA-LACTAM
blaSHV,broad-spectrum class A beta-lactamase SHV-85,BETA-LACTAM,BETA-LACTAM
blaSHV,extended-spectrum class A beta-lactamase SHV-86,BETA-LACTAM,CEPHALOSPORIN
blaSHV,broad-spectrum class A beta-lactamase SHV-89,BETA-LACTAM,BETA-LACTAM
blaSHV,extended-spectrum class A beta-lactamase SHV-8,BETA-LACTAM,CEPHALOSPORIN
blaSHV,inhibitor-resistant broad-spectrum class A beta-lactamase SHV-92,BETA-LACTAM,BETA-LACTAM
blaSHV,class A beta-lactamase SHV-93,BETA-LACTAM,BETA-LACTAM
blaSHV,class A beta-lactamase SHV-94,BETA-LACTAM,BETA-LACTAM
blaSHV,broad-spectrum class A beta-lactamase SHV-95,BETA-LACTAM,BETA-LACTAM
blaSHV,class A beta-lactamase SHV-96,BETA-LACTAM,BETA-LACTAM
blaSHV,inhibitor-resistant extended-spectrum class A beta-lactamase SHV-97,BETA-LACTAM,CEPHALOSPORIN
blaSHV,broad-spectrum class A beta-lactamase SHV-98,BETA-LACTAM,CEPHALOSPORIN
blaSHV,broad-spectrum class A beta-lactamase SHV-99,BETA-LACTAM,CEPHALOSPORIN
blaSHV,extended-spectrum class A beta-lactamase SHV-9,BETA-LACTAM,CEPHALOSPORIN
blaSHV,blaSHV promoter region,BETA-LACTAM,CEFIDEROCOL/CEPHALOSPORIN
blaSIE,subclass B3 metallo-beta-lactamase SIE-1,BETA-LACTAM,BETA-LACTAM
blaSIM,subclass B1 metallo-beta-lactamase SIM-1,BETA-LACTAM,CARBAPENEM
blaSIM,subclass B1 metallo-beta-lactamase SIM-2,BETA-LACTAM,CARBAPENEM
blaSIQ,subclass B3 metallo-beta-lactamase SIQ-1,BETA-LACTAM,CARBAPENEM
blaSHW,SHW family subclass B1 metallo-beta-lactamase SLB-1,BETA-LACTAM,CARBAPENEM
blaSMB,subclass B3 metallo-beta-lactamase SMB-1,BETA-LACTAM,CARBAPENEM
blaSME,carbapenem-hydrolyzing class A beta-lactamase SME-1,BETA-LACTAM,CARBAPENEM
blaSME,carbapenem-hydrolyzing class A beta-lactamase SME-2,BETA-LACTAM,CARBAPENEM
blaSME,carbapenem-hydrolyzing class A beta-lactamase SME-3,BETA-LACTAM,CARBAPENEM
blaSME,carbapenem-hydrolyzing class A beta-lactamase SME-4,BETA-LACTAM,CARBAPENEM
blaSME,carbapenem-hydrolyzing class A beta-lactamase SME-5,BETA-LACTAM,CARBAPENEM
blaSME,carbapenem-hydrolyzing class A beta-lactamase SME-6,BETA-LACTAM,CARBAPENEM
blaSPG,subclass B3 metallo-beta-lactamase SPG-1,BETA-LACTAM,CARBAPENEM
blaSPI,subclass B1 metallo-beta-lactamase SPI-1,BETA-LACTAM,CARBAPENEM
blaSPI,subclass B1 metallo-beta-lactamase SPI-2,BETA-LACTAM,CARBAPENEM
blaSPI,subclass B1 metallo-beta-lactamase SPI-3,BETA-LACTAM,CARBAPENEM
blaSPI,subclass B1 metallo-beta-lactamase SPI-4,BETA-LACTAM,CARBAPENEM
blaSPI,subclass B1 metallo-beta-lactamase SPI-5,BETA-LACTAM,CARBAPENEM
blaSPI,subclass B1 metallo-beta-lactamase SPI-6,BETA-LACTAM,CARBAPENEM
blaSPI,subclass B1 metallo-beta-lactamase SPI-7,BETA-LACTAM,CARBAPENEM
blaSPI,subclass B1 metallo-beta-lactamase SPI-8,BETA-LACTAM,CARBAPENEM
blaSPI,subclass B1 metallo-beta-lactamase SPI-9,BETA-LACTAM,CARBAPENEM
blaSPM,subclass B1 metallo-beta-lactamase SPM-1,BETA-LACTAM,CARBAPENEM
blaSPN79,subclass B1 metallo-beta-lactamase SPN79-1,BETA-LACTAM,CARBAPENEM
blaSPR,putative metallo-beta-lactamase SPR-1,BETA-LACTAM,BETA-LACTAM
blaSPS,subclass B1 metallo-beta-lactamase SPS-1,BETA-LACTAM,CARBAPENEM
blaCSP,CSP family extended-spectrum class A beta-lactamase SPU-1,BETA-LACTAM,BETA-LACTAM
blaSRT,extended-spectrum class C beta-lactamase SRT-1,BETA-LACTAM,CEPHALOSPORIN
blaSRT,cephalosporin-hydrolyzing class C beta-lactamase SRT-2,BETA-LACTAM,CEPHALOSPORIN
blaSRT,class C beta-lactamase SRT-3,BETA-LACTAM,CEPHALOSPORIN
blaSRT,class C beta-lactamase SRT-4,BETA-LACTAM,CEPHALOSPORIN
blaSRT,cephalosporin-hydrolyzing class C beta-lactamase SST-1,BETA-LACTAM,CEPHALOSPORIN
blaSTA,subclass B1 metallo-beta-lactamase STA-1,BETA-LACTAM,CARBAPENEM
blaTEL,class A beta-lactamase TEL-1,BETA-LACTAM,BETA-LACTAM
blaTEM,extended-spectrum class A beta-lactamase TEM-101,BETA-LACTAM,CEPHALOSPORIN
blaTEM,extended-spectrum class A beta-lactamase TEM-102,BETA-LACTAM,CEPHALOSPORIN
blaTEM,inhibitor-resistant broad-spectrum class A beta-lactamase TEM-103,BETA-LACTAM,BETA-LACTAM
blaTEM,class A beta-lactamase TEM-104,BETA-LACTAM,BETA-LACTAM
blaTEM,class A beta-lactamase TEM-105,BETA-LACTAM,BETA-LACTAM
blaTEM,extended-spectrum class A beta-lactamase TEM-106,BETA-LACTAM,CEPHALOSPORIN
blaTEM,extended-spectrum class A beta-lactamase TEM-107,BETA-LACTAM,CEPHALOSPORIN
blaTEM,class A beta-lactamase TEM-108,BETA-LACTAM,BETA-LACTAM
blaTEM,inhibitor-resistant extended-spectrum class A beta-lactamase TEM-109,BETA-LACTAM,CEPHALOSPORIN
blaTEM,extended-spectrum class A beta-lactamase TEM-10,BETA-LACTAM,CEPHALOSPORIN
blaTEM,broad-spectrum class A beta-lactamase TEM-110,BETA-LACTAM,BETA-LACTAM
blaTEM,class A beta-lactamase TEM-111,BETA-LACTAM,BETA-LACTAM
blaTEM,extended-spectrum class A beta-lactamase TEM-112,BETA-LACTAM,CEPHALOSPORIN
blaTEM,extended-spectrum class A beta-lactamase TEM-113,BETA-LACTAM,CEPHALOSPORIN
blaTEM,extended-spectrum class A beta-lactamase TEM-114,BETA-LACTAM,CEPHALOSPORIN
blaTEM,extended-spectrum class A beta-lactamase TEM-115,BETA-LACTAM,CEPHALOSPORIN
blaTEM,broad-spectrum class A beta-lactamase TEM-116,BETA-LACTAM,BETA-LACTAM
blaTEM,extended-spectrum class A beta-lactamase TEM-11,BETA-LACTAM,CEPHALOSPORIN
blaTEM,extended-spectrum class A beta-lactamase TEM-120,BETA-LACTAM,CEPHALOSPORIN
blaTEM,inhibitor-resistant extended-spectrum class A beta-lactamase TEM-121,BETA-LACTAM,CEPHALOSPORIN
blaTEM,inhibitor-resistant broad-spectrum class A beta-lactamase TEM-122,BETA-LACTAM,BETA-LACTAM
blaTEM,extended-spectrum class A beta-lactamase TEM-123,BETA-LACTAM,CEPHALOSPORIN
blaTEM,extended-spectrum class A beta-lactamase TEM-124,BETA-LACTAM,CEPHALOSPORIN
blaTEM,inhibitor-resistant extended-spectrum class A beta-lactamase TEM-125,BETA-LACTAM,CEPHALOSPORIN
blaTEM,extended-spectrum class A beta-lactamase TEM-126,BETA-LACTAM,CEPHALOSPORIN
blaTEM,broad-spectrum class A beta-lactamase TEM-127,BETA-LACTAM,BETA-LACTAM
blaTEM,broad-spectrum class A beta-lactamase TEM-128,BETA-LACTAM,BETA-LACTAM
blaTEM,inhibitor-resistant extended-spectrum class A beta-lactamase TEM-129,BETA-LACTAM,CEPHALOSPORIN
blaTEM,extended-spectrum class A beta-lactamase TEM-12,BETA-LACTAM,CEPHALOSPORIN
blaTEM,extended-spectrum class A beta-lactamase TEM-130,BETA-LACTAM,CEPHALOSPORIN
blaTEM,extended-spectrum class A beta-lactamase TEM-131,BETA-LACTAM,CEPHALOSPORIN
blaTEM,extended-spectrum class A beta-lactamase TEM-132,BETA-LACTAM,CEPHALOSPORIN
blaTEM,extended-spectrum class A beta-lactamase TEM-133,BETA-LACTAM,CEPHALOSPORIN
blaTEM,extended-spectrum class A beta-lactamase TEM-134,BETA-LACTAM,CEPHALOSPORIN
blaTEM,broad-spectrum class A beta-lactamase TEM-135,BETA-LACTAM,BETA-LACTAM
blaTEM,extended-spectrum class A beta-lactamase TEM-136,BETA-LACTAM,CEPHALOSPORIN
blaTEM,extended-spectrum class A beta-lactamase TEM-137,BETA-LACTAM,CEPHALOSPORIN
blaTEM,extended-spectrum class A beta-lactamase TEM-138,BETA-LACTAM,CEPHALOSPORIN
blaTEM,extended-spectrum class A beta-lactamase TEM-139,BETA-LACTAM,CEPHALOSPORIN
blaTEM,broad-spectrum class A beta-lactamase TEM-141,BETA-LACTAM,BETA-LACTAM
blaTEM,extended-spectrum class A beta-lactamase TEM-142,BETA-LACTAM,CEPHALOSPORIN
blaTEM,extended-spectrum class A beta-lactamase TEM-143,BETA-LACTAM,CEPHALOSPORIN
blaTEM,extended-spectrum class A beta-lactamase TEM-144,BETA-LACTAM,CEPHALOSPORIN
blaTEM,inhibitor-resistant broad-spectrum class A beta-lactamase TEM-145,BETA-LACTAM,BETA-LACTAM
blaTEM,class A beta-lactamase TEM-146,BETA-LACTAM,BETA-LACTAM
blaTEM,extended-spectrum class A beta-lactamase TEM-147,BETA-LACTAM,CEPHALOSPORIN
blaTEM,class A beta-lactamase TEM-148,BETA-LACTAM,BETA-LACTAM
blaTEM,extended-spectrum class A beta-lactamase TEM-149,BETA-LACTAM,CEPHALOSPORIN
blaTEM,class A beta-lactamase TEM-150,BETA-LACTAM,BETA-LACTAM
blaTEM,inhibitor-resistant extended-spectrum class A beta-lactamase TEM-151,BETA-LACTAM,CEPHALOSPORIN
blaTEM,inhibitor-resistant extended-spectrum class A beta-lactamase TEM-152,BETA-LACTAM,CEPHALOSPORIN
blaTEM,extended-spectrum class A beta-lactamase TEM-153,BETA-LACTAM,CEPHALOSPORIN
blaTEM,inhibitor-resistant extended-spectrum class A beta-lactamase TEM-154,BETA-LACTAM,CEPHALOSPORIN
blaTEM,extended-spectrum class A beta-lactamase TEM-155,BETA-LACTAM,CEPHALOSPORIN
blaTEM,class A beta-lactamase TEM-156,BETA-LACTAM,BETA-LACTAM
blaTEM,extended-spectrum class A beta-lactamase TEM-157,BETA-LACTAM,CEPHALOSPORIN
blaTEM,inhibitor-resistant extended-spectrum class A beta-lactamase TEM-158,BETA-LACTAM,CEPHALOSPORIN
blaTEM,inhibitor-resistant broad-spectrum class A beta-lactamase TEM-159,BETA-LACTAM,BETA-LACTAM
blaTEM,extended-spectrum class A beta-lactamase TEM-15,BETA-LACTAM,CEPHALOSPORIN
blaTEM,inhibitor-resistant broad-spectrum class A beta-lactamase TEM-160,BETA-LACTAM,BETA-LACTAM
blaTEM,class A beta-lactamase TEM-162,BETA-LACTAM,BETA-LACTAM
blaTEM,broad-spectrum class A beta-lactamase TEM-163,BETA-LACTAM,BETA-LACTAM
blaTEM,extended-spectrum class A beta-lactamase TEM-164,BETA-LACTAM,CEPHALOSPORIN
blaTEM,class A beta-lactamase TEM-166,BETA-LACTAM,BETA-LACTAM
blaTEM,extended-spectrum class A beta-lactamase TEM-167,BETA-LACTAM,CEPHALOSPORIN
blaTEM,extended-spectrum class A beta-lactamase TEM-168,BETA-LACTAM,CEPHALOSPORIN
blaTEM,extended-spectrum class A beta-lactamase TEM-169,BETA-LACTAM,CEPHALOSPORIN
blaTEM,extended-spectrum class A beta-lactamase TEM-16,BETA-LACTAM,CEPHALOSPORIN
blaTEM,class A beta-lactamase TEM-171,BETA-LACTAM,BETA-LACTAM
blaTEM,class A beta-lactamase TEM-176,BETA-LACTAM,BETA-LACTAM
blaTEM,extended-spectrum class A beta-lactamase TEM-177,BETA-LACTAM,CEPHALOSPORIN
blaTEM,inhibitor-resistant extended-spectrum class A beta-lactamase TEM-178,BETA-LACTAM,CEPHALOSPORIN
blaTEM,extended-spectrum class A beta-lactamase TEM-17,BETA-LACTAM,CEPHALOSPORIN
blaTEM,class A beta-lactamase TEM-181,BETA-LACTAM,BETA-LACTAM
blaTEM,inhibitor-resistant broad-spectrum class A beta-lactamase TEM-182,BETA-LACTAM,BETA-LACTAM
blaTEM,broad-spectrum class A beta-lactamase TEM-183,BETA-LACTAM,BETA-LACTAM
blaTEM,extended-spectrum class A beta-lactamase TEM-184,BETA-LACTAM,CEPHALOSPORIN
blaTEM,inhibitor-resistant broad-spectrum class A beta-lactamase TEM-185,BETA-LACTAM,BETA-LACTAM
blaTEM,broad-spectrum class A beta-lactamase TEM-186,BETA-LACTAM,BETA-LACTAM
blaTEM,extended-spectrum class A beta-lactamase TEM-187,BETA-LACTAM,CEPHALOSPORIN
blaTEM,extended-spectrum class A beta-lactamase TEM-188,BETA-LACTAM,CEPHALOSPORIN
blaTEM,class A beta-lactamase TEM-189,BETA-LACTAM,BETA-LACTAM
blaTEM,class A beta-lactamase TEM-190,BETA-LACTAM,BETA-LACTAM
blaTEM,extended-spectrum class A beta-lactamase TEM-191,BETA-LACTAM,CEPHALOSPORIN
blaTEM,class A beta-lactamase TEM-193,BETA-LACTAM,BETA-LACTAM
blaTEM,class A beta-lactamase TEM-194,BETA-LACTAM,BETA-LACTAM
blaTEM,class A beta-lactamase TEM-195,BETA-LACTAM,BETA-LACTAM
blaTEM,class A beta-lactamase TEM-196,BETA-LACTAM,BETA-LACTAM
blaTEM,extended-spectrum class A beta-lactamase TEM-197,BETA-LACTAM,CEPHALOSPORIN
blaTEM,class A beta-lactamase TEM-198,BETA-LACTAM,BETA-LACTAM
blaTEM,extended-spectrum class A beta-lactamase TEM-19,BETA-LACTAM,CEPHALOSPORIN
blaTEM,broad-spectrum class A beta-lactamase TEM-1,BETA-LACTAM,BETA-LACTAM
blaTEM,class A beta-lactamase TEM-201,BETA-LACTAM,BETA-LACTAM
blaTEM,class A beta-lactamase TEM-205,BETA-LACTAM,BETA-LACTAM
blaTEM,broad-spectrum class A beta-lactamase TEM-206,BETA-LACTAM,BETA-LACTAM
blaTEM,extended-spectrum class A beta-lactamase TEM-207,BETA-LACTAM,CEPHALOSPORIN
blaTEM,class A beta-lactamase TEM-208,BETA-LACTAM,BETA-LACTAM
blaTEM,class A beta-lactamase TEM-209,BETA-LACTAM,BETA-LACTAM
blaTEM,extended-spectrum class A beta-lactamase TEM-20,BETA-LACTAM,CEPHALOSPORIN
blaTEM,class A beta-lactamase TEM-210,BETA-LACTAM,BETA-LACTAM
blaTEM,extended-spectrum class A beta-lactamase TEM-211,BETA-LACTAM,CEPHALOSPORIN
blaTEM,class A beta-lactamase TEM-212,BETA-LACTAM,BETA-LACTAM
blaTEM,class A beta-lactamase TEM-213,BETA-LACTAM,BETA-LACTAM
blaTEM,class A beta-lactamase TEM-214,BETA-LACTAM,BETA-LACTAM
blaTEM,class A beta-lactamase TEM-215,BETA-LACTAM,BETA-LACTAM
blaTEM,class A beta-lactamase TEM-216,BETA-LACTAM,BETA-LACTAM
blaTEM,class A beta-lactamase TEM-217,BETA-LACTAM,BETA-LACTAM
blaTEM,class A beta-lactamase TEM-219,BETA-LACTAM,BETA-LACTAM
blaTEM,extended-spectrum class A beta-lactamase TEM-21,BETA-LACTAM,CEPHALOSPORIN
blaTEM,class A beta-lactamase TEM-220,BETA-LACTAM,BETA-LACTAM
blaTEM,class A beta-lactamase TEM-224,BETA-LACTAM,BETA-LACTAM
blaTEM,class A beta-lactamase TEM-225,BETA-LACTAM,BETA-LACTAM
blaTEM,class A beta-lactamase TEM-226,BETA-LACTAM,BETA-LACTAM
blaTEM,class A beta-lactamase TEM-227,BETA-LACTAM,BETA-LACTAM
blaTEM,class A beta-lactamase TEM-228,BETA-LACTAM,BETA-LACTAM
blaTEM,class A beta-lactamase TEM-229,BETA-LACTAM,BETA-LACTAM
blaTEM,extended-spectrum class A beta-lactamase TEM-22,BETA-LACTAM,CEPHALOSPORIN
blaTEM,extended-spectrum class A beta-lactamase TEM-230,BETA-LACTAM,CEPHALOSPORIN
blaTEM,class A beta-lactamase TEM-231,BETA-LACTAM,BETA-LACTAM
blaTEM,class A beta-lactamase TEM-232,BETA-LACTAM,BETA-LACTAM
blaTEM,class A beta-lactamase TEM-233,BETA-LACTAM,BETA-LACTAM
blaTEM,class A beta-lactamase TEM-234,BETA-LACTAM,BETA-LACTAM
blaTEM,class A beta-lactamase TEM-235,BETA-LACTAM,BETA-LACTAM
blaTEM,extended-spectrum class A beta-lactamase TEM-236,BETA-LACTAM,BETA-LACTAM
blaTEM,class A beta-lactamase TEM-237,BETA-LACTAM,BETA-LACTAM
blaTEM,class A beta-lactamase TEM-238,BETA-LACTAM,BETA-LACTAM
blaTEM,class A beta-lactamase TEM-239,BETA-LACTAM,BETA-LACTAM
blaTEM,class A beta-lactamase TEM-240,BETA-LACTAM,BETA-LACTAM
blaTEM,class A beta-lactamase TEM-241,BETA-LACTAM,BETA-LACTAM
blaTEM,class A beta-lactamase TEM-242,BETA-LACTAM,BETA-LACTAM
blaTEM,class A beta-lactamase TEM-243,BETA-LACTAM,BETA-LACTAM
blaTEM,class A beta-lactamase TEM-244,BETA-LACTAM,BETA-LACTAM
blaTEM,class A beta-lactamase TEM-245,BETA-LACTAM,BETA-LACTAM
blaTEM,class A beta-lactamase TEM-246,BETA-LACTAM,BETA-LACTAM
blaTEM,class A beta-lactamase TEM-247,BETA-LACTAM,BETA-LACTAM
blaTEM,class A beta-lactamase TEM-248,BETA-LACTAM,BETA-LACTAM
blaTEM,class A beta-lactamase TEM-249,BETA-LACTAM,BETA-LACTAM
blaTEM,extended-spectrum class A beta-lactamase TEM-24,BETA-LACTAM,CEPHALOSPORIN
blaTEM,class A beta-lactamase TEM-250,BETA-LACTAM,BETA-LACTAM
blaTEM,class A beta-lactamase TEM-251,BETA-LACTAM,BETA-LACTAM
blaTEM,class A beta-lactamase TEM-252,BETA-LACTAM,BETA-LACTAM
blaTEM,class A beta-lactamase TEM-253,BETA-LACTAM,BETA-LACTAM
blaTEM,class A beta-lactamase TEM-254,BETA-LACTAM,BETA-LACTAM
blaTEM,class A beta-lactamase TEM-255,BETA-LACTAM,BETA-LACTAM
blaTEM,class A beta-lactamase TEM-256,BETA-LACTAM,BETA-LACTAM
blaTEM,class A beta-lactamase TEM-257,BETA-LACTAM,BETA-LACTAM
blaTEM,class A beta-lactamase TEM-258,BETA-LACTAM,BETA-LACTAM
blaTEM,class A beta-lactamase TEM-259,BETA-LACTAM,BETA-LACTAM
blaTEM,class A beta-lactamase TEM-260,BETA-LACTAM,BETA-LACTAM
blaTEM,class A beta-lactamase TEM-261,BETA-LACTAM,BETA-LACTAM
blaTEM,class A beta-lactamase TEM-262,BETA-LACTAM,BETA-LACTAM
blaTEM,inhibitor-resistant broad-spectrum class A beta-lactamase TEM-263,BETA-LACTAM,BETA-LACTAM
blaTEM,class A beta-lactamase TEM-264,BETA-LACTAM,BETA-LACTAM
blaTEM,extended-spectrum class A beta-lactamase TEM-26,BETA-LACTAM,CEPHALOSPORIN
blaTEM,extended-spectrum class A beta-lactamase TEM-28,BETA-LACTAM,CEPHALOSPORIN
blaTEM,extended-spectrum class A beta-lactamase TEM-29,BETA-LACTAM,CEPHALOSPORIN
blaTEM,broad-spectrum class A beta-lactamase TEM-2,BETA-LACTAM,BETA-LACTAM
blaTEM,inhibitor-resistant broad-spectrum class A beta-lactamase TEM-30,BETA-LACTAM,BETA-LACTAM
blaTEM,inhibitor-resistant broad-spectrum class A beta-lactamase TEM-31,BETA-LACTAM,BETA-LACTAM
blaTEM,inhibitor-resistant broad-spectrum class A beta-lactamase TEM-32,BETA-LACTAM,BETA-LACTAM
blaTEM,inhibitor-resistant broad-spectrum class A beta-lactamase TEM-33,BETA-LACTAM,BETA-LACTAM
blaTEM,inhibitor-resistant broad-spectrum class A beta-lactamase TEM-34,BETA-LACTAM,BETA-LACTAM
blaTEM,inhibitor-resistant broad-spectrum class A beta-lactamase TEM-35,BETA-LACTAM,BETA-LACTAM
blaTEM,inhibitor-resistant broad-spectrum class A beta-lactamase TEM-36,BETA-LACTAM,BETA-LACTAM
blaTEM,inhibitor-resistant broad-spectrum class A beta-lactamase TEM-37,BETA-LACTAM,BETA-LACTAM
blaTEM,inhibitor-resistant broad-spectrum class A beta-lactamase TEM-39,BETA-LACTAM,BETA-LACTAM
blaTEM,extended-spectrum class A beta-lactamase TEM-3,BETA-LACTAM,CEPHALOSPORIN
blaTEM,inhibitor-resistant broad-spectrum class A beta-lactamase TEM-40,BETA-LACTAM,BETA-LACTAM
blaTEM,extended-spectrum class A beta-lactamase TEM-43,BETA-LACTAM,CEPHALOSPORIN
blaTEM,inhibitor-resistant broad-spectrum class A beta-lactamase TEM-45,BETA-LACTAM,BETA-LACTAM
blaTEM,extended-spectrum class A beta-lactamase TEM-47,BETA-LACTAM,CEPHALOSPORIN
blaTEM,extended-spectrum class A beta-lactamase TEM-48,BETA-LACTAM,CEPHALOSPORIN
blaTEM,extended-spectrum class A beta-lactamase TEM-49,BETA-LACTAM,CEPHALOSPORIN
blaTEM,extended-spectrum class A beta-lactamase TEM-4,BETA-LACTAM,CEPHALOSPORIN
blaTEM,extended-spectrum class A beta-lactamase TEM-52,BETA-LACTAM,CEPHALOSPORIN
blaTEM,extended-spectrum class A beta-lactamase TEM-53,BETA-LACTAM,CEPHALOSPORIN
blaTEM,inhibitor-resistant broad-spectrum class A beta-lactamase TEM-54,BETA-LACTAM,BETA-LACTAM
blaTEM,broad-spectrum class A beta-lactamase TEM-55,BETA-LACTAM,BETA-LACTAM
blaTEM,broad-spectrum class A beta-lactamase TEM-57,BETA-LACTAM,BETA-LACTAM
blaTEM,extended-spectrum class A beta-lactamase TEM-5,BETA-LACTAM,CEPHALOSPORIN
blaTEM,extended-spectrum class A beta-lactamase TEM-60,BETA-LACTAM,CEPHALOSPORIN
blaTEM,extended-spectrum class A beta-lactamase TEM-61,BETA-LACTAM,CEPHALOSPORIN
blaTEM,extended-spectrum class A beta-lactamase TEM-63,BETA-LACTAM,CEPHALOSPORIN
blaTEM,inhibitor-resistant broad-spectrum class A beta-lactamase TEM-67,BETA-LACTAM,BETA-LACTAM
blaTEM,inhibitor-resistant extended-spectrum class A beta-lactamase TEM-68,BETA-LACTAM,CEPHALOSPORIN
blaTEM,extended-spectrum class A beta-lactamase TEM-6,BETA-LACTAM,CEPHALOSPORIN
blaTEM,class A beta-lactamase TEM-70,BETA-LACTAM,BETA-LACTAM
blaTEM,extended-spectrum class A beta-lactamase TEM-71,BETA-LACTAM,CEPHALOSPORIN
blaTEM,extended-spectrum class A beta-lactamase TEM-72,BETA-LACTAM,CEPHALOSPORIN
blaTEM,inhibitor-resistant broad-spectrum class A beta-lactamase TEM-76,BETA-LACTAM,BETA-LACTAM
blaTEM,inhibitor-resistant broad-spectrum class A beta-lactamase TEM-77,BETA-LACTAM,BETA-LACTAM
blaTEM,inhibitor-resistant broad-spectrum class A beta-lactamase TEM-78,BETA-LACTAM,BETA-LACTAM
blaTEM,inhibitor-resistant broad-spectrum class A beta-lactamase TEM-79,BETA-LACTAM,BETA-LACTAM
blaTEM,extended-spectrum class A beta-lactamase TEM-7,BETA-LACTAM,CEPHALOSPORIN
blaTEM,inhibitor-resistant broad-spectrum class A beta-lactamase TEM-80,BETA-LACTAM,BETA-LACTAM
blaTEM,inhibitor-resistant broad-spectrum class A beta-lactamase TEM-81,BETA-LACTAM,BETA-LACTAM
blaTEM,inhibitor-resistant broad-spectrum class A beta-lactamase TEM-82,BETA-LACTAM,BETA-LACTAM
blaTEM,inhibitor-resistant broad-spectrum class A beta-lactamase TEM-83,BETA-LACTAM,BETA-LACTAM
blaTEM,inhibitor-resistant broad-spectrum class A beta-lactamase TEM-84,BETA-LACTAM,BETA-LACTAM
blaTEM,extended-spectrum class A beta-lactamase TEM-85,BETA-LACTAM,CEPHALOSPORIN
blaTEM,extended-spectrum class A beta-lactamase TEM-86,BETA-LACTAM,CEPHALOSPORIN
blaTEM,extended-spectrum class A beta-lactamase TEM-87,BETA-LACTAM,CEPHALOSPORIN
blaTEM,extended-spectrum class A beta-lactamase TEM-88,BETA-LACTAM,CEPHALOSPORIN
blaTEM,extended-spectrum class A beta-lactamase TEM-8,BETA-LACTAM,CEPHALOSPORIN
blaTEM,broad-spectrum class A beta-lactamase TEM-90,BETA-LACTAM,BETA-LACTAM
blaTEM,extended-spectrum class A beta-lactamase TEM-91,BETA-LACTAM,CEPHALOSPORIN
blaTEM,extended-spectrum class A beta-lactamase TEM-92,BETA-LACTAM,CEPHALOSPORIN
blaTEM,extended-spectrum class A beta-lactamase TEM-93,BETA-LACTAM,CEPHALOSPORIN
blaTEM,extended-spectrum class A beta-lactamase TEM-94,BETA-LACTAM,CEPHALOSPORIN
blaTEM,broad-spectrum class A beta-lactamase TEM-95,BETA-LACTAM,BETA-LACTAM
blaTEM,class A beta-lactamase TEM-96,BETA-LACTAM,BETA-LACTAM
blaTEM,class A beta-lactamase TEM-97,BETA-LACTAM,BETA-LACTAM
blaTEM,class A beta-lactamase TEM-98,BETA-LACTAM,BETA-LACTAM
blaTEM,class A beta-lactamase TEM-99,BETA-LACTAM,BETA-LACTAM
blaTEM,extended-spectrum class A beta-lactamase TEM-9,BETA-LACTAM,CEPHALOSPORIN
blaTEM,blaTEM promoter region,BETA-LACTAM,AMOXICILLIN-CLAVULANIC ACID/PIPERACILLIN-TAZOBACTAM/TICARCILLIN-CLAVULANIC ACID
blaTEM,blaTEM promoter region,BETA-LACTAM,AMOXICILLIN-CLAVULANIC ACID/PIPERACILLIN-TAZOBACTAM/TICARCILLIN-CLAVULANIC ACID
blaTEM,blaTEM promoter region,BETA-LACTAM,AMOXICILLIN-CLAVULANIC ACID/PIPERACILLIN-TAZOBACTAM/TICARCILLIN-CLAVULANIC ACID
blaTER,class A beta-lactamase TER-1,BETA-LACTAM,BETA-LACTAM
blaTER,class A beta-lactamase TER-2,BETA-LACTAM,BETA-LACTAM
blaTLA,extended-spectrum class A beta-lactamase TLA-1,BETA-LACTAM,CEPHALOSPORIN
tla2,extended-spectrum class A beta-lactamase TLA-2,BETA-LACTAM,CEPHALOSPORIN
blaTLA,extended-spectrum class A beta-lactamase TLA-3,BETA-LACTAM,CEPHALOSPORIN
blaTMB,subclass B1 metallo-beta-lactamase TMB-1,BETA-LACTAM,CARBAPENEM
blaTMB,subclass B1 metallo-beta-lactamase TMB-2,BETA-LACTAM,CARBAPENEM
blaTRU,class C beta-lactamase TRU-1,BETA-LACTAM,CEPHALOSPORIN
blaTTU,subclass B1 metallo-beta-lactamase TTU-1,BETA-LACTAM,CARBAPENEM
blaTUS,subclass B1 metallo-beta-lactamase TUS-1,BETA-LACTAM,CARBAPENEM
blaVAM,subclass B1 metallo-beta-lactamase VAM-1,BETA-LACTAM,CARBAPENEM
blaVCC,carbapenem-hydrolyzing class A beta-lactamase VCC-1,BETA-LACTAM,CARBAPENEM
blaVEB,extended-spectrum class A beta-lactamase VEB-10,BETA-LACTAM,CEPHALOSPORIN
blaVEB,extended-spectrum class A beta-lactamase VEB-11,BETA-LACTAM,CEPHALOSPORIN
blaVEB,extended-spectrum class A beta-lactamase VEB-12,BETA-LACTAM,CEPHALOSPORIN
blaVEB,extended-spectrum class A beta-lactamase VEB-13,BETA-LACTAM,CEPHALOSPORIN
blaVEB,inhibitor-resistant extended-spectrum class A beta-lactamase VEB-14,BETA-LACTAM,CEPHALOSPORIN
blaVEB,extended-spectrum class A beta-lactamase VEB-15,BETA-LACTAM,CEPHALOSPORIN
blaVEB,extended-spectrum class A beta-lactamase VEB-16,BETA-LACTAM,CEPHALOSPORIN
blaVEB,extended-spectrum class A beta-lactamase VEB-17,BETA-LACTAM,CEPHALOSPORIN
blaVEB,extended-spectrum class A beta-lactamase VEB-18,BETA-LACTAM,CEPHALOSPORIN
blaVEB,extended-spectrum class A beta-lactamase VEB-19,BETA-LACTAM,CEPHALOSPORIN
blaVEB,inhibitor-resistant extended-spectrum class A beta-lactamase VEB-1,BETA-LACTAM,CEPHALOSPORIN
blaVEB,inhibitor-resistant extended-spectrum class A beta-lactamase VEB-20,BETA-LACTAM,CEPHALOSPORIN
blaVEB,extended-spectrum class A beta-lactamase VEB-21,BETA-LACTAM,CEPHALOSPORIN
blaVEB,extended-spectrum class A beta-lactamase VEB-22,BETA-LACTAM,CEPHALOSPORIN
blaVEB,extended-spectrum class A beta-lactamase VEB-23,BETA-LACTAM,CEPHALOSPORIN
blaVEB,inhibitor-resistant extended-spectrum class A beta-lactamase VEB-24,BETA-LACTAM,CEPHALOSPORIN
blaVEB,inhibitor-resistant extended-spectrum class A beta-lactamase VEB-25,BETA-LACTAM,CEPHALOSPORIN
blaVEB,extended-spectrum class A beta-lactamase VEB-26,BETA-LACTAM,CEPHALOSPORIN
blaVEB,inhibitor-resistant extended-spectrum class A beta-lactamase VEB-27,BETA-LACTAM,CEPHALOSPORIN
blaVEB,extended-spectrum class A beta-lactamase VEB-28,BETA-LACTAM,CEPHALOSPORIN
blaVEB,extended-spectrum class A beta-lactamase VEB-29,BETA-LACTAM,CEPHALOSPORIN
blaVEB,extended-spectrum class A beta-lactamase VEB-2,BETA-LACTAM,CEPHALOSPORIN
blaVEB,extended-spectrum class A beta-lactamase VEB-30,BETA-LACTAM,CEPHALOSPORIN
blaVEB,extended-spectrum class A beta-lactamase VEB-31,BETA-LACTAM,CEPHALOSPORIN
blaVEB,extended-spectrum class A beta-lactamase VEB-32,BETA-LACTAM,CEPHALOSPORIN
blaVEB,extended-spectrum class A beta-lactamase VEB-33,BETA-LACTAM,CEPHALOSPORIN
blaVEB,extended-spectrum class A beta-lactamase VEB-34,BETA-LACTAM,CEPHALOSPORIN
blaVEB,extended-spectrum class A beta-lactamase VEB-35,BETA-LACTAM,CEPHALOSPORIN
blaVEB,extended-spectrum class A beta-lactamase VEB-36,BETA-LACTAM,CEPHALOSPORIN
blaVEB,extended-spectrum class A beta-lactamase VEB-37,BETA-LACTAM,CEPHALOSPORIN
blaVEB,extended-spectrum class A beta-lactamase VEB-38,BETA-LACTAM,CEPHALOSPORIN
blaVEB,extended-spectrum class A beta-lactamase VEB-39,BETA-LACTAM,CEPHALOSPORIN
blaVEB,extended-spectrum class A beta-lactamase VEB-3,BETA-LACTAM,CEPHALOSPORIN
blaVEB,extended-spectrum class A beta-lactamase VEB-40,BETA-LACTAM,CEPHALOSPORIN
blaVEB,extended-spectrum class A beta-lactamase VEB-4,BETA-LACTAM,CEPHALOSPORIN
blaVEB,extended-spectrum class A beta-lactamase VEB-5,BETA-LACTAM,CEPHALOSPORIN
blaVEB,extended-spectrum class A beta-lactamase VEB-6,BETA-LACTAM,CEPHALOSPORIN
blaVEB,extended-spectrum class A beta-lactamase VEB-7,BETA-LACTAM,CEPHALOSPORIN
blaVEB,extended-spectrum class A beta-lactamase VEB-8,BETA-LACTAM,CEPHALOSPORIN
blaVEB,inhibitor-resistant extended-spectrum class A beta-lactamase VEB-9,BETA-LACTAM,CEPHALOSPORIN/TANIBORBACTAM
blaVHH,carbenicillin-hydrolyzing class A beta-lactamase VHH-1,BETA-LACTAM,BETA-LACTAM
blaVHW,carbenicillin-hydrolyzing class A beta-lactamase VHW-1,BETA-LACTAM,BETA-LACTAM
blaVIM,subclass B1 metallo-beta-lactamase VIM-10,BETA-LACTAM,CARBAPENEM
blaVIM,subclass B1 metallo-beta-lactamase VIM-11,BETA-LACTAM,CARBAPENEM
blaVIM,subclass B1 metallo-beta-lactamase VIM-12,BETA-LACTAM,CARBAPENEM
blaVIM,subclass B1 metallo-beta-lactamase VIM-13,BETA-LACTAM,CARBAPENEM
blaVIM,subclass B1 metallo-beta-lactamase VIM-14,BETA-LACTAM,CARBAPENEM
blaVIM,subclass B1 metallo-beta-lactamase VIM-15,BETA-LACTAM,CARBAPENEM
blaVIM,subclass B1 metallo-beta-lactamase VIM-16,BETA-LACTAM,CARBAPENEM
blaVIM,subclass B1 metallo-beta-lactamase VIM-17,BETA-LACTAM,CARBAPENEM
blaVIM,subclass B1 metallo-beta-lactamase VIM-18,BETA-LACTAM,CARBAPENEM/CEFEPIME-TANIBORBACTAM
blaVIM,subclass B1 metallo-beta-lactamase VIM-19,BETA-LACTAM,CARBAPENEM
blaVIM,subclass B1 metallo-beta-lactamase VIM-1,BETA-LACTAM,CARBAPENEM
blaVIM,subclass B1 metallo-beta-lactamase VIM-20,BETA-LACTAM,CARBAPENEM
blaVIM,subclass B1 metallo-beta-lactamase VIM-23,BETA-LACTAM,CARBAPENEM
blaVIM,subclass B1 metallo-beta-lactamase VIM-24,BETA-LACTAM,CARBAPENEM
blaVIM,subclass B1 metallo-beta-lactamase VIM-25,BETA-LACTAM,CARBAPENEM
blaVIM,subclass B1 metallo-beta-lactamase VIM-26,BETA-LACTAM,CARBAPENEM
blaVIM,subclass B1 metallo-beta-lactamase VIM-27,BETA-LACTAM,CARBAPENEM
blaVIM,subclass B1 metallo-beta-lactamase VIM-28,BETA-LACTAM,CARBAPENEM
blaVIM,subclass B1 metallo-beta-lactamase VIM-29,BETA-LACTAM,CARBAPENEM
blaVIM,subclass B1 metallo-beta-lactamase VIM-2,BETA-LACTAM,CARBAPENEM
blaVIM,subclass B1 metallo-beta-lactamase VIM-30,BETA-LACTAM,CARBAPENEM
blaVIM,subclass B1 metallo-beta-lactamase VIM-31,BETA-LACTAM,CARBAPENEM
blaVIM,subclass B1 metallo-beta-lactamase VIM-32,BETA-LACTAM,CARBAPENEM
blaVIM,subclass B1 metallo-beta-lactamase VIM-33,BETA-LACTAM,CARBAPENEM
blaVIM,subclass B1 metallo-beta-lactamase VIM-34,BETA-LACTAM,CARBAPENEM
blaVIM,subclass B1 metallo-beta-lactamase VIM-35,BETA-LACTAM,CARBAPENEM
blaVIM,subclass B1 metallo-beta-lactamase VIM-36,BETA-LACTAM,CARBAPENEM
blaVIM,subclass B1 metallo-beta-lactamase VIM-37,BETA-LACTAM,CARBAPENEM
blaVIM,subclass B1 metallo-beta-lactamase VIM-38,BETA-LACTAM,CARBAPENEM
blaVIM,subclass B1 metallo-beta-lactamase VIM-39,BETA-LACTAM,CARBAPENEM
blaVIM,subclass B1 metallo-beta-lactamase VIM-3,BETA-LACTAM,CARBAPENEM
blaVIM,subclass B1 metallo-beta-lactamase VIM-40,BETA-LACTAM,CARBAPENEM
blaVIM,subclass B1 metallo-beta-lactamase VIM-41,BETA-LACTAM,CARBAPENEM
blaVIM,subclass B1 metallo-beta-lactamase VIM-42,BETA-LACTAM,CARBAPENEM
blaVIM,subclass B1 metallo-beta-lactamase VIM-43,BETA-LACTAM,CARBAPENEM
blaVIM,subclass B1 metallo-beta-lactamase VIM-44,BETA-LACTAM,CARBAPENEM
blaVIM,subclass B1 metallo-beta-lactamase VIM-45,BETA-LACTAM,CARBAPENEM
blaVIM,subclass B1 metallo-beta-lactamase VIM-46,BETA-LACTAM,CARBAPENEM
blaVIM,subclass B1 metallo-beta-lactamase VIM-47,BETA-LACTAM,CARBAPENEM
blaVIM,subclass B1 metallo-beta-lactamase VIM-48,BETA-LACTAM,CARBAPENEM
blaVIM,subclass B1 metallo-beta-lactamase VIM-49,BETA-LACTAM,CARBAPENEM
blaVIM,subclass B1 metallo-beta-lactamase VIM-4,BETA-LACTAM,CARBAPENEM
blaVIM,subclass B1 metallo-beta-lactamase VIM-50,BETA-LACTAM,CARBAPENEM
blaVIM,subclass B1 metallo-beta-lactamase VIM-51,BETA-LACTAM,CARBAPENEM
blaVIM,subclass B1 metallo-beta-lactamase VIM-52,BETA-LACTAM,CARBAPENEM
blaVIM,subclass B1 metallo-beta-lactamase VIM-53,BETA-LACTAM,CARBAPENEM
blaVIM,subclass B1 metallo-beta-lactamase VIM-54,BETA-LACTAM,CARBAPENEM
blaVIM,subclass B1 metallo-beta-lactamase VIM-55,BETA-LACTAM,CARBAPENEM
blaVIM,subclass B1 metallo-beta-lactamase VIM-56,BETA-LACTAM,CARBAPENEM
blaVIM,subclass B1 metallo-beta-lactamase VIM-57,BETA-LACTAM,CARBAPENEM
blaVIM,subclass B1 metallo-beta-lactamase VIM-58,BETA-LACTAM,CARBAPENEM
blaVIM,subclass B1 metallo-beta-lactamase VIM-59,BETA-LACTAM,CARBAPENEM
blaVIM,subclass B1 metallo-beta-lactamase VIM-5,BETA-LACTAM,CARBAPENEM
blaVIM,subclass B1 metallo-beta-lactamase VIM-60,BETA-LACTAM,CARBAPENEM
blaVIM,subclass B1 metallo-beta-lactamase VIM-61,BETA-LACTAM,CARBAPENEM
blaVIM,subclass B1 metallo-beta-lactamase VIM-62,BETA-LACTAM,CARBAPENEM
blaVIM,subclass B1 metallo-beta-lactamase VIM-63,BETA-LACTAM,CARBAPENEM
blaVIM,subclass B1 metallo-beta-lactamase VIM-64,BETA-LACTAM,CARBAPENEM
blaVIM,subclass B1 metallo-beta-lactamase VIM-65,BETA-LACTAM,CARBAPENEM
blaVIM,subclass B1 metallo-beta-lactamase VIM-66,BETA-LACTAM,CARBAPENEM
blaVIM,subclass B1 metallo-beta-lactamase VIM-67,BETA-LACTAM,CARBAPENEM
blaVIM,subclass B1 metallo-beta-lactamase VIM-68,BETA-LACTAM,CARBAPENEM
blaVIM,subclass B1 metallo-beta-lactamase VIM-69,BETA-LACTAM,CARBAPENEM
blaVIM,subclass B1 metallo-beta-lactamase VIM-6,BETA-LACTAM,CARBAPENEM
blaVIM,subclass B1 metallo-beta-lactamase VIM-70,BETA-LACTAM,CARBAPENEM
blaVIM,subclass B1 metallo-beta-lactamase VIM-71,BETA-LACTAM,CARBAPENEM
blaVIM,subclass B1 metallo-beta-lactamase VIM-72,BETA-LACTAM,CARBAPENEM
blaVIM,subclass B1 metallo-beta-lactamase VIM-73,BETA-LACTAM,CARBAPENEM
blaVIM,subclass B1 metallo-beta-lactamase VIM-74,BETA-LACTAM,CARBAPENEM
blaVIM,subclass B1 metallo-beta-lactamase VIM-75,BETA-LACTAM,CARBAPENEM
blaVIM,subclass B1 metallo-beta-lactamase VIM-76,BETA-LACTAM,CARBAPENEM
blaVIM,subclass B1 metallo-beta-lactamase VIM-77,BETA-LACTAM,CARBAPENEM
blaVIM,subclass B1 metallo-beta-lactamase VIM-78,BETA-LACTAM,CARBAPENEM
blaVIM,subclass B1 metallo-beta-lactamase VIM-79,BETA-LACTAM,CARBAPENEM
blaVIM,subclass B1 metallo-beta-lactamase VIM-7,BETA-LACTAM,CARBAPENEM
blaVIM,subclass B1 metallo-beta-lactamase VIM-80,BETA-LACTAM,CARBAPENEM
blaVIM,subclass B1 metallo-beta-lactamase VIM-81,BETA-LACTAM,CARBAPENEM
blaVIM,subclass B1 metallo-beta-lactamase VIM-82,BETA-LACTAM,CARBAPENEM
blaVIM,taniborbactam-resistant subclass B1 metallo-beta-lactamase VIM-83,BETA-LACTAM,CARBAPENEM/TANIBORBACTAM
blaVIM,subclass B1 metallo-beta-lactamase VIM-84,BETA-LACTAM,CARBAPENEM
blaVIM,subclass B1 metallo-beta-lactamase VIM-85,BETA-LACTAM,CARBAPENEM
blaVIM,subclass B1 metallo-beta-lactamase VIM-86,BETA-LACTAM,CARBAPENEM
blaVIM,subclass B1 metallo-beta-lactamase VIM-87,BETA-LACTAM,CARBAPENEM
blaVIM,subclass B1 metallo-beta-lactamase VIM-88,BETA-LACTAM,CARBAPENEM
blaVIM,subclass B1 metallo-beta-lactamase VIM-89,BETA-LACTAM,CARBAPENEM
blaVIM,subclass B1 metallo-beta-lactamase VIM-8,BETA-LACTAM,CARBAPENEM
blaVIM,subclass B1 metallo-beta-lactamase VIM-90,BETA-LACTAM,CARBAPENEM
blaVIM,subclass B1 metallo-beta-lactamase VIM-91,BETA-LACTAM,CARBAPENEM
blaVIM,subclass B1 metallo-beta-lactamase VIM-92,BETA-LACTAM,CARBAPENEM
blaVIM,subclass B1 metallo-beta-lactamase VIM-93,BETA-LACTAM,CARBAPENEM
blaVIM,subclass B1 metallo-beta-lactamase VIM-94,BETA-LACTAM,CARBAPENEM
blaVIM,subclass B1 metallo-beta-lactamase VIM-95,BETA-LACTAM,CARBAPENEM
blaVIM,subclass B1 metallo-beta-lactamase VIM-9,BETA-LACTAM,CARBAPENEM
blaVMB,subclass B1 metallo-beta-lactamase VMB-1,BETA-LACTAM,CARBAPENEM
blaWUS,subclass B1 metallo-beta-lactamase WUS-1,BETA-LACTAM,CARBAPENEM
blaYEM,subclass B2 metallo-beta-lactamase YEM-1,BETA-LACTAM,CARBAPENEM
blaYOC,class C beta-lactamase YOC-1,BETA-LACTAM,CEPHALOSPORIN
blaYRC,class C beta-lactamase YRC-1,BETA-LACTAM,CEPHALOSPORIN
blaZOG,subclass B1 metallo-beta-lactamase ZOG-1,BETA-LACTAM,CARBAPENEM
bpeR,TetR family transcriptional regulator BpeR,BETA-LACTAM,CARBAPENEM
catB,type B-2 chloramphenicol O-acetyltransferase CatB11,PHENICOL,CHLORAMPHENICOL
catB,type B-3 chloramphenicol O-acetyltransferase CatB6,PHENICOL,CHLORAMPHENICOL
cdiA,class A beta-lactamase CdiA-1,BETA-LACTAM,BETA-LACTAM
cdiA,class A beta-lactamase CdiA-2,BETA-LACTAM,BETA-LACTAM
cdiA,class A beta-lactamase CdiA-3,BETA-LACTAM,BETA-LACTAM
cdsA,phosphatidate cytidylyltransferase CdsA,LIPOPEPTIDE,DAPTOMYCIN
cepA,extended-spectrum class A beta-lactamase CepA-29,BETA-LACTAM,CEPHALOSPORIN
cepA,extended-spectrum class A beta-lactamase CepA-44,BETA-LACTAM,CEPHALOSPORIN
cepA,extended-spectrum class A beta-lactamase CepA-49,BETA-LACTAM,CEPHALOSPORIN
cfiA,subclass B1 metallo-beta-lactamase CfiA10,BETA-LACTAM,CARBAPENEM
cfiA,subclass B1 metallo-beta-lactamase CfiA11,BETA-LACTAM,CARBAPENEM
cfiA,subclass B1 metallo-beta-lactamase CfiA14,BETA-LACTAM,CARBAPENEM
cfiA,subclass B1 metallo-beta-lactamase CfiA17,BETA-LACTAM,CARBAPENEM
cfiA,subclass B1 metallo-beta-lactamase CfiA18,BETA-LACTAM,CARBAPENEM
cfiA,subclass B1 metallo-beta-lactamase CfiA19,BETA-LACTAM,CARBAPENEM
cfiA,subclass B1 metallo-beta-lactamase CfiA21,BETA-LACTAM,CARBAPENEM
cfiA,subclass B1 metallo-beta-lactamase CfiA22,BETA-LACTAM,CARBAPENEM
cfiA,subclass B1 metallo-beta-lactamase CfiA23,BETA-LACTAM,CARBAPENEM
cfiA,subclass B1 metallo-beta-lactamase CfiA24,BETA-LACTAM,CARBAPENEM
cfiA,subclass B1 metallo-beta-lactamase CfiA26,BETA-LACTAM,CARBAPENEM
cfiA,subclass B1 metallo-beta-lactamase CfiA27,BETA-LACTAM,CARBAPENEM
cfiA,subclass B1 metallo-beta-lactamase CfiA28,BETA-LACTAM,CARBAPENEM
cfiA,subclass B1 metallo-beta-lactamase CfiA29,BETA-LACTAM,CARBAPENEM
cfiA,subclass B1 metallo-beta-lactamase CfiA2,BETA-LACTAM,CARBAPENEM
cfiA,subclass B1 metallo-beta-lactamase CfiA30,BETA-LACTAM,CARBAPENEM
cfiA,subclass B1 metallo-beta-lactamase CfiA31,BETA-LACTAM,CARBAPENEM
cfiA,subclass B1 metallo-beta-lactamase CfiA32,BETA-LACTAM,CARBAPENEM
cfiA,subclass B1 metallo-beta-lactamase CfiA33,BETA-LACTAM,CARBAPENEM
cfiA,subclass B1 metallo-beta-lactamase CfiA4,BETA-LACTAM,CARBAPENEM
cfiA,subclass B1 metallo-beta-lactamase CfiA8,BETA-LACTAM,CARBAPENEM
cfiA,subclass B1 metallo-beta-lactamase CfiA9,BETA-LACTAM,CARBAPENEM
cfiA,subclass B1 metallo-beta-lactamase CfiA/CcrA,BETA-LACTAM,CARBAPENEM
cirA,catecholate siderophore receptor CirA,BETA-LACTAM,CEFIDEROCOL
cirA,catecholate siderophore receptor CirA,BETA-LACTAM,CEFIDEROCOL
cirA,catecholate siderophore receptor CirA,BETA-LACTAM,CEFIDEROCOL
cirA,catecholate siderophore receptor CirA,BETA-LACTAM,CEFIDEROCOL
cirA,catecholate siderophore receptor CirA,BETA-LACTAM,CEFIDEROCOL
cirA,catecholate siderophore receptor CirA,BETA-LACTAM,CEFIDEROCOL
cls,cardiolipin synthase Cls,LIPOPEPTIDE,DAPTOMYCIN
cls,cardiolipin synthase Cls,LIPOPEPTIDE,DAPTOMYCIN
cls,cardiolipin synthase Cls,LIPOPEPTIDE,DAPTOMYCIN
cls,cardiolipin synthase Cls,LIPOPEPTIDE,DAPTOMYCIN
cls,cardiolipin synthase Cls,LIPOPEPTIDE,DAPTOMYCIN
cls,cardiolipin synthase Cls,LIPOPEPTIDE,DAPTOMYCIN
cls,cardiolipin synthase Cls,LIPOPEPTIDE,DAPTOMYCIN
cls,cardiolipin synthase Cls,LIPOPEPTIDE,DAPTOMYCIN
cls,cardiolipin synthase Cls,LIPOPEPTIDE,DAPTOMYCIN
cls,cardiolipin synthase Cls,LIPOPEPTIDE,DAPTOMYCIN
cls,cardiolipin synthase Cls,LIPOPEPTIDE,DAPTOMYCIN
cls,cardiolipin synthase Cls,LIPOPEPTIDE,DAPTOMYCIN
cls,cardiolipin synthase Cls,LIPOPEPTIDE,DAPTOMYCIN
cls,cardiolipin synthase Cls,LIPOPEPTIDE,DAPTOMYCIN
cls,cardiolipin synthase Cls,LIPOPEPTIDE,DAPTOMYCIN
cls,cardiolipin synthase Cls,LIPOPEPTIDE,DAPTOMYCIN
cls,cardiolipin synthase Cls,LIPOPEPTIDE,DAPTOMYCIN
cmeR,multidrug efflux system transcriptional regulator CmeR,MACROLIDE,MACROLIDE
cmlA,chloramphenicol efflux MFS transporter CmlA10,PHENICOL,CHLORAMPHENICOL
cmlA,chloramphenicol efflux MFS transporter CmlA6,PHENICOL,CHLORAMPHENICOL
cmlA,chloramphenicol efflux MFS transporter CmlA8,PHENICOL,CHLORAMPHENICOL
cmrA,AraC family transcriptional regulator CmrA,BETA-LACTAM/PHENICOL/QUINOLONE,CHLORAMPHENICOL/IMIPENEM/QUINOLONE
cmrA,AraC family transcriptional regulator CmrA,BETA-LACTAM/PHENICOL/QUINOLONE,CHLORAMPHENICOL/IMIPENEM/QUINOLONE
cmrA,AraC family transcriptional regulator CmrA,BETA-LACTAM/PHENICOL/QUINOLONE,CHLORAMPHENICOL/IMIPENEM/QUINOLONE
cmrA,AraC family transcriptional regulator CmrA,BETA-LACTAM/PHENICOL/QUINOLONE,CHLORAMPHENICOL/IMIPENEM/QUINOLONE
colR,response regulator transcription factor ColR,COLISTIN,COLISTIN
colS,HAMP domain-containing sensor histidine kinase ColS,COLISTIN,COLISTIN
cphA,subclass B2 metallo-beta-lactamase CphA2,BETA-LACTAM,CARBAPENEM
cphA,subclass B2 metallo-beta-lactamase CphA3,BETA-LACTAM,CARBAPENEM
cphA,subclass B2 metallo-beta-lactamase CphA4,BETA-LACTAM,CARBAPENEM
cphA,subclass B2 metallo-beta-lactamase CphA5,BETA-LACTAM,CARBAPENEM
cphA,subclass B2 metallo-beta-lactamase CphA6,BETA-LACTAM,CARBAPENEM
cphA,subclass B2 metallo-beta-lactamase CphA7,BETA-LACTAM,CARBAPENEM
cphA,subclass B2 metallo-beta-lactamase CphA8,BETA-LACTAM,CARBAPENEM
cprS,cationic peptide sensor histidine kinase CprS,COLISTIN,COLISTIN
cpxA,envelope stress sensor histidine kinase CpxA,BETA-LACTAM,CEFTIBUTEN-AVIBACTAM
cpxA,envelope stress sensor histidine kinase CpxA,BETA-LACTAM,CEFTIBUTEN-AVIBACTAM
cpxR,two-component response regulator CpxR,BETA-LACTAM,CARBAPENEM/VABORBACTAM
crrB,HAMP domain-containing histidine kinase CrrB,COLISTIN,COLISTIN
crrB,HAMP domain-containing histidine kinase CrrB,COLISTIN,COLISTIN
crrB,HAMP domain-containing histidine kinase CrrB,COLISTIN,COLISTIN
crrB,HAMP domain-containing histidine kinase CrrB,COLISTIN,COLISTIN
crrB,HAMP domain-containing histidine kinase CrrB,COLISTIN,COLISTIN
crrB,HAMP domain-containing histidine kinase CrrB,COLISTIN,COLISTIN
crrB,HAMP domain-containing histidine kinase CrrB,COLISTIN,COLISTIN
crrB,HAMP domain-containing histidine kinase CrrB,COLISTIN,COLISTIN
crrB,HAMP domain-containing histidine kinase CrrB,COLISTIN,COLISTIN
crrB,HAMP domain-containing histidine kinase CrrB,COLISTIN,COLISTIN
crrB,HAMP domain-containing histidine kinase CrrB,COLISTIN,COLISTIN
cyaA,adenylate cyclase CyaA,FOSMIDOMYCIN,FOSMIDOMYCIN
czcS,sensor histidine kinase CzcS,BETA-LACTAM,CARBAPENEM
dacB,D-alanyl-D-alanine carboxypeptidase/D-alanyl-D-alanine endopeptidase DacB,BETA-LACTAM,CEPHALOSPORIN
dacB,D-alanyl-D-alanine carboxypeptidase/D-alanyl-D-alanine endopeptidase DacB,BETA-LACTAM,CEPHALOSPORIN
dacB,D-alanyl-D-alanine carboxypeptidase/D-alanyl-D-alanine endopeptidase DacB,BETA-LACTAM,CEPHALOSPORIN
dacB,D-alanyl-D-alanine carboxypeptidase/D-alanyl-D-alanine endopeptidase DacB,BETA-LACTAM,CEPHALOSPORIN
dacB,D-alanyl-D-alanine carboxypeptidase/D-alanyl-D-alanine endopeptidase DacB,BETA-LACTAM,CEPHALOSPORIN
dacB,D-alanyl-D-alanine carboxypeptidase/D-alanyl-D-alanine endopeptidase DacB,BETA-LACTAM,AZTREONAM/CEFTAZIDIME-AVIBACTAM/CEPHALOSPORIN
dacB,D-alanyl-D-alanine carboxypeptidase/D-alanyl-D-alanine endopeptidase DacB,BETA-LACTAM,CEPHALOSPORIN
dacB,D-alanyl-D-alanine carboxypeptidase/D-alanyl-D-alanine endopeptidase DacB,BETA-LACTAM,CEPHALOSPORIN
dacB,D-alanyl-D-alanine carboxypeptidase/D-alanyl-D-alanine endopeptidase DacB,BETA-LACTAM,CEPHALOSPORIN
dacS,two-component sensor histidine kinase DacS,GLYCOPEPTIDE,VANCOMYCIN
dacS,two-component sensor histidine kinase DacS,GLYCOPEPTIDE,VANCOMYCIN
dfrA,trimethoprim-resistant dihydrofolate reductase DfrA13,TRIMETHOPRIM,TRIMETHOPRIM
dfrA,trimethoprim-resistant dihydrofolate reductase DfrA28,TRIMETHOPRIM,TRIMETHOPRIM
dfrB,trimethoprim-resistant dihydrofolate reductase DfrB10,TRIMETHOPRIM,TRIMETHOPRIM
dfrB,trimethoprim-resistant dihydrofolate reductase DfrB11,TRIMETHOPRIM,TRIMETHOPRIM
dfrB,trimethoprim-resistant dihydrofolate reductase DfrB3,TRIMETHOPRIM,TRIMETHOPRIM
dfrB,trimethoprim-resistant dihydrofolate reductase DfrB6,TRIMETHOPRIM,TRIMETHOPRIM
dfrB,trimethoprim-resistant dihydrofolate reductase DfrB8,TRIMETHOPRIM,TRIMETHOPRIM
dfrB,trimethoprim-resistant dihydrofolate reductase DfrB9,TRIMETHOPRIM,TRIMETHOPRIM
dfrB,dihydrofolate reductase DfrB,TRIMETHOPRIM,TRIMETHOPRIM
dfrB,dihydrofolate reductase DfrB,TRIMETHOPRIM,TRIMETHOPRIM
dfrB,dihydrofolate reductase DfrB,TRIMETHOPRIM,TRIMETHOPRIM
dfrB,dihydrofolate reductase DfrB,TRIMETHOPRIM,TRIMETHOPRIM
dfrB,dihydrofolate reductase DfrB,TRIMETHOPRIM,TRIMETHOPRIM
dfrB,dihydrofolate reductase DfrB,TRIMETHOPRIM,TRIMETHOPRIM
dfrB,dihydrofolate reductase DfrB,TRIMETHOPRIM,TRIMETHOPRIM
dfrB,dihydrofolate reductase DfrB,TRIMETHOPRIM,TRIMETHOPRIM
dfrB,dihydrofolate reductase DfrB,TRIMETHOPRIM,TRIMETHOPRIM
dfrB,dihydrofolate reductase DfrB,TRIMETHOPRIM,TRIMETHOPRIM
dfrC,trimethoprim-resistant dihydrofolate reductase DfrS1,TRIMETHOPRIM,TRIMETHOPRIM
dltC,D-alanine--poly(phosphoribitol) ligase subunit DltC,LIPOPEPTIDE,DAPTOMYCIN
dut,dUTP diphosphatase Dut,TRIMETHOPRIM-SULFAMETHOXAZOLE,TRIMETHOPRIM-SULFAMETHOXAZOLE
eat(A),ABC-F type ribosomal protection protein Eat(A),PLEUROMUTILIN,PLEUROMUTILIN
emrR,multidrug efflux transporter EmrAB transcriptional repressor EmrR,QUINOLONE,NITROXOLINE
emrR,multidrug efflux transporter EmrAB transcriptional repressor EmrR,QUINOLONE,NITROXOLINE
envZ,two-component system sensor histidine kinase EnvZ,BETA-LACTAM,CEFTAZIDIME-AVIBACTAM
envZ,two-component system sensor histidine kinase EnvZ,BETA-LACTAM,CEFTAZIDIME-AVIBACTAM
ere(A),inactive erythromycin esterase Ere(A2),MACROLIDE,MACROLIDE
fabG,beta-ketoacyl-ACP reductase FabG,TRICLOSAN,TRICLOSAN
fabI,enoyl-[acyl-carrier-protein] reductase FabI,ISONIAZID/TRICLOSAN,ISONIAZID/TRICLOSAN
fabI,enoyl-[acyl-carrier-protein] reductase FabI,ISONIAZID/TRICLOSAN,ISONIAZID/TRICLOSAN
fabI,enoyl-[acyl-carrier-protein] reductase FabI,ISONIAZID/TRICLOSAN,ISONIAZID/TRICLOSAN
fabI,enoyl-[acyl-carrier-protein] reductase FabI,TRICLOSAN,TRICLOSAN
fabI,enoyl-[acyl-carrier-protein] reductase FabI,ISONIAZID/TRICLOSAN,ISONIAZID/TRICLOSAN
fabI,enoyl-[acyl-carrier-protein] reductase FabI,ISONIAZID/TRICLOSAN,ISONIAZID/TRICLOSAN
fabI,enoyl-[acyl-carrier-protein] reductase FabI,ISONIAZID/TRICLOSAN,ISONIAZID/TRICLOSAN
fabI,enoyl-[acyl-carrier-protein] reductase FabI,TRICLOSAN,TRICLOSAN
fexA,chloramphenicol/florfenicol efflux MFS transporter FexA,PHENICOL,CHLORAMPHENICOL
fexA,chloramphenicol/florfenicol efflux MFS transporter FexA,PHENICOL,CHLORAMPHENICOL
folA,type 3 dihydrofolate reductase FolA,TRIMETHOPRIM,TRIMETHOPRIM
folA,type 3 dihydrofolate reductase FolA,TRIMETHOPRIM,TRIMETHOPRIM
folA,type 3 dihydrofolate reductase FolA,TRIMETHOPRIM,TRIMETHOPRIM
folP,dihydropteroate synthase FolP,SULFONAMIDE,SULFONAMIDE
folP,dihydropteroate synthase FolP,SULFONAMIDE,SULFONAMIDE
folP,dihydropteroate synthase FolP,SULFONAMIDE,SULFONAMIDE
folP,dihydropteroate synthase FolP,SULFONAMIDE,SULFONAMIDE
folP,dihydropteroate synthase FolP,SULFONAMIDE,SULFONAMIDE
folP,dihydropteroate synthase FolP,SULFONAMIDE,SULFONAMIDE
folP,dihydropteroate synthase FolP,SULFONAMIDE,SULFONAMIDE
folP,dihydropteroate synthase FolP,SULFONAMIDE,SULFONAMIDE
folP,dihydropteroate synthase FolP,SULFONAMIDE,SULFONAMIDE
folP,dihydropteroate synthase FolP,SULFONAMIDE,SULFONAMIDE
folP,dihydropteroate synthase FolP,SULFONAMIDE,SULFONAMIDE
folP,dihydropteroate synthase FolP,SULFONAMIDE,SULFONAMIDE
folP,dihydropteroate synthase FolP,SULFONAMIDE,SULFONAMIDE
folP,dihydropteroate synthase FolP,SULFONAMIDE,SULFONAMIDE
folP,dihydropteroate synthase FolP,SULFONAMIDE,SULFONAMIDE
folP,dihydropteroate synthase FolP,SULFONAMIDE,SULFONAMIDE
folP,dihydropteroate synthase FolP,SULFONAMIDE,SULFONAMIDE
folP,dihydropteroate synthase FolP,SULFONAMIDE,SULFONAMIDE
folP,dihydropteroate synthase FolP,SULFONAMIDE,SULFONAMIDE
folP,dihydropteroate synthase FolP,SULFONAMIDE,SULFONAMIDE
folP,dihydropteroate synthase FolP,SULFONAMIDE,SULFONAMIDE
folP,dihydropteroate synthase FolP,SULFONAMIDE,SULFONAMIDE
folP,dihydropteroate synthase FolP,SULFONAMIDE,SULFONAMIDE
fosA,fosfomycin resistance glutathione transferase FosA10,FOSFOMYCIN,FOSFOMYCIN
fosA,fosfomycin resistance glutathione transferase FosA2,FOSFOMYCIN,FOSFOMYCIN
fosA,fosfomycin resistance glutathione transferase FosA3,FOSFOMYCIN,FOSFOMYCIN
fosA,fosfomycin resistance glutathione transferase FosA4,FOSFOMYCIN,FOSFOMYCIN
fosA,fosfomycin resistance glutathione transferase FosA5,FOSFOMYCIN,FOSFOMYCIN
fosA,fosfomycin resistance glutathione transferase FosA6,FOSFOMYCIN,FOSFOMYCIN
fosA7,fosfomycin resistance glutathione transferase FosA7.2,FOSFOMYCIN,FOSFOMYCIN
fosA7,fosfomycin resistance glutathione transferase FosA7.3,FOSFOMYCIN,FOSFOMYCIN
fosA7,fosfomycin resistance glutathione transferase FosA7.4,FOSFOMYCIN,FOSFOMYCIN
fosA7,fosfomycin resistance glutathione transferase FosA7.5,FOSFOMYCIN,FOSFOMYCIN
fosA7,fosfomycin resistance glutathione transferase FosA7.6,FOSFOMYCIN,FOSFOMYCIN
fosA7,fosfomycin resistance glutathione transferase FosA7.7,FOSFOMYCIN,FOSFOMYCIN
fosA7,fosfomycin resistance glutathione transferase FosA7.8,FOSFOMYCIN,FOSFOMYCIN
fosA7,fosfomycin resistance glutathione transferase FosA7.9,FOSFOMYCIN,FOSFOMYCIN
fosA7,fosfomycin resistance glutathione transferase FosA7,FOSFOMYCIN,FOSFOMYCIN
fosA8,fosfomycin resistance glutathione transferase FosA8,FOSFOMYCIN,FOSFOMYCIN
fosA,fosfomycin resistance glutathione transferase FosA9,FOSFOMYCIN,FOSFOMYCIN
fosA,fosfomycin resistance glutathione transferase FosA,FOSFOMYCIN,FOSFOMYCIN
fosB,fosfomycin resistance bacillithiol transferase FosB1,FOSFOMYCIN,FOSFOMYCIN
fosB,fosfomycin resistance bacillithiol transferase FosB2,FOSFOMYCIN,FOSFOMYCIN
fosB,fosfomycin resistance bacillithiol transferase FosB3,FOSFOMYCIN,FOSFOMYCIN
fosB,fosfomycin resistance bacillithiol transferase FosB4,FOSFOMYCIN,FOSFOMYCIN
fosB,fosfomycin resistance bacillithiol transferase FosB5,FOSFOMYCIN,FOSFOMYCIN
fosB,fosfomycin resistance bacillithiol transferase FosB6,FOSFOMYCIN,FOSFOMYCIN
fosB,fosfomycin resistance bacillithiol transferase FosB,FOSFOMYCIN,FOSFOMYCIN
fosB,fosfomycin resistance bacillithiol transferase FosBx1,FOSFOMYCIN,FOSFOMYCIN
fosX,fosfomycin resistance hydrolase FosH,FOSFOMYCIN,FOSFOMYCIN
fosL,fosfomycin resistance glutathione transferase FosL1,FOSFOMYCIN,FOSFOMYCIN
fosL,fosfomycin resistance glutathione transferase FosL2,FOSFOMYCIN,FOSFOMYCIN
fosU,fosfomycin resistance glutathione transferase FosU1,FOSFOMYCIN,FOSFOMYCIN
fosU,fosfomycin resistance glutathione transferase FosU2,FOSFOMYCIN,FOSFOMYCIN
ftsI,penicillin-binding protein PBP3 FtsI,BETA-LACTAM,BETA-LACTAM
ftsI,penicillin-binding protein PBP3 FtsI,BETA-LACTAM,BETA-LACTAM
ftsI,penicillin-binding protein PBP3 FtsI,BETA-LACTAM,CARBAPENEM
ftsI,penicillin-binding protein PBP3 FtsI,BETA-LACTAM,BETA-LACTAM
ftsI,penicillin-binding protein PBP3 FtsI,BETA-LACTAM,CARBAPENEM
ftsI,penicillin-binding protein PBP3 FtsI,BETA-LACTAM,CEPHALOSPORIN
ftsI,penicillin-binding protein PBP3 FtsI,BETA-LACTAM,CEPHALOSPORIN
ftsI,penicillin-binding protein PBP3 FtsI,BETA-LACTAM,CARBAPENEM/SULBACTAM-DURLOBACTAM
ftsI,penicillin-binding protein PBP3 FtsI,BETA-LACTAM,CEPHALOSPORIN
ftsI,penicillin-binding protein PBP3 FtsI,BETA-LACTAM,CARBAPENEM
ftsI,penicillin-binding protein PBP3 FtsI,BETA-LACTAM,CEPHALOSPORIN
ftsI,penicillin-binding protein PBP3 FtsI,BETA-LACTAM,CARBAPENEM
ftsI,penicillin-binding protein PBP3 FtsI,BETA-LACTAM,CARBAPENEM
ftsI,penicillin-binding protein PBP3 FtsI,BETA-LACTAM,CEFTIBUTEN/CEFTIBUTEN-AVIBACTAM
ftsI,penicillin-binding protein PBP3 FtsI,BETA-LACTAM,CEFTIBUTEN/CEFTIBUTEN-AVIBACTAM
ftsI,penicillin-binding protein PBP3 FtsI,BETA-LACTAM,BETA-LACTAM
ftsI,penicillin-binding protein PBP3 FtsI,BETA-LACTAM,BETA-LACTAM
ftsI,penicillin-binding protein PBP3 FtsI,BETA-LACTAM,CARBAPENEM
ftsI,penicillin-binding protein PBP3 FtsI,BETA-LACTAM,CARBAPENEM
ftsI,penicillin-binding protein PBP3 FtsI,BETA-LACTAM,AZTREONAM/CEFIDEROCOL/CEPHALOSPORIN
ftsI,penicillin-binding protein PBP3 FtsI,BETA-LACTAM,AZTREONAM
ftsI,penicillin-binding protein PBP3 FtsI,BETA-LACTAM,BETA-LACTAM
ftsI,penicillin-binding protein PBP3 FtsI,BETA-LACTAM,CEPHALOSPORIN
ftsI,penicillin-binding protein PBP3 FtsI,BETA-LACTAM,CEFTIBUTEN/CEFTIBUTEN-AVIBACTAM
ftsI,penicillin-binding protein PBP3 FtsI,BETA-LACTAM,CEFTAZIDIME-AVIBACTAM
ftsI,penicillin-binding protein PBP3 FtsI,BETA-LACTAM,CEPHALOSPORIN
ftsI,penicillin-binding protein PBP3 FtsI,BETA-LACTAM,CARBAPENEM
ftsI,penicillin-binding protein PBP3 FtsI,BETA-LACTAM,CARBAPENEM
ftsI,penicillin-binding protein PBP3 FtsI,BETA-LACTAM,BETA-LACTAM
ftsI,penicillin-binding protein PBP3 FtsI,BETA-LACTAM,AZTREONAM/CEFIDEROCOL/CEPHALOSPORIN
ftsI,penicillin-binding protein PBP3 FtsI,BETA-LACTAM,CARBAPENEM
ftsI,penicillin-binding protein PBP3 FtsI,BETA-LACTAM,CARBAPENEM
ftsI,penicillin-binding protein PBP3 FtsI,BETA-LACTAM,CEPHALOSPORIN
ftsI,penicillin-binding protein PBP3 FtsI,BETA-LACTAM,CEPHALOSPORIN
ftsI,penicillin-binding protein PBP3 FtsI,BETA-LACTAM,CARBAPENEM
ftsI,penicillin-binding protein PBP3 FtsI,BETA-LACTAM,CARBAPENEM
ftsI,penicillin-binding protein PBP3 FtsI,BETA-LACTAM,CARBAPENEM
ftsI,penicillin-binding protein PBP3 FtsI,BETA-LACTAM,CEPHALOSPORIN
ftsI,penicillin-binding protein PBP3 FtsI,BETA-LACTAM,CARBAPENEM
ftsI,penicillin-binding protein PBP3 FtsI,BETA-LACTAM,CARBAPENEM
ftsI,penicillin-binding protein PBP3 FtsI,BETA-LACTAM,BETA-LACTAM
ftsI,penicillin-binding protein PBP3 FtsI,BETA-LACTAM,CEPHALOSPORIN
ftsI,penicillin-binding protein PBP3 FtsI,BETA-LACTAM,CEFTIBUTEN/CEFTIBUTEN-AVIBACTAM
ftsI,penicillin-binding protein PBP3 FtsI,BETA-LACTAM,CARBAPENEM
ftsI,penicillin-binding protein PBP3 FtsI,BETA-LACTAM,CEPHALOSPORIN
ftsI,penicillin-binding protein PBP3 FtsI,BETA-LACTAM,CARBAPENEM
ftsI,penicillin-binding protein PBP3 FtsI,BETA-LACTAM,CEPHALOSPORIN
ftsI,penicillin-binding protein PBP3 FtsI,BETA-LACTAM,SULBACTAM-DURLOBACTAM
ftsI,penicillin-binding protein PBP3 FtsI,BETA-LACTAM,CEPHALOSPORIN
ftsI,penicillin-binding protein PBP3 FtsI,BETA-LACTAM,CEPHALOSPORIN
ftsI,penicillin-binding protein PBP3 FtsI,BETA-LACTAM,CEFTIBUTEN/CEFTIBUTEN-AVIBACTAM
ftsI,penicillin-binding protein PBP3 FtsI,BETA-LACTAM,CARBAPENEM
ftsI,penicillin-binding protein PBP3 FtsI,BETA-LACTAM,CARBAPENEM
ftsI,penicillin-binding protein PBP3 FtsI,BETA-LACTAM,CARBAPENEM
ftsI,penicillin-binding protein PBP3 FtsI,BETA-LACTAM,CEPHALOSPORIN
ftsI,penicillin-binding protein PBP3 FtsI,BETA-LACTAM,CARBAPENEM
ftsI,penicillin-binding protein PBP3 FtsI,BETA-LACTAM,BETA-LACTAM
fusA1,elongation factor G FusA1,AMINOGLYCOSIDE,AMIKACIN/TOBRAMYCIN
fusA1,elongation factor G FusA1,AMINOGLYCOSIDE,TOBRAMYCIN
fusA1,elongation factor G FusA1,AMINOGLYCOSIDE,AMIKACIN/TOBRAMYCIN
fusA1,elongation factor G FusA1,AMINOGLYCOSIDE,TOBRAMYCIN
fusA1,elongation factor G FusA1,AMINOGLYCOSIDE,AMIKACIN/TOBRAMYCIN
fusA1,elongation factor G FusA1,AMINOGLYCOSIDE,AMIKACIN/TOBRAMYCIN
fusA1,elongation factor G FusA1,AMINOGLYCOSIDE,AMIKACIN/TOBRAMYCIN
fusA1,elongation factor G FusA1,AMINOGLYCOSIDE,AMIKACIN/TOBRAMYCIN
fusA1,elongation factor G FusA1,AMINOGLYCOSIDE,AMIKACIN/TOBRAMYCIN
fusA1,elongation factor G FusA1,AMINOGLYCOSIDE,AMIKACIN/TOBRAMYCIN
fusA1,elongation factor G FusA1,AMINOGLYCOSIDE,TOBRAMYCIN
fusA1,elongation factor G FusA1,AMINOGLYCOSIDE,AMIKACIN/TOBRAMYCIN
fusA1,elongation factor G FusA1,AMINOGLYCOSIDE,AMIKACIN/TOBRAMYCIN
fusA1,elongation factor G FusA1,AMINOGLYCOSIDE,AMIKACIN/TOBRAMYCIN
fusA1,elongation factor G FusA1,AMINOGLYCOSIDE,AMIKACIN/TOBRAMYCIN
fusA1,elongation factor G FusA1,AMINOGLYCOSIDE,AMIKACIN
fusA1,elongation factor G FusA1,AMINOGLYCOSIDE,AMIKACIN/TOBRAMYCIN
fusA1,elongation factor G FusA1,AMINOGLYCOSIDE,AMIKACIN/TOBRAMYCIN
fusA1,elongation factor G FusA1,AMINOGLYCOSIDE,AMIKACIN
fusA,elongation factor G FusA,FUSIDIC ACID,FUSIDIC ACID
fusA,elongation factor G FusA,FUSIDIC ACID,FUSIDIC ACID
fusA,elongation factor G FusA,FUSIDIC ACID,FUSIDIC ACID
fusA,elongation factor G FusA,FUSIDIC ACID,FUSIDIC ACID
fusA,elongation factor G FusA,FUSIDIC ACID,FUSIDIC ACID
fusA,elongation factor G FusA,FUSIDIC ACID,FUSIDIC ACID
fusA,elongation factor G FusA,FUSIDIC ACID,FUSIDIC ACID
fusA,elongation factor G FusA,FUSIDIC ACID,FUSIDIC ACID
fusA,elongation factor G FusA,FUSIDIC ACID,FUSIDIC ACID
fusA,elongation factor G FusA,FUSIDIC ACID,FUSIDIC ACID
fusA,elongation factor G FusA,FUSIDIC ACID,FUSIDIC ACID
fusA,elongation factor G FusA,FUSIDIC ACID,FUSIDIC ACID
fusA,elongation factor G FusA,FUSIDIC ACID,FUSIDIC ACID
fusA,elongation factor G FusA,FUSIDIC ACID,FUSIDIC ACID
fusA,elongation factor G FusA,FUSIDIC ACID,FUSIDIC ACID
fusA,elongation factor G FusA,FUSIDIC ACID,FUSIDIC ACID
fusA,elongation factor G FusA,FUSIDIC ACID,FUSIDIC ACID
fusA,elongation factor G FusA,FUSIDIC ACID,FUSIDIC ACID
fusA,elongation factor G FusA,FUSIDIC ACID,FUSIDIC ACID
fusA,elongation factor G FusA,FUSIDIC ACID,FUSIDIC ACID
fusA,elongation factor G FusA,FUSIDIC ACID,FUSIDIC ACID
fusA,elongation factor G FusA,FUSIDIC ACID,FUSIDIC ACID
fusA,elongation factor G FusA,FUSIDIC ACID,FUSIDIC ACID
fusA,elongation factor G FusA,FUSIDIC ACID,FUSIDIC ACID
fusA,elongation factor G FusA,FUSIDIC ACID,FUSIDIC ACID
fusA,elongation factor G FusA,FUSIDIC ACID,FUSIDIC ACID
fusA,elongation factor G FusA,FUSIDIC ACID,FUSIDIC ACID
fusA,elongation factor G FusA,FUSIDIC ACID,FUSIDIC ACID
fusA,elongation factor G FusA,FUSIDIC ACID,FUSIDIC ACID
fusA,elongation factor G FusA,FUSIDIC ACID,FUSIDIC ACID
fusA,elongation factor G FusA,FUSIDIC ACID,FUSIDIC ACID
fusA,elongation factor G FusA,FUSIDIC ACID,FUSIDIC ACID
fusA,elongation factor G FusA,FUSIDIC ACID,FUSIDIC ACID
fusA,elongation factor G FusA,FUSIDIC ACID,FUSIDIC ACID
fusA,elongation factor G FusA,FUSIDIC ACID,FUSIDIC ACID
fusA,elongation factor G FusA,FUSIDIC ACID,FUSIDIC ACID
fusA,elongation factor G FusA,FUSIDIC ACID,FUSIDIC ACID
fusA,elongation factor G FusA,FUSIDIC ACID,FUSIDIC ACID
fusA,elongation factor G FusA,FUSIDIC ACID,FUSIDIC ACID
fusA,elongation factor G FusA,FUSIDIC ACID,FUSIDIC ACID
fusA,elongation factor G FusA,FUSIDIC ACID,FUSIDIC ACID
fusA,elongation factor G FusA,FUSIDIC ACID,FUSIDIC ACID
fusA,elongation factor G FusA,FUSIDIC ACID,FUSIDIC ACID
fusA,elongation factor G FusA,FUSIDIC ACID,FUSIDIC ACID
fusA,elongation factor G FusA,FUSIDIC ACID,FUSIDIC ACID
fusA,elongation factor G FusA,FUSIDIC ACID,FUSIDIC ACID
fusA,elongation factor G FusA,FUSIDIC ACID,FUSIDIC ACID
fusA,elongation factor G FusA,FUSIDIC ACID,FUSIDIC ACID
fusA,elongation factor G FusA,FUSIDIC ACID,FUSIDIC ACID
fusA,elongation factor G FusA,FUSIDIC ACID,FUSIDIC ACID
fusA,elongation factor G FusA,FUSIDIC ACID,FUSIDIC ACID
fusA,elongation factor G FusA,FUSIDIC ACID,FUSIDIC ACID
fusA,elongation factor G FusA,FUSIDIC ACID,FUSIDIC ACID
fusA,elongation factor G FusA,FUSIDIC ACID,FUSIDIC ACID
fusA,elongation factor G FusA,FUSIDIC ACID,FUSIDIC ACID
fusA,elongation factor G FusA,FUSIDIC ACID,FUSIDIC ACID
fusA,elongation factor G FusA,FUSIDIC ACID,FUSIDIC ACID
fusA,elongation factor G FusA,FUSIDIC ACID,FUSIDIC ACID
fusA,elongation factor G FusA,FUSIDIC ACID,FUSIDIC ACID
fusA,elongation factor G FusA,FUSIDIC ACID,FUSIDIC ACID
fusA,elongation factor G FusA,FUSIDIC ACID,FUSIDIC ACID
fusC,fusidic acid resistance EF-G-binding protein FusC,FUSIDIC ACID,FUSIDIC ACID
fusE,50S ribosomal protein L6,FUSIDIC ACID,FUSIDIC ACID
galU,UTP--glucose-1-phosphate uridylyltransferase GalU,BETA-LACTAM,CEPHALOSPORIN
gdpP,cyclic-di-AMP phosphodiesterase GdpP,BETA-LACTAM,CEPHALOSPORIN
glpT,glycerol-3-phosphate transporter GlpT,FOSFOMYCIN,FOSFOMYCIN
glpT,glycerol-3-phosphate transporter GlpT,FOSFOMYCIN,FOSFOMYCIN
glpT,glycerol-3-phosphate transporter GlpT,FOSFOMYCIN,FOSFOMYCIN
glpT,glycerol-3-phosphate transporter GlpT,FOSFOMYCIN,FOSFOMYCIN
glpT,glycerol-3-phosphate transporter GlpT,FOSFOMYCIN,FOSFOMYCIN
glpT,glycerol-3-phosphate transporter GlpT,FOSFOMYCIN,FOSFOMYCIN
glpT,glycerol-3-phosphate transporter GlpT,FOSFOMYCIN,FOSFOMYCIN
glpT,glycerol-3-phosphate transporter GlpT,FOSFOMYCIN,FOSFOMYCIN
glpT,glycerol-3-phosphate transporter GlpT,FOSFOMYCIN,FOSFOMYCIN
grlA,DNA topoisomerase GrlA,QUINOLONE,QUINOLONE
grlA,DNA topoisomerase GrlA,QUINOLONE,QUINOLONE
grlA,DNA topoisomerase GrlA,QUINOLONE,QUINOLONE
grlA,DNA topoisomerase GrlA,QUINOLONE,QUINOLONE
grlA,DNA topoisomerase GrlA,QUINOLONE,QUINOLONE
grlA,DNA topoisomerase GrlA,QUINOLONE,QUINOLONE
gshF,bifunctional glutamate--cysteine ligase/glutathione synthetase GshF,LIPOPEPTIDE,DAPTOMYCIN
gyrA,DNA gyrase subunit A GyrA,QUINOLONE,QUINOLONE
gyrA,DNA gyrase subunit A GyrA,QUINOLONE,QUINOLONE
gyrA,DNA gyrase subunit A GyrA,QUINOLONE,QUINOLONE
gyrA,DNA gyrase subunit A GyrA,QUINOLONE,QUINOLONE
gyrA,DNA gyrase subunit A GyrA,QUINOLONE,QUINOLONE
gyrA,DNA gyrase subunit A GyrA,QUINOLONE,QUINOLONE
gyrA,DNA gyrase subunit A GyrA,QUINOLONE,QUINOLONE
gyrA,DNA gyrase subunit A GyrA,QUINOLONE,QUINOLONE
gyrA,DNA gyrase subunit A GyrA,QUINOLONE,QUINOLONE
gyrA,DNA gyrase subunit A GyrA,QUINOLONE,QUINOLONE
gyrA,DNA gyrase subunit A GyrA,QUINOLONE,QUINOLONE
gyrA,DNA gyrase subunit A GyrA,QUINOLONE,QUINOLONE
gyrA,DNA gyrase subunit A GyrA,QUINOLONE,QUINOLONE
gyrA,DNA gyrase subunit A GyrA,QUINOLONE,QUINOLONE
gyrA,DNA gyrase subunit A GyrA,QUINOLONE,QUINOLONE
gyrA,DNA gyrase subunit A GyrA,QUINOLONE,QUINOLONE
gyrA,DNA gyrase subunit A GyrA,QUINOLONE,QUINOLONE
gyrA,DNA gyrase subunit A GyrA,QUINOLONE,QUINOLONE
gyrA,DNA gyrase subunit A GyrA,QUINOLONE,QUINOLONE
gyrA,DNA gyrase subunit A GyrA,QUINOLONE,QUINOLONE
gyrA,DNA gyrase subunit A GyrA,QUINOLONE,QUINOLONE
gyrA,DNA gyrase subunit A GyrA,QUINOLONE,QUINOLONE
gyrA,DNA gyrase subunit A GyrA,QUINOLONE,QUINOLONE
gyrA,DNA gyrase subunit A GyrA,QUINOLONE,QUINOLONE
gyrA,DNA gyrase subunit A GyrA,QUINOLONE,QUINOLONE
gyrA,DNA gyrase subunit A GyrA,QUINOLONE,QUINOLONE
gyrA,DNA gyrase subunit A GyrA,QUINOLONE,QUINOLONE
gyrA,DNA gyrase subunit A GyrA,QUINOLONE/TRICLOSAN,QUINOLONE/TRICLOSAN
gyrA,DNA gyrase subunit A GyrA,QUINOLONE,QUINOLONE
gyrA,DNA gyrase subunit A GyrA,QUINOLONE,QUINOLONE
gyrA,DNA gyrase subunit A GyrA,QUINOLONE,QUINOLONE
gyrA,DNA gyrase subunit A GyrA,QUINOLONE/TRICLOSAN,QUINOLONE/TRICLOSAN
gyrA,DNA gyrase subunit A GyrA,QUINOLONE,QUINOLONE
gyrA,DNA gyrase subunit A GyrA,QUINOLONE,QUINOLONE
gyrA,DNA gyrase subunit A GyrA,QUINOLONE/TRICLOSAN,QUINOLONE/TRICLOSAN
gyrA,DNA gyrase subunit A GyrA,QUINOLONE,QUINOLONE
gyrA,DNA gyrase subunit A GyrA,QUINOLONE,QUINOLONE
gyrA,DNA gyrase subunit A GyrA,QUINOLONE,QUINOLONE
gyrA,DNA gyrase subunit A GyrA,QUINOLONE,QUINOLONE
gyrA,DNA gyrase subunit A GyrA,QUINOLONE,QUINOLONE
gyrA,DNA gyrase subunit A GyrA,QUINOLONE,QUINOLONE
gyrA,DNA gyrase subunit A GyrA,QUINOLONE,QUINOLONE
gyrA,DNA gyrase subunit A GyrA,QUINOLONE,QUINOLONE
gyrA,DNA gyrase subunit A GyrA,QUINOLONE,QUINOLONE
gyrA,DNA gyrase subunit A GyrA,QUINOLONE,QUINOLONE
gyrA,DNA gyrase subunit A GyrA,QUINOLONE,QUINOLONE
gyrA,DNA gyrase subunit A GyrA,QUINOLONE,QUINOLONE
gyrA,DNA gyrase subunit A GyrA,QUINOLONE,QUINOLONE
gyrA,DNA gyrase subunit A GyrA,QUINOLONE,QUINOLONE
gyrA,DNA gyrase subunit A GyrA,QUINOLONE,QUINOLONE
gyrA,DNA gyrase subunit A GyrA,QUINOLONE,QUINOLONE
gyrA,DNA gyrase subunit A GyrA,QUINOLONE,QUINOLONE
gyrA,DNA gyrase subunit A GyrA,QUINOLONE,QUINOLONE
gyrA,DNA gyrase subunit A GyrA,QUINOLONE,QUINOLONE
gyrA,DNA gyrase subunit A GyrA,QUINOLONE,QUINOLONE
gyrA,DNA gyrase subunit A GyrA,QUINOLONE,QUINOLONE
gyrA,DNA gyrase subunit A GyrA,QUINOLONE,QUINOLONE
gyrA,DNA gyrase subunit A GyrA,QUINOLONE,QUINOLONE
gyrA,DNA gyrase subunit A GyrA,QUINOLONE,QUINOLONE
gyrA,DNA gyrase subunit A GyrA,QUINOLONE,QUINOLONE
gyrA,DNA gyrase subunit A GyrA,QUINOLONE,QUINOLONE
gyrA,DNA gyrase subunit A GyrA,QUINOLONE,QUINOLONE
gyrA,DNA gyrase subunit A GyrA,QUINOLONE,QUINOLONE
gyrA,DNA gyrase subunit A GyrA,QUINOLONE,QUINOLONE
gyrA,DNA gyrase subunit A GyrA,QUINOLONE,QUINOLONE
gyrA,DNA gyrase subunit A GyrA,QUINOLONE,QUINOLONE
gyrA,DNA gyrase subunit A GyrA,QUINOLONE,QUINOLONE
gyrA,DNA gyrase subunit A GyrA,QUINOLONE,QUINOLONE
gyrA,DNA gyrase subunit A GyrA,QUINOLONE,QUINOLONE
gyrA,DNA gyrase subunit A GyrA,QUINOLONE,QUINOLONE
gyrA,DNA gyrase subunit A GyrA,QUINOLONE,QUINOLONE
gyrA,DNA gyrase subunit A GyrA,QUINOLONE,QUINOLONE
gyrA,DNA gyrase subunit A GyrA,QUINOLONE,QUINOLONE
gyrA,DNA gyrase subunit A GyrA,QUINOLONE,QUINOLONE
gyrA,DNA gyrase subunit A GyrA,QUINOLONE,QUINOLONE
gyrA,DNA gyrase subunit A GyrA,QUINOLONE,QUINOLONE
gyrA,DNA gyrase subunit A GyrA,QUINOLONE,QUINOLONE
gyrA,DNA gyrase subunit A GyrA,QUINOLONE,QUINOLONE
gyrA,DNA gyrase subunit A GyrA,QUINOLONE,QUINOLONE
gyrA,DNA gyrase subunit A GyrA,QUINOLONE,QUINOLONE
gyrA,DNA gyrase subunit A GyrA,QUINOLONE,QUINOLONE
gyrA,DNA gyrase subunit A GyrA,QUINOLONE,QUINOLONE
gyrA,DNA gyrase subunit A GyrA,QUINOLONE,QUINOLONE
gyrA,DNA gyrase subunit A GyrA,QUINOLONE,QUINOLONE
gyrA,DNA gyrase subunit A GyrA,QUINOLONE,QUINOLONE
gyrA,DNA gyrase subunit A GyrA,QUINOLONE,QUINOLONE
gyrA,DNA gyrase subunit A GyrA,QUINOLONE,QUINOLONE
gyrA,DNA gyrase subunit A GyrA,QUINOLONE,QUINOLONE
gyrA,DNA gyrase subunit A GyrA,QUINOLONE,QUINOLONE
gyrA,DNA gyrase subunit A GyrA,QUINOLONE,QUINOLONE
gyrA,DNA gyrase subunit A GyrA,QUINOLONE,QUINOLONE
gyrA,DNA gyrase subunit A GyrA,QUINOLONE,QUINOLONE
gyrA,DNA gyrase subunit A GyrA,QUINOLONE,QUINOLONE
gyrA,DNA gyrase subunit A GyrA,QUINOLONE,QUINOLONE
gyrA,DNA gyrase subunit A GyrA,QUINOLONE,QUINOLONE
gyrA,DNA gyrase subunit A GyrA,QUINOLONE,QUINOLONE
gyrA,DNA gyrase subunit A GyrA,QUINOLONE,QUINOLONE
gyrA,DNA gyrase subunit A GyrA,QUINOLONE,QUINOLONE
gyrA,DNA gyrase subunit A GyrA,QUINOLONE,QUINOLONE
gyrA,DNA gyrase subunit A GyrA,QUINOLONE,QUINOLONE
gyrA,DNA gyrase subunit A GyrA,QUINOLONE,QUINOLONE
gyrA,DNA gyrase subunit A GyrA,QUINOLONE,QUINOLONE
gyrA,DNA gyrase subunit A GyrA,QUINOLONE,QUINOLONE
gyrA,DNA gyrase subunit A GyrA,QUINOLONE,QUINOLONE
gyrA,DNA gyrase subunit A GyrA,QUINOLONE,QUINOLONE
gyrA,DNA gyrase subunit A GyrA,QUINOLONE,QUINOLONE
gyrA,DNA gyrase subunit A GyrA,QUINOLONE,QUINOLONE
gyrA,DNA gyrase subunit A GyrA,QUINOLONE/TRICLOSAN,QUINOLONE/TRICLOSAN
gyrA,DNA gyrase subunit A GyrA,QUINOLONE,QUINOLONE
gyrA,DNA gyrase subunit A GyrA,QUINOLONE/TRICLOSAN,QUINOLONE/TRICLOSAN
gyrA,DNA gyrase subunit A GyrA,QUINOLONE,QUINOLONE
gyrA,DNA gyrase subunit A GyrA,QUINOLONE,QUINOLONE
gyrA,DNA gyrase subunit A GyrA,QUINOLONE,QUINOLONE
gyrA,DNA gyrase subunit A GyrA,QUINOLONE,QUINOLONE
gyrA,DNA gyrase subunit A GyrA,QUINOLONE,QUINOLONE
gyrA,DNA gyrase subunit A GyrA,QUINOLONE,QUINOLONE
gyrA,DNA gyrase subunit A GyrA,QUINOLONE,QUINOLONE
gyrA,DNA gyrase subunit A GyrA,QUINOLONE,QUINOLONE
gyrA,DNA gyrase subunit A GyrA,QUINOLONE,QUINOLONE
gyrA,DNA gyrase subunit A GyrA,QUINOLONE,QUINOLONE
gyrA,DNA gyrase subunit A GyrA,QUINOLONE,QUINOLONE
gyrA,DNA gyrase subunit A GyrA,QUINOLONE,QUINOLONE
gyrA,DNA gyrase subunit A GyrA,QUINOLONE,QUINOLONE
gyrA,DNA gyrase subunit A GyrA,QUINOLONE,QUINOLONE
gyrA,DNA gyrase subunit A GyrA,QUINOLONE,QUINOLONE
gyrA,DNA gyrase subunit A GyrA,QUINOLONE,QUINOLONE
gyrA,DNA gyrase subunit A GyrA,QUINOLONE,QUINOLONE
gyrA,DNA gyrase subunit A GyrA,QUINOLONE,QUINOLONE
gyrA,DNA gyrase subunit A GyrA,QUINOLONE,QUINOLONE
gyrA,DNA gyrase subunit A GyrA,QUINOLONE,QUINOLONE
gyrA,DNA gyrase subunit A GyrA,QUINOLONE,QUINOLONE
gyrA,DNA gyrase subunit A GyrA,QUINOLONE,QUINOLONE
gyrA,DNA gyrase subunit A GyrA,QUINOLONE,QUINOLONE
gyrA,DNA gyrase subunit A GyrA,QUINOLONE,QUINOLONE
gyrA,DNA gyrase subunit A GyrA,QUINOLONE,QUINOLONE
gyrA,DNA gyrase subunit A GyrA,QUINOLONE,QUINOLONE
gyrA,DNA gyrase subunit A GyrA,QUINOLONE,QUINOLONE
gyrA,DNA gyrase subunit A GyrA,QUINOLONE,QUINOLONE
gyrA,DNA gyrase subunit A GyrA,QUINOLONE,QUINOLONE
gyrA,DNA gyrase subunit A GyrA,QUINOLONE,QUINOLONE
gyrA,DNA gyrase subunit A GyrA,QUINOLONE,QUINOLONE
gyrA,DNA gyrase subunit A GyrA,QUINOLONE,QUINOLONE
gyrA,DNA gyrase subunit A GyrA,QUINOLONE,QUINOLONE
gyrA,DNA gyrase subunit A GyrA,QUINOLONE,QUINOLONE
gyrA,DNA gyrase subunit A GyrA,QUINOLONE,QUINOLONE
gyrA,DNA gyrase subunit A GyrA,QUINOLONE,QUINOLONE
gyrA,DNA gyrase subunit A GyrA,QUINOLONE,QUINOLONE
gyrA,DNA gyrase subunit A GyrA,QUINOLONE,QUINOLONE
gyrA,DNA gyrase subunit A GyrA,QUINOLONE,QUINOLONE
gyrA,DNA gyrase subunit A GyrA,QUINOLONE,QUINOLONE
gyrA,DNA gyrase subunit A GyrA,QUINOLONE,QUINOLONE
gyrA,DNA gyrase subunit A GyrA,QUINOLONE,QUINOLONE
gyrA,DNA gyrase subunit A GyrA,QUINOLONE,QUINOLONE
gyrA,DNA gyrase subunit A GyrA,QUINOLONE,QUINOLONE
gyrA,DNA gyrase subunit A GyrA,QUINOLONE,QUINOLONE
gyrA,DNA gyrase subunit A GyrA,QUINOLONE,QUINOLONE
gyrA,DNA gyrase subunit A GyrA,QUINOLONE,QUINOLONE
gyrA,DNA gyrase subunit A GyrA,QUINOLONE,QUINOLONE
gyrA,DNA gyrase subunit A GyrA,QUINOLONE,QUINOLONE
gyrA,DNA gyrase subunit A GyrA,QUINOLONE,QUINOLONE
gyrA,DNA gyrase subunit A GyrA,QUINOLONE,QUINOLONE
gyrA,DNA gyrase subunit A GyrA,QUINOLONE,QUINOLONE
gyrA,DNA gyrase subunit A GyrA,QUINOLONE,QUINOLONE
gyrA,DNA gyrase subunit A GyrA,QUINOLONE,QUINOLONE
gyrA,DNA gyrase subunit A GyrA,QUINOLONE,QUINOLONE
gyrA,DNA gyrase subunit A GyrA,QUINOLONE,QUINOLONE
gyrA,DNA gyrase subunit A GyrA,QUINOLONE,QUINOLONE
gyrA,DNA gyrase subunit A GyrA,QUINOLONE,QUINOLONE
gyrA,DNA gyrase subunit A GyrA,QUINOLONE,QUINOLONE
gyrA,DNA gyrase subunit A GyrA,QUINOLONE,QUINOLONE
gyrA,DNA gyrase subunit A GyrA,QUINOLONE,QUINOLONE
gyrA,DNA gyrase subunit A GyrA,QUINOLONE,QUINOLONE
gyrA,DNA gyrase subunit A GyrA,QUINOLONE,QUINOLONE
gyrA,DNA gyrase subunit A GyrA,QUINOLONE,QUINOLONE
gyrA,DNA gyrase subunit A GyrA,QUINOLONE,QUINOLONE
gyrA,DNA gyrase subunit A GyrA,QUINOLONE,QUINOLONE
gyrA,DNA gyrase subunit A GyrA,QUINOLONE,QUINOLONE
gyrA,DNA gyrase subunit A GyrA,QUINOLONE,QUINOLONE
gyrB,DNA topoisomerase (ATP-hydrolyzing) subunit B GyrB,QUINOLONE,QUINOLONE
gyrB,DNA topoisomerase (ATP-hydrolyzing) subunit B GyrB,QUINOLONE,QUINOLONE
gyrB,DNA topoisomerase (ATP-hydrolyzing) subunit B GyrB,QUINOLONE,QUINOLONE
gyrB,DNA topoisomerase (ATP-hydrolyzing) subunit B GyrB,QUINOLONE,QUINOLONE
gyrB,DNA topoisomerase (ATP-hydrolyzing) subunit B GyrB,QUINOLONE,QUINOLONE
gyrB,DNA topoisomerase (ATP-hydrolyzing) subunit B GyrB,SPIROPYRIMIDINETRIONE,ZOLIFLODACIN
gyrB,DNA topoisomerase (ATP-hydrolyzing) subunit B GyrB,QUINOLONE,QUINOLONE
gyrB,DNA topoisomerase (ATP-hydrolyzing) subunit B GyrB,QUINOLONE,QUINOLONE
gyrB,DNA topoisomerase (ATP-hydrolyzing) subunit B GyrB,QUINOLONE,QUINOLONE
gyrB,DNA topoisomerase (ATP-hydrolyzing) subunit B GyrB,QUINOLONE,QUINOLONE
gyrB,DNA topoisomerase (ATP-hydrolyzing) subunit B GyrB,QUINOLONE,QUINOLONE
gyrB,DNA topoisomerase (ATP-hydrolyzing) subunit B GyrB,QUINOLONE,QUINOLONE
gyrB,DNA topoisomerase (ATP-hydrolyzing) subunit B GyrB,QUINOLONE,QUINOLONE
gyrB,DNA topoisomerase (ATP-hydrolyzing) subunit B GyrB,QUINOLONE,QUINOLONE
gyrB,DNA topoisomerase (ATP-hydrolyzing) subunit B GyrB,AMINOCOUMARIN,AMINOCOUMARIN
gyrB,DNA topoisomerase (ATP-hydrolyzing) subunit B GyrB,AMINOCOUMARIN,AMINOCOUMARIN
gyrB,DNA topoisomerase (ATP-hydrolyzing) subunit B GyrB,QUINOLONE,QUINOLONE
gyrB,DNA topoisomerase (ATP-hydrolyzing) subunit B GyrB,QUINOLONE,QUINOLONE
gyrB,DNA topoisomerase (ATP-hydrolyzing) subunit B GyrB,AMINOCOUMARIN,AMINOCOUMARIN
gyrB,DNA topoisomerase (ATP-hydrolyzing) subunit B GyrB,QUINOLONE,NALIDIXIC ACID
gyrB,DNA topoisomerase (ATP-hydrolyzing) subunit B GyrB,SPIROPYRIMIDINETRIONE,ZOLIFLODACIN
gyrB,DNA topoisomerase (ATP-hydrolyzing) subunit B GyrB,SPIROPYRIMIDINETRIONE,ZOLIFLODACIN
gyrB,DNA topoisomerase (ATP-hydrolyzing) subunit B GyrB,QUINOLONE,QUINOLONE
gyrB,DNA topoisomerase (ATP-hydrolyzing) subunit B GyrB,AMINOCOUMARIN,AMINOCOUMARIN
gyrB,DNA topoisomerase (ATP-hydrolyzing) subunit B GyrB,AMINOCOUMARIN,AMINOCOUMARIN
gyrB,DNA topoisomerase (ATP-hydrolyzing) subunit B GyrB,AMINOCOUMARIN,AMINOCOUMARIN
gyrB,DNA topoisomerase (ATP-hydrolyzing) subunit B GyrB,AMINOCOUMARIN,AMINOCOUMARIN
gyrB,DNA topoisomerase (ATP-hydrolyzing) subunit B GyrB,AMINOCOUMARIN,AMINOCOUMARIN
gyrB,DNA topoisomerase (ATP-hydrolyzing) subunit B GyrB,AMINOCOUMARIN,AMINOCOUMARIN
gyrB,DNA topoisomerase (ATP-hydrolyzing) subunit B GyrB,AMINOCOUMARIN,AMINOCOUMARIN
gyrB,DNA topoisomerase (ATP-hydrolyzing) subunit B GyrB,AMINOCOUMARIN,AMINOCOUMARIN
gyrB,DNA topoisomerase (ATP-hydrolyzing) subunit B GyrB,AMINOCOUMARIN,AMINOCOUMARIN
gyrB,DNA topoisomerase (ATP-hydrolyzing) subunit B GyrB,QUINOLONE,QUINOLONE
gyrB,DNA topoisomerase (ATP-hydrolyzing) subunit B GyrB,QUINOLONE,QUINOLONE
gyrB,DNA topoisomerase (ATP-hydrolyzing) subunit B GyrB,QUINOLONE,QUINOLONE
gyrB,DNA topoisomerase (ATP-hydrolyzing) subunit B GyrB,QUINOLONE,QUINOLONE
gyrB,DNA topoisomerase (ATP-hydrolyzing) subunit B GyrB,AMINOCOUMARIN,AMINOCOUMARIN
gyrB,DNA topoisomerase (ATP-hydrolyzing) subunit B GyrB,QUINOLONE,QUINOLONE
gyrB,DNA topoisomerase (ATP-hydrolyzing) subunit B GyrB,QUINOLONE,QUINOLONE
gyrB,DNA topoisomerase (ATP-hydrolyzing) subunit B GyrB,QUINOLONE,QUINOLONE
gyrB,DNA topoisomerase (ATP-hydrolyzing) subunit B GyrB,QUINOLONE,QUINOLONE
gyrB,DNA topoisomerase (ATP-hydrolyzing) subunit B GyrB,QUINOLONE,QUINOLONE
gyrB,DNA topoisomerase (ATP-hydrolyzing) subunit B GyrB,QUINOLONE,QUINOLONE
gyrB,DNA topoisomerase (ATP-hydrolyzing) subunit B GyrB,QUINOLONE,QUINOLONE
gyrB,DNA topoisomerase (ATP-hydrolyzing) subunit B GyrB,QUINOLONE,QUINOLONE
gyrB,DNA topoisomerase (ATP-hydrolyzing) subunit B GyrB,AMINOCOUMARIN,AMINOCOUMARIN
gyrB,DNA topoisomerase (ATP-hydrolyzing) subunit B GyrB,QUINOLONE,QUINOLONE
gyrB,DNA topoisomerase (ATP-hydrolyzing) subunit B GyrB,QUINOLONE,QUINOLONE
ileS,isoleucine--tRNA ligase IleS,MUPIROCIN,MUPIROCIN
ileS,isoleucine--tRNA ligase IleS,MUPIROCIN,MUPIROCIN
ileS,isoleucine--tRNA ligase IleS,MUPIROCIN,MUPIROCIN
ileS,isoleucine--tRNA ligase IleS,MUPIROCIN,MUPIROCIN
ileS,isoleucine--tRNA ligase IleS,MUPIROCIN,MUPIROCIN
ileS,isoleucine--tRNA ligase IleS,MUPIROCIN,MUPIROCIN
cphA,subclass B2 metallo-beta-lactamase CphA-13/ImiH,BETA-LACTAM,CARBAPENEM
cphA,subclass B2 metallo-beta-lactamase CphA-11/ImiS,BETA-LACTAM,CARBAPENEM
lamB,maltoporin LamB,BETA-LACTAM,CEFTAZIDIME-AVIBACTAM
lamB,maltoporin LamB,BETA-LACTAM,CEFTAZIDIME-AVIBACTAM
lapB,lipopolysaccharide assembly protein LapB,COLISTIN,COLISTIN
liaF,three-component signaling pathway regulator LiaF,LIPOPEPTIDE,DAPTOMYCIN
liaF,three-component signaling pathway regulator LiaF,LIPOPEPTIDE,DAPTOMYCIN
liaF,three-component signaling pathway regulator LiaF,LIPOPEPTIDE,DAPTOMYCIN
liaF,three-component signaling pathway regulator LiaF,LIPOPEPTIDE,DAPTOMYCIN
liaR,response regulator transcription factor LiaR,LIPOPEPTIDE,DAPTOMYCIN
liaR,response regulator transcription factor LiaR,LIPOPEPTIDE,DAPTOMYCIN
liaR,response regulator transcription factor LiaR,LIPOPEPTIDE,DAPTOMYCIN
liaR,response regulator transcription factor LiaR,LIPOPEPTIDE,DAPTOMYCIN
liaS,sensor histidine kinase LiaS,LIPOPEPTIDE,DAPTOMYCIN
liaS,sensor histidine kinase LiaS,LIPOPEPTIDE,DAPTOMYCIN
liaS,sensor histidine kinase LiaS,LIPOPEPTIDE,DAPTOMYCIN
liaS,sensor histidine kinase LiaS,LIPOPEPTIDE,DAPTOMYCIN
liaS,sensor histidine kinase LiaS,LIPOPEPTIDE,DAPTOMYCIN
lnu(A),lincosamide nucleotidyltransferase Lnu(A)',LINCOSAMIDE,LINCOSAMIDE
lon,Lon protease,TETRACYCLINE,TIGECYCLINE
lpxA,acyl-ACP--UDP-N-acetylglucosamine O-acyltransferase LpxA,COLISTIN,COLISTIN
lpxA,acyl-ACP--UDP-N-acetylglucosamine O-acyltransferase LpxA,COLISTIN,COLISTIN
lpxA,acyl-ACP--UDP-N-acetylglucosamine O-acyltransferase LpxA,COLISTIN,COLISTIN
lpxA,acyl-ACP--UDP-N-acetylglucosamine O-acyltransferase LpxA,COLISTIN,COLISTIN
lpxC,UDP-3-O-acyl-N-acetylglucosamine deacetylase LpxC,COLISTIN,COLISTIN
lpxM,lauroyl-Kdo(2)-lipid IV(A) myristoyltransferase LpxM,COLISTIN,COLISTIN
macAB,efflux pump MacAB promoter region,MACROLIDE,AZITHROMYCIN
marR,transcriptional regulator MarR,MULTIDRUG,AMPICILLIN/CHLORAMPHENICOL/QUINOLONE/RIFAMPIN/TETRACYCLINE
marR,transcriptional regulator MarR,MULTIDRUG,AMPICILLIN/CHLORAMPHENICOL/QUINOLONE/RIFAMPIN/TETRACYCLINE
marR,transcriptional regulator MarR,MULTIDRUG,AMPICILLIN/CHLORAMPHENICOL/QUINOLONE/RIFAMPIN/TETRACYCLINE
marR,transcriptional regulator MarR,MULTIDRUG,AMPICILLIN/CHLORAMPHENICOL/QUINOLONE/RIFAMPIN/TETRACYCLINE
marR,transcriptional regulator MarR,MULTIDRUG,AMPICILLIN/CHLORAMPHENICOL/QUINOLONE/RIFAMPIN/TETRACYCLINE
marR,transcriptional regulator MarR,MULTIDRUG,AMPICILLIN/CHLORAMPHENICOL/QUINOLONE/RIFAMPIN/TETRACYCLINE
marR,transcriptional regulator MarR,MULTIDRUG,AMPICILLIN/CHLORAMPHENICOL/QUINOLONE/RIFAMPIN/TETRACYCLINE
marR,transcriptional regulator MarR,MULTIDRUG,AMPICILLIN/CHLORAMPHENICOL/QUINOLONE/RIFAMPIN/TETRACYCLINE
marR,transcriptional regulator MarR,MULTIDRUG,AMPICILLIN/CHLORAMPHENICOL/QUINOLONE/RIFAMPIN/TETRACYCLINE
marR,transcriptional regulator MarR,MULTIDRUG,AMPICILLIN/CHLORAMPHENICOL/QUINOLONE/RIFAMPIN/TETRACYCLINE
marR,transcriptional regulator MarR,MULTIDRUG,AMPICILLIN/CHLORAMPHENICOL/QUINOLONE/RIFAMPIN/TETRACYCLINE
marR,transcriptional regulator MarR,MULTIDRUG,AMPICILLIN/CHLORAMPHENICOL/QUINOLONE/RIFAMPIN/TETRACYCLINE
marR,transcriptional regulator MarR,MULTIDRUG,AMPICILLIN/CHLORAMPHENICOL/QUINOLONE/RIFAMPIN/TETRACYCLINE
mcr-1,phosphoethanolamine--lipid A transferase MCR-1.10,COLISTIN,COLISTIN
mcr-1,phosphoethanolamine--lipid A transferase MCR-1.11,COLISTIN,COLISTIN
mcr-1,phosphoethanolamine--lipid A transferase MCR-1.12,COLISTIN,COLISTIN
mcr-1,phosphoethanolamine--lipid A transferase MCR-1.13,COLISTIN,COLISTIN
mcr-1,phosphoethanolamine--lipid A transferase MCR-1.14,COLISTIN,COLISTIN
mcr-1,phosphoethanolamine--lipid A transferase MCR-1.15,COLISTIN,COLISTIN
mcr-1,phosphoethanolamine--lipid A transferase MCR-1.16,COLISTIN,COLISTIN
mcr-1,phosphoethanolamine--lipid A transferase MCR-1.17,COLISTIN,COLISTIN
mcr-1,phosphoethanolamine--lipid A transferase MCR-1.18,COLISTIN,COLISTIN
mcr-1,phosphoethanolamine--lipid A transferase MCR-1.19,COLISTIN,COLISTIN
mcr-1,phosphoethanolamine--lipid A transferase MCR-1.1,COLISTIN,COLISTIN
mcr-1,phosphoethanolamine--lipid A transferase MCR-1.20,COLISTIN,COLISTIN
mcr-1,phosphoethanolamine--lipid A transferase MCR-1.21,COLISTIN,COLISTIN
mcr-1,phosphoethanolamine--lipid A transferase MCR-1.22,COLISTIN,COLISTIN
mcr-1,phosphoethanolamine--lipid A transferase MCR-1.23,COLISTIN,COLISTIN
mcr-1,phosphoethanolamine--lipid A transferase MCR-1.24,COLISTIN,COLISTIN
mcr-1,phosphoethanolamine--lipid A transferase MCR-1.25,COLISTIN,COLISTIN
mcr-1,phosphoethanolamine--lipid A transferase MCR-1.26,COLISTIN,COLISTIN
mcr-1,phosphoethanolamine--lipid A transferase MCR-1.27,COLISTIN,COLISTIN
mcr-1,phosphoethanolamine--lipid A transferase MCR-1.28,COLISTIN,COLISTIN
mcr-1,phosphoethanolamine--lipid A transferase MCR-1.29,COLISTIN,COLISTIN
mcr-1,phosphoethanolamine--lipid A transferase MCR-1.2,COLISTIN,COLISTIN
mcr-1,phosphoethanolamine--lipid A transferase MCR-1.30,COLISTIN,COLISTIN
mcr-1,phosphoethanolamine--lipid A transferase MCR-1.31,COLISTIN,COLISTIN
mcr-1,phosphoethanolamine--lipid A transferase MCR-1.32,COLISTIN,COLISTIN
mcr-1,phosphoethanolamine--lipid A transferase MCR-1.33,COLISTIN,COLISTIN
mcr-1,phosphoethanolamine--lipid A transferase MCR-1.34,COLISTIN,COLISTIN
mcr-1,phosphoethanolamine--lipid A transferase MCR-1.35,COLISTIN,COLISTIN
mcr-1,phosphoethanolamine--lipid A transferase MCR-1.36,COLISTIN,COLISTIN
mcr-1,phosphoethanolamine--lipid A transferase MCR-1.37,COLISTIN,COLISTIN
mcr-1,phosphoethanolamine--lipid A transferase MCR-1.3,COLISTIN,COLISTIN
mcr-1,phosphoethanolamine--lipid A transferase MCR-1.4,COLISTIN,COLISTIN
mcr-1,phosphoethanolamine--lipid A transferase MCR-1.5,COLISTIN,COLISTIN
mcr-1,phosphoethanolamine--lipid A transferase MCR-1.6,COLISTIN,COLISTIN
mcr-1,phosphoethanolamine--lipid A transferase MCR-1.7,COLISTIN,COLISTIN
mcr-1,phosphoethanolamine--lipid A transferase MCR-1.8,COLISTIN,COLISTIN
mcr-1,phosphoethanolamine--lipid A transferase MCR-1.9,COLISTIN,COLISTIN
mcr-10,phosphoethanolamine--lipid A transferase MCR-10.1,COLISTIN,COLISTIN
mcr-10,phosphoethanolamine--lipid A transferase MCR-10.2,COLISTIN,COLISTIN
mcr-10,phosphoethanolamine--lipid A transferase MCR-10.3,COLISTIN,COLISTIN
mcr-10,phosphoethanolamine--lipid A transferase MCR-10.4,COLISTIN,COLISTIN
mcr-10,phosphoethanolamine--lipid A transferase MCR-10.5,COLISTIN,COLISTIN
mcr-11,phosphoethanolamine--lipid A transferase MCR-11.1,COLISTIN,COLISTIN
mcr-2,phosphoethanolamine--lipid A transferase MCR-2.1,COLISTIN,COLISTIN
mcr-2,phosphoethanolamine--lipid A transferase MCR-2.2,COLISTIN,COLISTIN
mcr-2,phosphoethanolamine--lipid A transferase MCR-2.3,COLISTIN,COLISTIN
mcr-2,phosphoethanolamine--lipid A transferase MCR-2.4,COLISTIN,COLISTIN
mcr-2,phosphoethanolamine--lipid A transferase MCR-2.5,COLISTIN,COLISTIN
mcr-2,phosphoethanolamine--lipid A transferase MCR-2.6,COLISTIN,COLISTIN
mcr-2,phosphoethanolamine--lipid A transferase MCR-2.7,COLISTIN,COLISTIN
mcr-2,phosphoethanolamine--lipid A transferase MCR-2.8,COLISTIN,COLISTIN
mcr-3,phosphoethanolamine--lipid A transferase MCR-3.10,COLISTIN,COLISTIN
mcr-3,phosphoethanolamine--lipid A transferase MCR-3.11,COLISTIN,COLISTIN
mcr-3,phosphoethanolamine--lipid A transferase MCR-3.12,COLISTIN,COLISTIN
mcr-3,phosphoethanolamine--lipid A transferase MCR-3.13,COLISTIN,COLISTIN
mcr-3,phosphoethanolamine--lipid A transferase MCR-3.14,COLISTIN,COLISTIN
mcr-3,phosphoethanolamine--lipid A transferase MCR-3.15,COLISTIN,COLISTIN
mcr-3,phosphoethanolamine--lipid A transferase MCR-3.16,COLISTIN,COLISTIN
mcr-3,phosphoethanolamine--lipid A transferase MCR-3.17,COLISTIN,COLISTIN
mcr-3,phosphoethanolamine--lipid A transferase MCR-3.18,COLISTIN,COLISTIN
mcr-3,phosphoethanolamine--lipid A transferase MCR-3.19,COLISTIN,COLISTIN
mcr-3,phosphoethanolamine--lipid A transferase MCR-3.1,COLISTIN,COLISTIN
mcr-3,phosphoethanolamine--lipid A transferase MCR-3.20,COLISTIN,COLISTIN
mcr-3,phosphoethanolamine--lipid A transferase MCR-3.21,COLISTIN,COLISTIN
mcr-3,phosphoethanolamine--lipid A transferase MCR-3.22,COLISTIN,COLISTIN
mcr-3,phosphoethanolamine--lipid A transferase MCR-3.23,COLISTIN,COLISTIN
mcr-3,phosphoethanolamine--lipid A transferase MCR-3.24,COLISTIN,COLISTIN
mcr-3,phosphoethanolamine--lipid A transferase MCR-3.25,COLISTIN,COLISTIN
mcr-3,phosphoethanolamine--lipid A transferase MCR-3.26,COLISTIN,COLISTIN
mcr-3,phosphoethanolamine--lipid A transferase MCR-3.27,COLISTIN,COLISTIN
mcr-3,phosphoethanolamine--lipid A transferase MCR-3.28,COLISTIN,COLISTIN
mcr-3,phosphoethanolamine--lipid A transferase MCR-3.29,COLISTIN,COLISTIN
mcr-3,phosphoethanolamine--lipid A transferase MCR-3.2,COLISTIN,COLISTIN
mcr-3,phosphoethanolamine--lipid A transferase MCR-3.31,COLISTIN,COLISTIN
mcr-3,phosphoethanolamine--lipid A transferase MCR-3.32,COLISTIN,COLISTIN
mcr-3,phosphoethanolamine--lipid A transferase MCR-3.33,COLISTIN,COLISTIN
mcr-3,phosphoethanolamine--lipid A transferase MCR-3.34,COLISTIN,COLISTIN
mcr-3,phosphoethanolamine--lipid A transferase MCR-3.35,COLISTIN,COLISTIN
mcr-3,phosphoethanolamine--lipid A transferase MCR-3.36,COLISTIN,COLISTIN
mcr-3,phosphoethanolamine--lipid A transferase MCR-3.37,COLISTIN,COLISTIN
mcr-3,phosphoethanolamine--lipid A transferase MCR-3.38,COLISTIN,COLISTIN
mcr-3,phosphoethanolamine--lipid A transferase MCR-3.39,COLISTIN,COLISTIN
mcr-3,phosphoethanolamine--lipid A transferase MCR-3.3,COLISTIN,COLISTIN
mcr-3,phosphoethanolamine--lipid A transferase MCR-3.40,COLISTIN,COLISTIN
mcr-3,phosphoethanolamine--lipid A transferase MCR-3.41,COLISTIN,COLISTIN
mcr-3,phosphoethanolamine--lipid A transferase MCR-3.42,COLISTIN,COLISTIN
mcr-3,phosphoethanolamine--lipid A transferase MCR-3.4,COLISTIN,COLISTIN
mcr-3,phosphoethanolamine--lipid A transferase MCR-3.5,COLISTIN,COLISTIN
mcr-3,phosphoethanolamine--lipid A transferase MCR-3.6,COLISTIN,COLISTIN
mcr-3,phosphoethanolamine--lipid A transferase MCR-3.7,COLISTIN,COLISTIN
mcr-3,phosphoethanolamine--lipid A transferase MCR-3.8,COLISTIN,COLISTIN
mcr-3,phosphoethanolamine--lipid A transferase MCR-3.9,COLISTIN,COLISTIN
mcr-4,phosphoethanolamine--lipid A transferase MCR-4.1,COLISTIN,COLISTIN
mcr-4,phosphoethanolamine--lipid A transferase MCR-4.2,COLISTIN,COLISTIN
mcr-4,phosphoethanolamine--lipid A transferase MCR-4.3,COLISTIN,COLISTIN
mcr-4,phosphoethanolamine--lipid A transferase MCR-4.4,COLISTIN,COLISTIN
mcr-4,phosphoethanolamine--lipid A transferase MCR-4.5,COLISTIN,COLISTIN
mcr-4,phosphoethanolamine--lipid A transferase MCR-4.6,COLISTIN,COLISTIN
mcr-4,phosphoethanolamine--lipid A transferase MCR-4.7,COLISTIN,COLISTIN
mcr-4,phosphoethanolamine--lipid A transferase MCR-4.8,COLISTIN,COLISTIN
mcr-4,phosphoethanolamine--lipid A transferase MCR-4.9,COLISTIN,COLISTIN
mcr-5,phosphoethanolamine--lipid A transferase MCR-5.1,COLISTIN,COLISTIN
mcr-5,phosphoethanolamine--lipid A transferase MCR-5.2,COLISTIN,COLISTIN
mcr-5,phosphoethanolamine--lipid A transferase MCR-5.3,COLISTIN,COLISTIN
mcr-5,phosphoethanolamine--lipid A transferase MCR-5.4,COLISTIN,COLISTIN
mcr-5,phosphoethanolamine--lipid A transferase MCR-5.5,COLISTIN,COLISTIN
mcr-6,phosphoethanolamine--lipid A transferase MCR-6.1,COLISTIN,COLISTIN
mcr-7,phosphoethanolamine--lipid A transferase MCR-7.1,COLISTIN,COLISTIN
mcr-8,phosphoethanolamine--lipid A transferase MCR-8.1,COLISTIN,COLISTIN
mcr-8,phosphoethanolamine--lipid A transferase MCR-8.2,COLISTIN,COLISTIN
mcr-8,phosphoethanolamine--lipid A transferase MCR-8.3,COLISTIN,COLISTIN
mcr-8,phosphoethanolamine--lipid A transferase MCR-8.4,COLISTIN,COLISTIN
mcr-9,phosphoethanolamine--lipid A transferase MCR-9.1,COLISTIN,COLISTIN
mcr-9,phosphoethanolamine--lipid A transferase MCR-9.2,COLISTIN,COLISTIN
mcr-9,phosphoethanolamine--lipid A transferase MCR-9.3,COLISTIN,COLISTIN
mdrA,peptidoglycan DD-transpeptidase MrdA,BETA-LACTAM,CEFTAZIDIME-AVIBACTAM
mexB,multidrug efflux RND transporter permease subunit MexB,BETA-LACTAM,CARBAPENEM/VABORBACTAM
mexB,multidrug efflux RND transporter permease subunit MexB,BETA-LACTAM/QUINOLONE/TETRACYCLINE,BETA-LACTAM/QUINOLONE/TETRACYCLINE
mexD,multidrug efflux RND transporter permease subunit MexD,AZABICYCLOALKANE,AVIBACTAM
mexD,multidrug efflux RND transporter permease subunit MexD,AZABICYCLOALKANE,AVIBACTAM
mexR,MarR family transcriptional repressor MexR,BETA-LACTAM,CEPHALOSPORIN
mexR,MarR family transcriptional repressor MexR,BETA-LACTAM,CEPHALOSPORIN
mexR,MarR family transcriptional repressor MexR,BETA-LACTAM,CARBAPENEM/VABORBACTAM
mexR,MarR family transcriptional repressor MexR,BETA-LACTAM,AZTREONAM/AZTREONAM-AVIBACTAM/CARBAPENEM/VABORBACTAM
mexR,MarR family transcriptional repressor MexR,BETA-LACTAM,CEPHALOSPORIN
mexR,MarR family transcriptional repressor MexR,BETA-LACTAM,CEPHALOSPORIN
mexR,MarR family transcriptional repressor MexR,BETA-LACTAM,AZTREONAM
mexR,MarR family transcriptional repressor MexR,BETA-LACTAM,CARBAPENEM
mexR,MarR family transcriptional repressor MexR,BETA-LACTAM,CARBAPENEM
mexR,MarR family transcriptional repressor MexR,BETA-LACTAM,CEPHALOSPORIN
mexR,MarR family transcriptional repressor MexR,BETA-LACTAM,CEPHALOSPORIN
mexR,MarR family transcriptional repressor MexR,BETA-LACTAM,CARBAPENEM
mexR,MarR family transcriptional repressor MexR,BETA-LACTAM,AZTREONAM/AZTREONAM-AVIBACTAM/CARBAPENEM/VABORBACTAM
mexR,MarR family transcriptional repressor MexR,BETA-LACTAM,AZTREONAM/AZTREONAM-AVIBACTAM/CARBAPENEM/VABORBACTAM
mexT,LysR substrate-binding domain-containing protein MexT,PHENICOL/QUINOLONE/TRIMETHOPRIM,CHLORAMPHENICOL/QUINOLONE/TRIMETHOPRIM
mexY,multidrug efflux RND transporter permease subunit MexY,BETA-LACTAM,CEPHALOSPORIN
mexZ,TetR family transcriptional regulator MexZ,BETA-LACTAM,CARBAPENEM
mexZ,TetR family transcriptional regulator MexZ,BETA-LACTAM,CEPHALOSPORIN
mexZ,TetR family transcriptional regulator MexZ,BETA-LACTAM,CEPHALOSPORIN
mexZ,TetR family transcriptional regulator MexZ,BETA-LACTAM,CARBAPENEM
mexZ,TetR family transcriptional regulator MexZ,BETA-LACTAM,CEPHALOSPORIN
mexZ,TetR family transcriptional regulator MexZ,BETA-LACTAM,CARBAPENEM
mexZ,TetR family transcriptional regulator MexZ,BETA-LACTAM,CARBAPENEM
mexZ,TetR family transcriptional regulator MexZ,BETA-LACTAM,CARBAPENEM
mexZ,TetR family transcriptional regulator MexZ,BETA-LACTAM,CEPHALOSPORIN
mexZ,TetR family transcriptional regulator MexZ,BETA-LACTAM,CARBAPENEM
mgrB,PhoP/PhoQ regulator MgrB,COLISTIN,COLISTIN
mgrB,PhoP/PhoQ regulator MgrB,COLISTIN,COLISTIN
mgrB,PhoP/PhoQ regulator MgrB,COLISTIN,COLISTIN
mgrB,PhoP/PhoQ regulator MgrB,COLISTIN,COLISTIN
mgrB,PhoP/PhoQ regulator MgrB,COLISTIN,COLISTIN
mgrB,PhoP/PhoQ regulator MgrB,COLISTIN,COLISTIN
mgrB,PhoP/PhoQ regulator MgrB,COLISTIN,COLISTIN
mgrB,PhoP/PhoQ regulator MgrB,COLISTIN,COLISTIN
mgrB,PhoP/PhoQ regulator MgrB,COLISTIN,COLISTIN
mgrB,PhoP/PhoQ regulator MgrB,COLISTIN,COLISTIN
mgrB,PhoP/PhoQ regulator MgrB,COLISTIN,COLISTIN
mgrB,PhoP/PhoQ regulator MgrB,COLISTIN,COLISTIN
mgrB,PhoP/PhoQ regulator MgrB,COLISTIN,COLISTIN
mgrB,PhoP/PhoQ regulator MgrB,COLISTIN,COLISTIN
mgrB,PhoP/PhoQ regulator MgrB,COLISTIN,COLISTIN
mgrB,PhoP/PhoQ regulator MgrB,COLISTIN,COLISTIN
mprF,bifunctional lysylphosphatidylglycerol flippase/synthetase MprF,LIPOPEPTIDE,DAPTOMYCIN
mprF,bifunctional lysylphosphatidylglycerol flippase/synthetase MprF,LIPOPEPTIDE,DAPTOMYCIN
mprF,bifunctional lysylphosphatidylglycerol flippase/synthetase MprF,LIPOPEPTIDE,DAPTOMYCIN
mprF,bifunctional lysylphosphatidylglycerol flippase/synthetase MprF,LIPOPEPTIDE,DAPTOMYCIN
mprF,bifunctional lysylphosphatidylglycerol flippase/synthetase MprF,LIPOPEPTIDE,DAPTOMYCIN
mprF,bifunctional lysylphosphatidylglycerol flippase/synthetase MprF,LIPOPEPTIDE,DAPTOMYCIN
mprF,bifunctional lysylphosphatidylglycerol flippase/synthetase MprF,LIPOPEPTIDE,DAPTOMYCIN
mprF,bifunctional lysylphosphatidylglycerol flippase/synthetase MprF,LIPOPEPTIDE,DAPTOMYCIN
mprF,bifunctional lysylphosphatidylglycerol flippase/synthetase MprF,LIPOPEPTIDE,DAPTOMYCIN
mprF,bifunctional lysylphosphatidylglycerol flippase/synthetase MprF,LIPOPEPTIDE,DAPTOMYCIN
mprF,bifunctional lysylphosphatidylglycerol flippase/synthetase MprF,LIPOPEPTIDE,DAPTOMYCIN
mprF,bifunctional lysylphosphatidylglycerol flippase/synthetase MprF,LIPOPEPTIDE,DAPTOMYCIN
mprF,bifunctional lysylphosphatidylglycerol flippase/synthetase MprF,LIPOPEPTIDE,DAPTOMYCIN
mreE,penicillin-binding protein MreE,BETA-LACTAM,CEPHALOSPORIN
mreE,penicillin-binding protein MreE,BETA-LACTAM,CEPHALOSPORIN
mreE,penicillin-binding protein MreE,BETA-LACTAM,CEPHALOSPORIN
mreE,penicillin-binding protein MreE,BETA-LACTAM,CEPHALOSPORIN
mreE,penicillin-binding protein MreE,BETA-LACTAM,CEPHALOSPORIN
mreE,penicillin-binding protein MreE,BETA-LACTAM,CEPHALOSPORIN
mreE,penicillin-binding protein MreE,BETA-LACTAM,CEPHALOSPORIN
mreE,penicillin-binding protein MreE,BETA-LACTAM,CEPHALOSPORIN
mreE,penicillin-binding protein MreE,BETA-LACTAM,CEPHALOSPORIN
mtrC,multidrug efflux RND transporter periplasmic adaptor subunit MtrC promoter region,BETA-LACTAM/MACROLIDE/TETRACYCLINE,AZITHROMYCIN/BETA-LACTAM/TETRACYCLINE
mtrR,multidrug efflux system transcriptional repressor MtrR promoter region,BETA-LACTAM/MACROLIDE/TETRACYCLINE,AZITHROMYCIN/BETA-LACTAM/TETRACYCLINE
mtrR,multidrug efflux system transcriptional repressor MtrR promoter region,BETA-LACTAM/TETRACYCLINE,BETA-LACTAM/TETRACYCLINE
mtrR,multidrug efflux system transcriptional repressor MtrR,BETA-LACTAM/MACROLIDE/TETRACYCLINE,AZITHROMYCIN/BETA-LACTAM/TETRACYCLINE
mtrR,multidrug efflux system transcriptional repressor MtrR promoter region,BETA-LACTAM/MACROLIDE/TETRACYCLINE,AZITHROMYCIN/BETA-LACTAM/TETRACYCLINE
mtrR,multidrug efflux system transcriptional repressor MtrR,BETA-LACTAM/MACROLIDE/TETRACYCLINE,AZITHROMYCIN/CEPHALOSPORIN/TETRACYCLINE
mtrR,multidrug efflux system transcriptional repressor MtrR,BETA-LACTAM/MACROLIDE/TETRACYCLINE,AZITHROMYCIN/BETA-LACTAM/TETRACYCLINE
murA,UDP-N-acetylglucosamine 1-carboxyvinyltransferase MurA,FOSFOMYCIN,FOSFOMYCIN
murA,UDP-N-acetylglucosamine 1-carboxyvinyltransferase MurA,FOSFOMYCIN,FOSFOMYCIN
murA,UDP-N-acetylglucosamine 1-carboxyvinyltransferase MurA,FOSFOMYCIN,FOSFOMYCIN
murA,UDP-N-acetylglucosamine 1-carboxyvinyltransferase MurA,FOSFOMYCIN,FOSFOMYCIN
murA,UDP-N-acetylglucosamine 1-carboxyvinyltransferase MurA,FOSFOMYCIN,FOSFOMYCIN
murA,UDP-N-acetylglucosamine 1-carboxyvinyltransferase MurA,FOSFOMYCIN,FOSFOMYCIN
murA,UDP-N-acetylglucosamine 1-carboxyvinyltransferase MurA,FOSFOMYCIN,FOSFOMYCIN
murA,UDP-N-acetylglucosamine 1-carboxyvinyltransferase MurA,FOSFOMYCIN,FOSFOMYCIN
murA,UDP-N-acetylglucosamine 1-carboxyvinyltransferase MurA,FOSFOMYCIN,FOSFOMYCIN
murA,UDP-N-acetylglucosamine 1-carboxyvinyltransferase MurA,FOSFOMYCIN,FOSFOMYCIN
murA,UDP-N-acetylglucosamine 1-carboxyvinyltransferase MurA,FOSFOMYCIN,FOSFOMYCIN
murA,UDP-N-acetylglucosamine 1-carboxyvinyltransferase MurA,FOSFOMYCIN,FOSFOMYCIN
murG,undecaprenyldiphospho-muramoylpentapeptide beta-N-acetylglucosaminyltransferase MurG,GLYCOPEPTIDE,VANCOMYCIN
nalC,efflux system transcriptional repressor NalC,BETA-LACTAM,AZTREONAM
nalC,efflux system transcriptional repressor NalC,BETA-LACTAM,CARBAPENEM
nalC,efflux system transcriptional repressor NalC,BETA-LACTAM,CARBAPENEM
nalD,efflux system transcriptional repressor NalD,BETA-LACTAM,AZTREONAM
nalD,efflux system transcriptional repressor NalD,BETA-LACTAM,CARBAPENEM/VABORBACTAM
nalD,efflux system transcriptional repressor NalD,BETA-LACTAM,CARBAPENEM
nalD,efflux system transcriptional repressor NalD,BETA-LACTAM,CARBAPENEM/VABORBACTAM
nfsA,nitroreductase NfsA,NITROFURAN,NITROFURANTOIN
nfsA,nitroreductase NfsA,NITROFURAN,NITROFURANTOIN
nfsA,nitroreductase NfsA,NITROFURAN,NITROFURANTOIN
nfsA,nitroreductase NfsA,NITROFURAN,NITROFURANTOIN
nfsA,nitroreductase NfsA,NITROFURAN,NITROFURANTOIN
nfsA,nitroreductase NfsA,NITROFURAN,NITROFURANTOIN
nfsA,nitroreductase NfsA,NITROFURAN,NITROFURANTOIN
nfsA,nitroreductase NfsA,NITROFURAN,NITROFURANTOIN
nfsA,nitroreductase NfsA,NITROFURAN,NITROFURANTOIN
nfsA,nitroreductase NfsA,NITROFURAN,NITROFURANTOIN
nfsA,nitroreductase NfsA,NITROFURAN,NITROFURANTOIN
nfsA,nitroreductase NfsA,NITROFURAN,NITROFURANTOIN
nfsA,nitroreductase NfsA,NITROFURAN,NITROFURANTOIN
nfsA,nitroreductase NfsA,NITROFURAN,NITROFURANTOIN
nfsA,nitroreductase NfsA,NITROFURAN,NITROFURANTOIN
nfsA,nitroreductase NfsA,NITROFURAN,NITROFURANTOIN
nfsB,oxygen-insensitive NAD(P)H nitroreductase NfsB,NITROFURAN,NITROFURANTOIN
nfsB,oxygen-insensitive NAD(P)H nitroreductase NfsB,NITROFURAN,NITROFURANTOIN
nfsB,oxygen-insensitive NAD(P)H nitroreductase NfsB,NITROFURAN,NITROFURANTOIN
nfsB,oxygen-insensitive NAD(P)H nitroreductase NfsB,NITROFURAN,NITROFURANTOIN
nfxB,efflux pump transcriptional repressor NfxB,QUINOLONE,QUINOLONE
nfxB,efflux pump transcriptional repressor NfxB,QUINOLONE,QUINOLONE
nfxB,efflux pump transcriptional repressor NfxB,COLISTIN,COLISTIN
nfxB,efflux pump transcriptional repressor NfxB,QUINOLONE,QUINOLONE
norM,sodium-coupled multidrug efflux MATE transporter NorM promoter region,QUINOLONE,QUINOLONE
norM,sodium-coupled multidrug efflux MATE transporter NorM promoter region,QUINOLONE,QUINOLONE
npmB,16S rRNA (adenine(1408)-N(1))-methyltransferase NpmB1,AMINOGLYCOSIDE,AMINOGLYCOSIDE
npmB,16S rRNA (adenine(1408)-N(1))-methyltransferase NpmB2,AMINOGLYCOSIDE,AMINOGLYCOSIDE
ompC,outer membrane porin C OmpC,BETA-LACTAM,CARBAPENEM
ompC,outer membrane porin C OmpC,BETA-LACTAM,CARBAPENEM
ompC,outer membrane porin C OmpC,BETA-LACTAM,CARBAPENEM
ompF,outer membrane protein F OmpF,BETA-LACTAM,CEPHALOSPORIN
ompF,outer membrane protein F OmpF,BETA-LACTAM,CEPHALOSPORIN
ompF,outer membrane protein F OmpF,BETA-LACTAM,CARBAPENEM
ompF,outer membrane protein F OmpF,BETA-LACTAM,CARBAPENEM
ompK35,outer membrane porin OmpK35,BETA-LACTAM,CARBAPENEM
ompK35,outer membrane porin OmpK35,BETA-LACTAM,CARBAPENEM
ompK36,outer membrane porin OmpK36,BETA-LACTAM,CEFTIBUTEN/CEFTIBUTEN-AVIBACTAM
ompK36,outer membrane porin OmpK36,BETA-LACTAM,CARBAPENEM
ompK36,outer membrane porin OmpK36,BETA-LACTAM,CARBAPENEM
ompK36,outer membrane porin OmpK36,BETA-LACTAM,CARBAPENEM
ompK36,outer membrane porin OmpK36,BETA-LACTAM,CARBAPENEM
ompK36,outer membrane porin OmpK36,BETA-LACTAM,CARBAPENEM
ompK36,outer membrane porin OmpK36,BETA-LACTAM,CARBAPENEM
ompK36,outer membrane porin OmpK36,BETA-LACTAM,CARBAPENEM
ompK36,outer membrane porin OmpK36,BETA-LACTAM,CARBAPENEM
ompK36,outer membrane porin OmpK36,BETA-LACTAM,CARBAPENEM
ompK36,outer membrane porin OmpK36,BETA-LACTAM,CARBAPENEM
ompK36,outer membrane porin OmpK36,BETA-LACTAM,CARBAPENEM
ompK36,outer membrane porin OmpK36,BETA-LACTAM,CARBAPENEM
ompK36,outer membrane porin OmpK36,BETA-LACTAM,CARBAPENEM
ompK36,outer membrane porin OmpK36,BETA-LACTAM,CARBAPENEM
ompK36,outer membrane porin OmpK36,BETA-LACTAM,CARBAPENEM
ompR,two-component system response regulator OmpR,BETA-LACTAM,BETA-LACTAM
ompR,two-component system response regulator OmpR,BETA-LACTAM,BETA-LACTAM
oprD,outer membrane porin OprD,BETA-LACTAM,CARBAPENEM
oprD,outer membrane porin OprD,BETA-LACTAM,CARBAPENEM
oprD,outer membrane porin OprD,BETA-LACTAM,CARBAPENEM
oprD,outer membrane porin OprD,BETA-LACTAM,CARBAPENEM
oprD,outer membrane porin OprD,BETA-LACTAM,CARBAPENEM
oprD,outer membrane porin OprD,BETA-LACTAM,CARBAPENEM
oprD,outer membrane porin OprD,BETA-LACTAM,CARBAPENEM
oprD,outer membrane porin OprD,BETA-LACTAM,CARBAPENEM
oprD,outer membrane porin OprD,BETA-LACTAM,CARBAPENEM
oprD,outer membrane porin OprD,BETA-LACTAM,CARBAPENEM
oprD,outer membrane porin OprD,BETA-LACTAM,CARBAPENEM
oprD,outer membrane porin OprD,BETA-LACTAM,CARBAPENEM
oprD,outer membrane porin OprD,BETA-LACTAM,CARBAPENEM
oprD,outer membrane porin OprD,BETA-LACTAM,CARBAPENEM
oprD,outer membrane porin OprD,BETA-LACTAM,CARBAPENEM
oprD,outer membrane porin OprD,BETA-LACTAM,CARBAPENEM
oprD,outer membrane porin OprD,BETA-LACTAM,CARBAPENEM
oprD,outer membrane porin OprD,BETA-LACTAM,CARBAPENEM
oprD,outer membrane porin OprD,BETA-LACTAM,CARBAPENEM
oprD,outer membrane porin OprD,BETA-LACTAM,CARBAPENEM
oprD,outer membrane porin OprD,BETA-LACTAM,CARBAPENEM
oprD,outer membrane porin OprD,BETA-LACTAM,CARBAPENEM
oprD,outer membrane porin OprD,BETA-LACTAM,CARBAPENEM
oprD,outer membrane porin OprD,BETA-LACTAM,CARBAPENEM
oprD,outer membrane porin OprD,BETA-LACTAM,CARBAPENEM
oprD,outer membrane porin OprD,BETA-LACTAM,CARBAPENEM
oprD,outer membrane porin OprD,BETA-LACTAM,CARBAPENEM
oprD,outer membrane porin OprD,BETA-LACTAM,CARBAPENEM
oprD,outer membrane porin OprD,BETA-LACTAM,CARBAPENEM
oprD,outer membrane porin OprD,BETA-LACTAM,CARBAPENEM
oprD,outer membrane porin OprD,BETA-LACTAM,CARBAPENEM
oprD,outer membrane porin OprD,BETA-LACTAM,CARBAPENEM
oqxA,multidrug efflux RND transporter periplasmic adaptor subunit OqxA10,PHENICOL/QUINOLONE,PHENICOL/QUINOLONE
oqxA,multidrug efflux RND transporter periplasmic adaptor subunit OqxA11,PHENICOL/QUINOLONE,PHENICOL/QUINOLONE
oqxA,multidrug efflux RND transporter periplasmic adaptor subunit OqxA2,PHENICOL/QUINOLONE,PHENICOL/QUINOLONE
oqxA,multidrug efflux RND transporter periplasmic adaptor subunit OqxA3,PHENICOL/QUINOLONE,PHENICOL/QUINOLONE
oqxA,multidrug efflux RND transporter periplasmic adaptor subunit OqxA4,PHENICOL/QUINOLONE,PHENICOL/QUINOLONE
oqxA,multidrug efflux RND transporter periplasmic adaptor subunit OqxA5,PHENICOL/QUINOLONE,PHENICOL/QUINOLONE
oqxA,multidrug efflux RND transporter periplasmic adaptor subunit OqxA6,PHENICOL/QUINOLONE,PHENICOL/QUINOLONE
oqxA,multidrug efflux RND transporter periplasmic adaptor subunit OqxA7,PHENICOL/QUINOLONE,PHENICOL/QUINOLONE
oqxA,multidrug efflux RND transporter periplasmic adaptor subunit OqxA8,PHENICOL/QUINOLONE,PHENICOL/QUINOLONE
oqxA,multidrug efflux RND transporter periplasmic adaptor subunit OqxA9,PHENICOL/QUINOLONE,PHENICOL/QUINOLONE
oqxB,multidrug efflux RND transporter permease subunit OqxB10,PHENICOL/QUINOLONE,PHENICOL/QUINOLONE
oqxB,multidrug efflux RND transporter permease subunit OqxB11,PHENICOL/QUINOLONE,PHENICOL/QUINOLONE
oqxB,multidrug efflux RND transporter permease subunit OqxB12,PHENICOL/QUINOLONE,PHENICOL/QUINOLONE
oqxB,multidrug efflux RND transporter permease subunit OqxB13,PHENICOL/QUINOLONE,PHENICOL/QUINOLONE
oqxB,multidrug efflux RND transporter permease subunit OqxB14,PHENICOL/QUINOLONE,PHENICOL/QUINOLONE
oqxB,multidrug efflux RND transporter permease subunit OqxB15,PHENICOL/QUINOLONE,PHENICOL/QUINOLONE
oqxB,multidrug efflux RND transporter permease subunit OqxB16,PHENICOL/QUINOLONE,PHENICOL/QUINOLONE
oqxB,multidrug efflux RND transporter permease subunit OqxB17,PHENICOL/QUINOLONE,PHENICOL/QUINOLONE
oqxB,multidrug efflux RND transporter permease subunit OqxB18,PHENICOL/QUINOLONE,PHENICOL/QUINOLONE
oqxB,multidrug efflux RND transporter permease subunit OqxB19,PHENICOL/QUINOLONE,PHENICOL/QUINOLONE
oqxB,multidrug efflux RND transporter permease subunit OqxB20,PHENICOL/QUINOLONE,PHENICOL/QUINOLONE
oqxB,multidrug efflux RND transporter permease subunit OqxB21,PHENICOL/QUINOLONE,PHENICOL/QUINOLONE
oqxB,multidrug efflux RND transporter permease subunit OqxB22,PHENICOL/QUINOLONE,PHENICOL/QUINOLONE
oqxB,multidrug efflux RND transporter permease subunit OqxB23,PHENICOL/QUINOLONE,PHENICOL/QUINOLONE
oqxB,multidrug efflux RND transporter permease subunit OqxB24,PHENICOL/QUINOLONE,PHENICOL/QUINOLONE
oqxB,multidrug efflux RND transporter permease subunit OqxB25,PHENICOL/QUINOLONE,PHENICOL/QUINOLONE
oqxB,multidrug efflux RND transporter permease subunit OqxB26,PHENICOL/QUINOLONE,PHENICOL/QUINOLONE
oqxB,multidrug efflux RND transporter permease subunit OqxB27,PHENICOL/QUINOLONE,PHENICOL/QUINOLONE
oqxB,multidrug efflux RND transporter permease subunit OqxB28,PHENICOL/QUINOLONE,PHENICOL/QUINOLONE
oqxB,multidrug efflux RND transporter permease subunit OqxB29,PHENICOL/QUINOLONE,PHENICOL/QUINOLONE
oqxB,multidrug efflux RND transporter permease subunit OqxB2,PHENICOL/QUINOLONE,PHENICOL/QUINOLONE
oqxB,multidrug efflux RND transporter permease subunit OqxB30,PHENICOL/QUINOLONE,PHENICOL/QUINOLONE
oqxB,multidrug efflux RND transporter permease subunit OqxB31,PHENICOL/QUINOLONE,PHENICOL/QUINOLONE
oqxB,multidrug efflux RND transporter permease subunit OqxB32,PHENICOL/QUINOLONE,PHENICOL/QUINOLONE
oqxB,multidrug efflux RND transporter permease subunit OqxB3,PHENICOL/QUINOLONE,PHENICOL/QUINOLONE
oqxB,multidrug efflux RND transporter permease subunit OqxB4,PHENICOL/QUINOLONE,PHENICOL/QUINOLONE
oqxB,multidrug efflux RND transporter permease subunit OqxB5,PHENICOL/QUINOLONE,PHENICOL/QUINOLONE
oqxB,multidrug efflux RND transporter permease subunit OqxB6,PHENICOL/QUINOLONE,PHENICOL/QUINOLONE
oqxB,multidrug efflux RND transporter permease subunit OqxB7,PHENICOL/QUINOLONE,PHENICOL/QUINOLONE
oqxB,multidrug efflux RND transporter permease subunit OqxB8,PHENICOL/QUINOLONE,PHENICOL/QUINOLONE
oqxB,multidrug efflux RND transporter permease subunit OqxB9,PHENICOL/QUINOLONE,PHENICOL/QUINOLONE
oqxR,Rrf2 family transcriptional regulator OqxR,TETRACYCLINE,TIGECYCLINE
oqxR,Rrf2 family transcriptional regulator OqxR,TETRACYCLINE,TIGECYCLINE
oqxR,Rrf2 family transcriptional regulator OqxR,TETRACYCLINE,TIGECYCLINE
oqxR,Rrf2 family transcriptional regulator OqxR,TETRACYCLINE,TIGECYCLINE
oqxR,Rrf2 family transcriptional regulator OqxR,TETRACYCLINE,TIGECYCLINE
parC,DNA topoisomerase IV subunit A ParC,QUINOLONE,QUINOLONE
parC,DNA topoisomerase IV subunit A ParC,QUINOLONE,QUINOLONE
parC,DNA topoisomerase IV subunit A ParC,QUINOLONE,QUINOLONE
parC,DNA topoisomerase IV subunit A ParC,QUINOLONE,QUINOLONE
parC,DNA topoisomerase IV subunit A ParC,QUINOLONE,QUINOLONE
parC,DNA topoisomerase IV subunit A ParC,QUINOLONE,QUINOLONE
parC,DNA topoisomerase IV subunit A ParC,QUINOLONE,QUINOLONE
parC,DNA topoisomerase IV subunit A ParC,QUINOLONE,QUINOLONE
parC,DNA topoisomerase IV subunit A ParC,QUINOLONE,QUINOLONE
parC,DNA topoisomerase IV subunit A ParC,QUINOLONE,QUINOLONE
parC,DNA topoisomerase IV subunit A ParC,QUINOLONE,QUINOLONE
parC,DNA topoisomerase IV subunit A ParC,QUINOLONE,QUINOLONE
parC,DNA topoisomerase IV subunit A ParC,QUINOLONE,QUINOLONE
parC,DNA topoisomerase IV subunit A ParC,QUINOLONE,QUINOLONE
parC,DNA topoisomerase IV subunit A ParC,QUINOLONE,QUINOLONE
parC,DNA topoisomerase IV subunit A ParC,QUINOLONE,QUINOLONE
parC,DNA topoisomerase IV subunit A ParC,QUINOLONE,QUINOLONE
parC,DNA topoisomerase IV subunit A ParC,QUINOLONE,QUINOLONE
parC,DNA topoisomerase IV subunit A ParC,QUINOLONE,QUINOLONE
parC,DNA topoisomerase IV subunit A ParC,QUINOLONE,QUINOLONE
parC,DNA topoisomerase IV subunit A ParC,QUINOLONE,QUINOLONE
parC,DNA topoisomerase IV subunit A ParC,QUINOLONE,QUINOLONE
parC,DNA topoisomerase IV subunit A ParC,QUINOLONE,QUINOLONE
parC,DNA topoisomerase IV subunit A ParC,QUINOLONE,QUINOLONE
parC,DNA topoisomerase IV subunit A ParC,QUINOLONE,QUINOLONE
parC,DNA topoisomerase IV subunit A ParC,QUINOLONE,QUINOLONE
parC,DNA topoisomerase IV subunit A ParC,QUINOLONE,QUINOLONE
parC,DNA topoisomerase IV subunit A ParC,QUINOLONE,QUINOLONE
parC,DNA topoisomerase IV subunit A ParC,QUINOLONE,QUINOLONE
parC,DNA topoisomerase IV subunit A ParC,QUINOLONE,QUINOLONE
parC,DNA topoisomerase IV subunit A ParC,QUINOLONE,QUINOLONE
parC,DNA topoisomerase IV subunit A ParC,QUINOLONE,QUINOLONE
parC,DNA topoisomerase IV subunit A ParC,QUINOLONE,QUINOLONE
parC,DNA topoisomerase IV subunit A ParC,QUINOLONE,QUINOLONE
parC,DNA topoisomerase IV subunit A ParC,QUINOLONE,QUINOLONE
parC,DNA topoisomerase IV subunit A ParC,QUINOLONE,QUINOLONE
parC,DNA topoisomerase IV subunit A ParC,QUINOLONE,QUINOLONE
parC,DNA topoisomerase IV subunit A ParC,QUINOLONE,QUINOLONE
parC,DNA topoisomerase IV subunit A ParC,QUINOLONE,QUINOLONE
parC,DNA topoisomerase IV subunit A ParC,QUINOLONE,QUINOLONE
parC,DNA topoisomerase IV subunit A ParC,QUINOLONE,QUINOLONE
parC,DNA topoisomerase IV subunit A ParC,QUINOLONE,QUINOLONE
parC,DNA topoisomerase IV subunit A ParC,QUINOLONE,QUINOLONE
parC,DNA topoisomerase IV subunit A ParC,QUINOLONE,QUINOLONE
parC,DNA topoisomerase IV subunit A ParC,QUINOLONE,QUINOLONE
parC,DNA topoisomerase IV subunit A ParC,QUINOLONE,QUINOLONE
parC,DNA topoisomerase IV subunit A ParC,QUINOLONE,QUINOLONE
parC,DNA topoisomerase IV subunit A ParC,QUINOLONE,QUINOLONE
parC,DNA topoisomerase IV subunit A ParC,QUINOLONE,QUINOLONE
parC,DNA topoisomerase IV subunit A ParC,QUINOLONE,QUINOLONE
parC,DNA topoisomerase IV subunit A ParC,QUINOLONE,QUINOLONE
parC,DNA topoisomerase IV subunit A ParC,QUINOLONE,QUINOLONE
parC,DNA topoisomerase IV subunit A ParC,QUINOLONE,QUINOLONE
parC,DNA topoisomerase IV subunit A ParC,QUINOLONE,QUINOLONE
parC,DNA topoisomerase IV subunit A ParC,QUINOLONE,QUINOLONE
parC,DNA topoisomerase IV subunit A ParC,QUINOLONE,QUINOLONE
parC,DNA topoisomerase IV subunit A ParC,QUINOLONE,QUINOLONE
parC,DNA topoisomerase IV subunit A ParC,QUINOLONE,QUINOLONE
parC,DNA topoisomerase IV subunit A ParC,QUINOLONE,QUINOLONE
parC,DNA topoisomerase IV subunit A ParC,QUINOLONE,QUINOLONE
parC,DNA topoisomerase IV subunit A ParC,QUINOLONE,QUINOLONE
parC,DNA topoisomerase IV subunit A ParC,QUINOLONE,QUINOLONE
parC,DNA topoisomerase IV subunit A ParC,QUINOLONE,QUINOLONE
parC,DNA topoisomerase IV subunit A ParC,QUINOLONE,QUINOLONE
parC,DNA topoisomerase IV subunit A ParC,QUINOLONE,QUINOLONE
parC,DNA topoisomerase IV subunit A ParC,QUINOLONE,QUINOLONE
parC,DNA topoisomerase IV subunit A ParC,QUINOLONE,QUINOLONE
parC,DNA topoisomerase IV subunit A ParC,QUINOLONE,QUINOLONE
parC,DNA topoisomerase IV subunit A ParC,QUINOLONE,QUINOLONE
parC,DNA topoisomerase IV subunit A ParC,QUINOLONE,QUINOLONE
parC,DNA topoisomerase IV subunit A ParC,QUINOLONE,QUINOLONE
parC,DNA topoisomerase IV subunit A ParC,QUINOLONE,QUINOLONE
parC,DNA topoisomerase IV subunit A ParC,QUINOLONE,QUINOLONE
parC,DNA topoisomerase IV subunit A ParC,QUINOLONE,QUINOLONE
parC,DNA topoisomerase IV subunit A ParC,QUINOLONE,QUINOLONE
parC,DNA topoisomerase IV subunit A ParC,QUINOLONE,QUINOLONE
parC,DNA topoisomerase IV subunit A ParC,QUINOLONE,QUINOLONE
parC,DNA topoisomerase IV subunit A ParC,QUINOLONE,QUINOLONE
parC,DNA topoisomerase IV subunit A ParC,QUINOLONE,QUINOLONE
parC,DNA topoisomerase IV subunit A ParC,QUINOLONE,QUINOLONE
parC,DNA topoisomerase IV subunit A ParC,QUINOLONE,QUINOLONE
parC,DNA topoisomerase IV subunit A ParC,QUINOLONE,QUINOLONE
parC,DNA topoisomerase IV subunit A ParC,QUINOLONE,QUINOLONE
parE,DNA topoisomerase IV subunit B ParE,QUINOLONE,QUINOLONE
parE,DNA topoisomerase IV subunit B ParE,QUINOLONE,QUINOLONE
parE,DNA topoisomerase IV subunit B ParE,QUINOLONE,QUINOLONE
parE,DNA topoisomerase IV subunit B ParE,QUINOLONE,QUINOLONE
parE,DNA topoisomerase IV subunit B ParE,QUINOLONE,QUINOLONE
parE,DNA topoisomerase IV subunit B ParE,QUINOLONE,QUINOLONE
parE,DNA topoisomerase IV subunit B ParE,QUINOLONE,QUINOLONE
parE,DNA topoisomerase IV subunit B ParE,QUINOLONE,QUINOLONE
parE,DNA topoisomerase IV subunit B ParE,QUINOLONE,QUINOLONE
parE,DNA topoisomerase IV subunit B ParE,QUINOLONE,QUINOLONE
parE,DNA topoisomerase IV subunit B ParE,QUINOLONE,QUINOLONE
parE,DNA topoisomerase IV subunit B ParE,QUINOLONE,QUINOLONE
parE,DNA topoisomerase IV subunit B ParE,QUINOLONE,QUINOLONE
parE,DNA topoisomerase IV subunit B ParE,QUINOLONE,QUINOLONE
parE,DNA topoisomerase IV subunit B ParE,QUINOLONE,QUINOLONE
parE,DNA topoisomerase IV subunit B ParE,QUINOLONE,QUINOLONE
parE,DNA topoisomerase IV subunit B ParE,QUINOLONE,QUINOLONE
parE,DNA topoisomerase IV subunit B ParE,AMINOCOUMARIN,AMINOCOUMARIN
parE,DNA topoisomerase IV subunit B ParE,QUINOLONE,QUINOLONE
parE,DNA topoisomerase IV subunit B ParE,QUINOLONE,QUINOLONE
parE,DNA topoisomerase IV subunit B ParE,QUINOLONE,QUINOLONE
parE,DNA topoisomerase IV subunit B ParE,QUINOLONE,QUINOLONE
parE,DNA topoisomerase IV subunit B ParE,QUINOLONE,QUINOLONE
parE,DNA topoisomerase IV subunit B ParE,QUINOLONE,QUINOLONE
parE,DNA topoisomerase IV subunit B ParE,QUINOLONE,QUINOLONE
parE,DNA topoisomerase IV subunit B ParE,QUINOLONE,QUINOLONE
parE,DNA topoisomerase IV subunit B ParE,QUINOLONE,QUINOLONE
parE,DNA topoisomerase IV subunit B ParE,QUINOLONE,QUINOLONE
parE,DNA topoisomerase IV subunit B ParE,QUINOLONE,QUINOLONE
parE,DNA topoisomerase IV subunit B ParE,QUINOLONE,QUINOLONE
parE,DNA topoisomerase IV subunit B ParE,QUINOLONE,QUINOLONE
parE,DNA topoisomerase IV subunit B ParE,QUINOLONE,QUINOLONE
parE,DNA topoisomerase IV subunit B ParE,QUINOLONE,QUINOLONE
parE,DNA topoisomerase IV subunit B ParE,QUINOLONE,QUINOLONE
parE,DNA topoisomerase IV subunit B ParE,QUINOLONE,QUINOLONE
parE,DNA topoisomerase IV subunit B ParE,AMINOCOUMARIN,AMINOCOUMARIN
parE,DNA topoisomerase IV subunit B ParE,QUINOLONE,QUINOLONE
parE,DNA topoisomerase IV subunit B ParE,QUINOLONE,QUINOLONE
parE,DNA topoisomerase IV subunit B ParE,QUINOLONE,QUINOLONE
parE,DNA topoisomerase IV subunit B ParE,QUINOLONE,QUINOLONE
parE,DNA topoisomerase IV subunit B ParE,QUINOLONE,QUINOLONE
parE,DNA topoisomerase IV subunit B ParE,QUINOLONE,QUINOLONE
parE,DNA topoisomerase IV subunit B ParE,QUINOLONE,QUINOLONE
parE,DNA topoisomerase IV subunit B ParE,QUINOLONE,QUINOLONE
parE,DNA topoisomerase IV subunit B ParE,QUINOLONE,QUINOLONE
parE,DNA topoisomerase IV subunit B ParE,QUINOLONE,QUINOLONE
parR,two-component response regulator ParR,COLISTIN,COLISTIN
parS,sensor histidine kinase ParS,COLISTIN,COLISTIN
parS,sensor histidine kinase ParS,COLISTIN,COLISTIN
parS,sensor histidine kinase ParS,BETA-LACTAM,CARBAPENEM
parS,sensor histidine kinase ParS,COLISTIN,COLISTIN
pbp2,penicillin-binding protein PBP2,BETA-LACTAM,CEPHALOSPORIN
pbp2x,penicillin-binding protein 2X,BETA-LACTAM,BETA-LACTAM
pbp2x,penicillin-binding protein 2X,BETA-LACTAM,BETA-LACTAM
pbp4,D-alanyl-D-alanine carboxypeptidase PBP4,BETA-LACTAM,CEPHALOSPORIN
pbp4,D-alanyl-D-alanine carboxypeptidase PBP4,BETA-LACTAM,CEPHALOSPORIN
pbp4,D-alanyl-D-alanine carboxypeptidase PBP4,BETA-LACTAM,CEPHALOSPORIN
pbp4,D-alanyl-D-alanine carboxypeptidase PBP4,BETA-LACTAM,CEPHALOSPORIN
pbp4,D-alanyl-D-alanine carboxypeptidase PBP4 promoter region,BETA-LACTAM,CEPHALOSPORIN
pbp5,penicillin-binding protein 5,BETA-LACTAM,BETA-LACTAM
pbp5,penicillin-binding protein 5,BETA-LACTAM,BETA-LACTAM
pbp5,penicillin-binding protein 5,BETA-LACTAM,BETA-LACTAM
pbp5,penicillin-binding protein 5,BETA-LACTAM,BETA-LACTAM
pbp5,penicillin-binding protein 5,BETA-LACTAM,BETA-LACTAM
penA,penicillin-binding protein 2 PenA,BETA-LACTAM,CEPHALOSPORIN
penA,penicillin-binding protein 2 PenA,BETA-LACTAM,CEPHALOSPORIN
penA,penicillin-binding protein 2 PenA,BETA-LACTAM,CEPHALOSPORIN
penA,penicillin-binding protein 2 PenA,BETA-LACTAM,BETA-LACTAM
penA,penicillin-binding protein 2 PenA,BETA-LACTAM,CEPHALOSPORIN
penA,penicillin-binding protein 2 PenA,BETA-LACTAM,CEPHALOSPORIN
penA,penicillin-binding protein 2 PenA,BETA-LACTAM,CEPHALOSPORIN
penA,penicillin-binding protein 2 PenA,BETA-LACTAM,BETA-LACTAM
penA,penicillin-binding protein 2 PenA,BETA-LACTAM,CEPHALOSPORIN
penA,penicillin-binding protein 2 PenA,BETA-LACTAM,CEPHALOSPORIN
penA,penicillin-binding protein 2 PenA,BETA-LACTAM,CEPHALOSPORIN
penA,penicillin-binding protein 2 PenA,BETA-LACTAM,CEPHALOSPORIN
penA,penicillin-binding protein 2 PenA,BETA-LACTAM,CEPHALOSPORIN
penA,penicillin-binding protein 2 PenA,BETA-LACTAM,BETA-LACTAM
penA,penicillin-binding protein 2 PenA,BETA-LACTAM,BETA-LACTAM
penA,penicillin-binding protein 2 PenA,BETA-LACTAM,CEPHALOSPORIN
penA,penicillin-binding protein 2 PenA,BETA-LACTAM,CEPHALOSPORIN
penA,penicillin-binding protein 2 PenA,BETA-LACTAM,CEPHALOSPORIN
pgsA,CDP-diacylglycerol--glycerol-3-phosphate 3-phosphatidyltransferase PgsA,LIPOPEPTIDE,DAPTOMYCIN
pgsA,CDP-diacylglycerol--glycerol-3-phosphate 3-phosphatidyltransferase PgsA,LIPOPEPTIDE,DAPTOMYCIN
pgsA,CDP-diacylglycerol--glycerol-3-phosphate 3-phosphatidyltransferase PgsA,LIPOPEPTIDE,DAPTOMYCIN
pgsA,CDP-diacylglycerol--glycerol-3-phosphate 3-phosphatidyltransferase PgsA,LIPOPEPTIDE,DAPTOMYCIN
phoP,two-component system response regulator PhoP,COLISTIN,COLISTIN
phoP,two-component system response regulator PhoP,COLISTIN,COLISTIN
phoP,two-component system response regulator PhoP,COLISTIN,COLISTIN
phoP,two-component system response regulator PhoP,COLISTIN,COLISTIN
phoP,two-component system response regulator PhoP,COLISTIN,COLISTIN
phoP,two-component system response regulator PhoP,COLISTIN,COLISTIN
phoP,two-component system response regulator PhoP,COLISTIN,COLISTIN
phoQ,two-component system sensor histidine kinase PhoQ,COLISTIN,COLISTIN
phoQ,two-component system sensor histidine kinase PhoQ,COLISTIN,COLISTIN
phoQ,two-component system sensor histidine kinase PhoQ,COLISTIN,COLISTIN
phoQ,two-component system sensor histidine kinase PhoQ,COLISTIN,COLISTIN
phoQ,two-component system sensor histidine kinase PhoQ,COLISTIN,COLISTIN
phoQ,two-component system sensor histidine kinase PhoQ,COLISTIN,COLISTIN
phoQ,two-component system sensor histidine kinase PhoQ,COLISTIN,COLISTIN
phoQ,two-component system sensor histidine kinase PhoQ,COLISTIN,COLISTIN
phoQ,two-component system sensor histidine kinase PhoQ,COLISTIN,COLISTIN
phoQ,two-component system sensor histidine kinase PhoQ,COLISTIN,COLISTIN
phoQ,two-component system sensor histidine kinase PhoQ,COLISTIN,COLISTIN
phoQ,two-component system sensor histidine kinase PhoQ,COLISTIN,COLISTIN
phoQ,two-component system sensor histidine kinase PhoQ,COLISTIN,COLISTIN
phoQ,two-component system sensor histidine kinase PhoQ,COLISTIN,COLISTIN
phoQ,two-component system sensor histidine kinase PhoQ,COLISTIN,COLISTIN
phoQ,two-component system sensor histidine kinase PhoQ,COLISTIN,COLISTIN
phoQ,two-component system sensor histidine kinase PhoQ,COLISTIN,COLISTIN
phoQ,two-component system sensor histidine kinase PhoQ,COLISTIN,COLISTIN
phoQ,two-component system sensor histidine kinase PhoQ,COLISTIN,COLISTIN
phoQ,two-component system sensor histidine kinase PhoQ,COLISTIN,COLISTIN
piuA,TonB-dependent siderophore receptor PiuA,BETA-LACTAM,CEFIDEROCOL/CEPHALOSPORIN
piuD,TonB-dependent siderophore receptor PiuD,BETA-LACTAM,CEFIDEROCOL
piuD,TonB-dependent siderophore receptor PiuD,BETA-LACTAM,CEFIDEROCOL
pmrA,two-component system response regulator PmrA,COLISTIN,COLISTIN
pmrA,two-component system response regulator PmrA,COLISTIN,COLISTIN
pmrA,two-component system response regulator PmrA,COLISTIN,COLISTIN
pmrA,two-component system response regulator PmrA,COLISTIN,COLISTIN
pmrA,two-component system response regulator PmrA,COLISTIN,COLISTIN
pmrA,two-component system response regulator PmrA,COLISTIN,COLISTIN
pmrA,two-component system response regulator PmrA,COLISTIN,COLISTIN
pmrA,two-component system response regulator PmrA,COLISTIN,COLISTIN
pmrA,two-component system response regulator PmrA,COLISTIN,COLISTIN
pmrA,two-component system response regulator PmrA,COLISTIN,COLISTIN
pmrA,two-component system response regulator PmrA,COLISTIN,COLISTIN
pmrB,two-component system sensor histidine kinase PmrB,COLISTIN,COLISTIN
pmrB,two-component system sensor histidine kinase PmrB,COLISTIN,COLISTIN
pmrB,two-component system sensor histidine kinase PmrB,COLISTIN,COLISTIN
pmrB,two-component system sensor histidine kinase PmrB,COLISTIN,COLISTIN
pmrB,two-component system sensor histidine kinase PmrB,COLISTIN,COLISTIN
pmrB,two-component system sensor histidine kinase PmrB,COLISTIN,COLISTIN
pmrB,two-component system sensor histidine kinase PmrB,COLISTIN,COLISTIN
pmrB,two-component system sensor histidine kinase PmrB,COLISTIN,COLISTIN
pmrB,two-component system sensor histidine kinase PmrB,COLISTIN,COLISTIN
pmrB,two-component system sensor histidine kinase PmrB,COLISTIN,COLISTIN
pmrB,two-component system sensor histidine kinase PmrB,COLISTIN,COLISTIN
pmrB,two-component system sensor histidine kinase PmrB,COLISTIN,COLISTIN
pmrB,two-component system sensor histidine kinase PmrB,COLISTIN,COLISTIN
pmrB,two-component system sensor histidine kinase PmrB,COLISTIN,COLISTIN
pmrB,two-component system sensor histidine kinase PmrB,COLISTIN,COLISTIN
pmrB,two-component system sensor histidine kinase PmrB,COLISTIN,COLISTIN
pmrB,two-component system sensor histidine kinase PmrB,COLISTIN,COLISTIN
pmrB,two-component system sensor histidine kinase PmrB,COLISTIN,COLISTIN
pmrB,two-component system sensor histidine kinase PmrB,COLISTIN,COLISTIN
pmrB,two-component system sensor histidine kinase PmrB,COLISTIN,COLISTIN
pmrB,two-component system sensor histidine kinase PmrB,COLISTIN,COLISTIN
pmrB,two-component system sensor histidine kinase PmrB,COLISTIN,COLISTIN
pmrB,two-component system sensor histidine kinase PmrB,COLISTIN,COLISTIN
pmrB,two-component system sensor histidine kinase PmrB,COLISTIN,COLISTIN
pmrB,two-component system sensor histidine kinase PmrB,COLISTIN,COLISTIN
pmrB,two-component system sensor histidine kinase PmrB,COLISTIN,COLISTIN
pmrB,two-component system sensor histidine kinase PmrB,COLISTIN,COLISTIN
pmrB,two-component system sensor histidine kinase PmrB,COLISTIN,COLISTIN
pmrB,two-component system sensor histidine kinase PmrB,COLISTIN,COLISTIN
pmrB,two-component system sensor histidine kinase PmrB,COLISTIN,COLISTIN
pmrB,two-component system sensor histidine kinase PmrB,COLISTIN,COLISTIN
pmrB,two-component system sensor histidine kinase PmrB,COLISTIN,COLISTIN
pmrB,two-component system sensor histidine kinase PmrB,COLISTIN,COLISTIN
pmrB,two-component system sensor histidine kinase PmrB,COLISTIN,COLISTIN
pmrB,two-component system sensor histidine kinase PmrB,COLISTIN,COLISTIN
pmrB,two-component system sensor histidine kinase PmrB,COLISTIN,COLISTIN
pmrB,two-component system sensor histidine kinase PmrB,COLISTIN,COLISTIN
pmrB,two-component system sensor histidine kinase PmrB,COLISTIN,COLISTIN
pmrB,two-component system sensor histidine kinase PmrB,COLISTIN,COLISTIN
pmrB,two-component system sensor histidine kinase PmrB,COLISTIN,COLISTIN
pmrB,two-component system sensor histidine kinase PmrB,COLISTIN,COLISTIN
pmrB,two-component system sensor histidine kinase PmrB,COLISTIN,COLISTIN
pmrB,two-component system sensor histidine kinase PmrB,COLISTIN,COLISTIN
pmrB,two-component system sensor histidine kinase PmrB,COLISTIN,COLISTIN
pmrB,two-component system sensor histidine kinase PmrB,COLISTIN,COLISTIN
pmrB,two-component system sensor histidine kinase PmrB,COLISTIN,COLISTIN
pmrB,two-component system sensor histidine kinase PmrB,COLISTIN,COLISTIN
pmrB,two-component system sensor histidine kinase PmrB,COLISTIN,COLISTIN
pmrB,two-component system sensor histidine kinase PmrB,COLISTIN,COLISTIN
pmrB,two-component system sensor histidine kinase PmrB,COLISTIN,COLISTIN
pmrB,two-component system sensor histidine kinase PmrB,COLISTIN,COLISTIN
pmrB,two-component system sensor histidine kinase PmrB,COLISTIN,COLISTIN
pmrB,two-component system sensor histidine kinase PmrB,COLISTIN,COLISTIN
pmrB,two-component system sensor histidine kinase PmrB,COLISTIN,COLISTIN
pmrB,two-component system sensor histidine kinase PmrB,COLISTIN,COLISTIN
pmrB,two-component system sensor histidine kinase PmrB,COLISTIN,COLISTIN
pmrB,two-component system sensor histidine kinase PmrB,COLISTIN,COLISTIN
pmrB,two-component system sensor histidine kinase PmrB,COLISTIN,COLISTIN
pmrB,two-component system sensor histidine kinase PmrB,COLISTIN,COLISTIN
pmrB,two-component system sensor histidine kinase PmrB,COLISTIN,COLISTIN
pmrB,two-component system sensor histidine kinase PmrB,COLISTIN,COLISTIN
pmrB,two-component system sensor histidine kinase PmrB,COLISTIN,COLISTIN
pmrB,two-component system sensor histidine kinase PmrB,COLISTIN,COLISTIN
pmrB,two-component system sensor histidine kinase PmrB,COLISTIN,COLISTIN
pmrB,two-component system sensor histidine kinase PmrB,COLISTIN,COLISTIN
pmrB,two-component system sensor histidine kinase PmrB,COLISTIN,COLISTIN
pmrB,two-component system sensor histidine kinase PmrB,COLISTIN,COLISTIN
pmrB,two-component system sensor histidine kinase PmrB,COLISTIN,COLISTIN
pmrB,two-component system sensor histidine kinase PmrB,COLISTIN,COLISTIN
pmrB,two-component system sensor histidine kinase PmrB,COLISTIN,COLISTIN
pmrB,two-component system sensor histidine kinase PmrB,COLISTIN,COLISTIN
pmrB,two-component system sensor histidine kinase PmrB,COLISTIN,COLISTIN
pmrB,two-component system sensor histidine kinase PmrB,COLISTIN,COLISTIN
pmrB,two-component system sensor histidine kinase PmrB,COLISTIN,COLISTIN
pmrB,two-component system sensor histidine kinase PmrB,COLISTIN,COLISTIN
pmrB,two-component system sensor histidine kinase PmrB,COLISTIN,COLISTIN
pmrB,two-component system sensor histidine kinase PmrB,COLISTIN,COLISTIN
pmrB,two-component system sensor histidine kinase PmrB,COLISTIN,COLISTIN
pmrB,two-component system sensor histidine kinase PmrB,COLISTIN,COLISTIN
pmrB,two-component system sensor histidine kinase PmrB,COLISTIN,COLISTIN
pmrB,two-component system sensor histidine kinase PmrB,COLISTIN,COLISTIN
pmrB,two-component system sensor histidine kinase PmrB,COLISTIN,COLISTIN
pmrB,two-component system sensor histidine kinase PmrB,COLISTIN,COLISTIN
pmrB,two-component system sensor histidine kinase PmrB,COLISTIN,COLISTIN
pmrB,two-component system sensor histidine kinase PmrB,COLISTIN,COLISTIN
pmrB,two-component system sensor histidine kinase PmrB,COLISTIN,COLISTIN
pmrB,two-component system sensor histidine kinase PmrB,COLISTIN,COLISTIN
pmrB,two-component system sensor histidine kinase PmrB,COLISTIN,COLISTIN
pmrC,phosphoethanolamine--lipid A transferase PmrC,COLISTIN,COLISTIN
ponA,penicillin-binding protein 1 PonA,BETA-LACTAM,BETA-LACTAM
porA,group 2 major outer membrane porin protein PorA,BETA-LACTAM,CARBAPENEM
porA,group 2 major outer membrane porin protein PorA,BETA-LACTAM,CARBAPENEM
porB1b,major outer membrane protein porin P.IB,BETA-LACTAM,BETA-LACTAM
porB1b,major outer membrane protein porin P.IB,BETA-LACTAM,BETA-LACTAM
porB1b,major outer membrane protein porin P.IB,BETA-LACTAM,BETA-LACTAM
porB1b,major outer membrane protein porin P.IB,BETA-LACTAM,BETA-LACTAM
porB1b,major outer membrane protein porin P.IB,BETA-LACTAM,BETA-LACTAM
porB1b,major outer membrane protein porin P.IB,BETA-LACTAM/QUINOLONE/TETRACYCLINE,CEPHALOSPORIN/QUINOLONE/TETRACYCLINE
porB1b,major outer membrane protein porin P.IB,BETA-LACTAM,BETA-LACTAM
porB1b,major outer membrane protein porin P.IB,BETA-LACTAM,BETA-LACTAM
porB1b,major outer membrane protein porin P.IB,BETA-LACTAM,BETA-LACTAM
porB1b,major outer membrane protein porin P.IB,BETA-LACTAM,BETA-LACTAM
poxtA,ABC-F type ribosomal protection protein PoxtA2,OXAZOLIDINONE/PHENICOL,CHLORAMPHENICOL/FLORFENICOL/LINEZOLID
ptsI,phosphoenolpyruvate--protein phosphotransferase PtsI,FOSFOMYCIN,FOSFOMYCIN
qacE,quaternary ammonium compound efflux SMR transporter QacE delta 1,QUATERNARY AMMONIUM,QUATERNARY AMMONIUM
qepA,fluoroquinolone efflux MFS transporter QepA10,QUINOLONE,QUINOLONE
qepA,fluoroquinolone efflux MFS transporter QepA1,QUINOLONE,QUINOLONE
qepA,fluoroquinolone efflux MFS transporter QepA2,QUINOLONE,QUINOLONE
qepA,fluoroquinolone efflux MFS transporter QepA3,QUINOLONE,QUINOLONE
qepA,fluoroquinolone efflux MFS transporter QepA4,QUINOLONE,QUINOLONE
qepA,fluoroquinolone efflux MFS transporter QepA5,QUINOLONE,QUINOLONE
qepA,fluoroquinolone efflux MFS transporter QepA6,QUINOLONE,QUINOLONE
qepA,fluoroquinolone efflux MFS transporter QepA7,QUINOLONE,QUINOLONE
qepA,fluoroquinolone efflux MFS transporter QepA8,QUINOLONE,QUINOLONE
qepA,fluoroquinolone efflux MFS transporter QepA9,QUINOLONE,QUINOLONE
qnrA,quinolone resistance pentapeptide repeat protein QnrA10,QUINOLONE,QUINOLONE
qnrA,quinolone resistance pentapeptide repeat protein QnrA11,QUINOLONE,QUINOLONE
qnrA,quinolone resistance pentapeptide repeat protein QnrA12,QUINOLONE,QUINOLONE
qnrA,quinolone resistance pentapeptide repeat protein QnrA13,QUINOLONE,QUINOLONE
qnrA,quinolone resistance pentapeptide repeat protein QnrA1,QUINOLONE,QUINOLONE
qnrA,quinolone resistance pentapeptide repeat protein QnrA2,QUINOLONE,QUINOLONE
qnrA,quinolone resistance pentapeptide repeat protein QnrA3,QUINOLONE,QUINOLONE
qnrA,quinolone resistance pentapeptide repeat protein QnrA4,QUINOLONE,QUINOLONE
qnrA,quinolone resistance pentapeptide repeat protein QnrA5,QUINOLONE,QUINOLONE
qnrA,quinolone resistance pentapeptide repeat protein QnrA6,QUINOLONE,QUINOLONE
qnrA,quinolone resistance pentapeptide repeat protein QnrA7,QUINOLONE,QUINOLONE
qnrA,quinolone resistance pentapeptide repeat protein QnrA9,QUINOLONE,QUINOLONE
qnrB,quinolone resistance pentapeptide repeat protein QnrB10,QUINOLONE,QUINOLONE
qnrB,quinolone resistance pentapeptide repeat protein QnrB11,QUINOLONE,QUINOLONE
qnrB,quinolone resistance pentapeptide repeat protein QnrB12,QUINOLONE,QUINOLONE
qnrB,quinolone resistance pentapeptide repeat protein QnrB13,QUINOLONE,QUINOLONE
qnrB,quinolone resistance pentapeptide repeat protein QnrB14,QUINOLONE,QUINOLONE
qnrB,quinolone resistance pentapeptide repeat protein QnrB15,QUINOLONE,QUINOLONE
qnrB,quinolone resistance pentapeptide repeat protein QnrB16,QUINOLONE,QUINOLONE
qnrB,quinolone resistance pentapeptide repeat protein QnrB17,QUINOLONE,QUINOLONE
qnrB,quinolone resistance pentapeptide repeat protein QnrB18,QUINOLONE,QUINOLONE
qnrB,quinolone resistance pentapeptide repeat protein QnrB19,QUINOLONE,QUINOLONE
qnrB,quinolone resistance pentapeptide repeat protein QnrB1,QUINOLONE,QUINOLONE
qnrB,quinolone resistance pentapeptide repeat protein QnrB20,QUINOLONE,QUINOLONE
qnrB,quinolone resistance pentapeptide repeat protein QnrB21,QUINOLONE,QUINOLONE
qnrB,quinolone resistance pentapeptide repeat protein QnrB22,QUINOLONE,QUINOLONE
qnrB,quinolone resistance pentapeptide repeat protein QnrB23,QUINOLONE,QUINOLONE
qnrB,quinolone resistance pentapeptide repeat protein QnrB24,QUINOLONE,QUINOLONE
qnrB,quinolone resistance pentapeptide repeat protein QnrB25,QUINOLONE,QUINOLONE
qnrB,quinolone resistance pentapeptide repeat protein QnrB26,QUINOLONE,QUINOLONE
qnrB,quinolone resistance pentapeptide repeat protein QnrB27,QUINOLONE,QUINOLONE
qnrB,quinolone resistance pentapeptide repeat protein QnrB28,QUINOLONE,QUINOLONE
qnrB,quinolone resistance pentapeptide repeat protein QnrB29,QUINOLONE,QUINOLONE
qnrB,quinolone resistance pentapeptide repeat protein QnrB2,QUINOLONE,QUINOLONE
qnrB,quinolone resistance pentapeptide repeat protein QnrB30,QUINOLONE,QUINOLONE
qnrB,quinolone resistance pentapeptide repeat protein QnrB31,QUINOLONE,QUINOLONE
qnrB,quinolone resistance pentapeptide repeat protein QnrB32,QUINOLONE,QUINOLONE
qnrB,quinolone resistance pentapeptide repeat protein QnrB33,QUINOLONE,QUINOLONE
qnrB,quinolone resistance pentapeptide repeat protein QnrB34,QUINOLONE,QUINOLONE
qnrB,quinolone resistance pentapeptide repeat protein QnrB35,QUINOLONE,QUINOLONE
qnrB,quinolone resistance pentapeptide repeat protein QnrB36,QUINOLONE,QUINOLONE
qnrB,quinolone resistance pentapeptide repeat protein QnrB37,QUINOLONE,QUINOLONE
qnrB,quinolone resistance pentapeptide repeat protein QnrB38,QUINOLONE,QUINOLONE
qnrB,quinolone resistance pentapeptide repeat protein QnrB39,QUINOLONE,QUINOLONE
qnrB,quinolone resistance pentapeptide repeat protein QnrB3,QUINOLONE,QUINOLONE
qnrB,quinolone resistance pentapeptide repeat protein QnrB40,QUINOLONE,QUINOLONE
qnrB,quinolone resistance pentapeptide repeat protein QnrB41,QUINOLONE,QUINOLONE
qnrB,quinolone resistance pentapeptide repeat protein QnrB42,QUINOLONE,QUINOLONE
qnrB,quinolone resistance pentapeptide repeat protein QnrB43,QUINOLONE,QUINOLONE
qnrB,quinolone resistance pentapeptide repeat protein QnrB44,QUINOLONE,QUINOLONE
qnrB,quinolone resistance pentapeptide repeat protein QnrB45,QUINOLONE,QUINOLONE
qnrB,quinolone resistance pentapeptide repeat protein QnrB46,QUINOLONE,QUINOLONE
qnrB,quinolone resistance pentapeptide repeat protein QnrB47,QUINOLONE,QUINOLONE
qnrB,quinolone resistance pentapeptide repeat protein QnrB48,QUINOLONE,QUINOLONE
qnrB,quinolone resistance pentapeptide repeat protein QnrB49,QUINOLONE,QUINOLONE
qnrB,quinolone resistance pentapeptide repeat protein QnrB4,QUINOLONE,QUINOLONE
qnrB,quinolone resistance pentapeptide repeat protein QnrB50,QUINOLONE,QUINOLONE
qnrB,quinolone resistance pentapeptide repeat protein QnrB52,QUINOLONE,QUINOLONE
qnrB,quinolone resistance pentapeptide repeat protein QnrB53,QUINOLONE,QUINOLONE
qnrB,quinolone resistance pentapeptide repeat protein QnrB54,QUINOLONE,QUINOLONE
qnrB,quinolone resistance pentapeptide repeat protein QnrB55,QUINOLONE,QUINOLONE
qnrB,quinolone resistance pentapeptide repeat protein QnrB56,QUINOLONE,QUINOLONE
qnrB,quinolone resistance pentapeptide repeat protein QnrB57,QUINOLONE,QUINOLONE
qnrB,quinolone resistance pentapeptide repeat protein QnrB58,QUINOLONE,QUINOLONE
qnrB,quinolone resistance pentapeptide repeat protein QnrB59,QUINOLONE,QUINOLONE
qnrB,quinolone resistance pentapeptide repeat protein QnrB5,QUINOLONE,QUINOLONE
qnrB,quinolone resistance pentapeptide repeat protein QnrB60,QUINOLONE,QUINOLONE
qnrB,quinolone resistance pentapeptide repeat protein QnrB61,QUINOLONE,QUINOLONE
qnrB,quinolone resistance pentapeptide repeat protein QnrB62,QUINOLONE,QUINOLONE
qnrB,quinolone resistance pentapeptide repeat protein QnrB64,QUINOLONE,QUINOLONE
qnrB,quinolone resistance pentapeptide repeat protein QnrB65,QUINOLONE,QUINOLONE
qnrB,quinolone resistance pentapeptide repeat protein QnrB66,QUINOLONE,QUINOLONE
qnrB,quinolone resistance pentapeptide repeat protein QnrB67,QUINOLONE,QUINOLONE
qnrB,quinolone resistance pentapeptide repeat protein QnrB68,QUINOLONE,QUINOLONE
qnrB,quinolone resistance pentapeptide repeat protein QnrB69,QUINOLONE,QUINOLONE
qnrB,quinolone resistance pentapeptide repeat protein QnrB6,QUINOLONE,QUINOLONE
qnrB,quinolone resistance pentapeptide repeat protein QnrB70,QUINOLONE,QUINOLONE
qnrB,quinolone resistance pentapeptide repeat protein QnrB71,QUINOLONE,QUINOLONE
qnrB,quinolone resistance pentapeptide repeat protein QnrB72,QUINOLONE,QUINOLONE
qnrB,quinolone resistance pentapeptide repeat protein QnrB73,QUINOLONE,QUINOLONE
qnrB,quinolone resistance pentapeptide repeat protein QnrB74,QUINOLONE,QUINOLONE
qnrB,quinolone resistance pentapeptide repeat protein QnrB75,QUINOLONE,QUINOLONE
qnrB,quinolone resistance pentapeptide repeat protein QnrB77,QUINOLONE,QUINOLONE
qnrB,quinolone resistance pentapeptide repeat protein QnrB78,QUINOLONE,QUINOLONE
qnrB,quinolone resistance pentapeptide repeat protein QnrB7,QUINOLONE,QUINOLONE
qnrB,quinolone resistance pentapeptide repeat protein QnrB80,QUINOLONE,QUINOLONE
qnrB,quinolone resistance pentapeptide repeat protein QnrB81,QUINOLONE,QUINOLONE
qnrB,quinolone resistance pentapeptide repeat protein QnrB82,QUINOLONE,QUINOLONE
qnrB,quinolone resistance pentapeptide repeat protein QnrB84,QUINOLONE,QUINOLONE
qnrB,quinolone resistance pentapeptide repeat protein QnrB85,QUINOLONE,QUINOLONE
qnrB,quinolone resistance pentapeptide repeat protein QnrB89,QUINOLONE,QUINOLONE
qnrB,quinolone resistance pentapeptide repeat protein QnrB8,QUINOLONE,QUINOLONE
qnrB,quinolone resistance pentapeptide repeat protein QnrB90,QUINOLONE,QUINOLONE
qnrB,quinolone resistance pentapeptide repeat protein QnrB91,QUINOLONE,QUINOLONE
qnrB,quinolone resistance pentapeptide repeat protein QnrB93,QUINOLONE,QUINOLONE
qnrB,quinolone resistance pentapeptide repeat protein QnrB94,QUINOLONE,QUINOLONE
qnrB,quinolone resistance pentapeptide repeat protein QnrB95,QUINOLONE,QUINOLONE
qnrB,quinolone resistance pentapeptide repeat protein QnrB96,QUINOLONE,QUINOLONE
qnrB,quinolone resistance pentapeptide repeat protein QnrB97,QUINOLONE,QUINOLONE
qnrB,quinolone resistance pentapeptide repeat protein QnrB98,QUINOLONE,QUINOLONE
qnrB,quinolone resistance pentapeptide repeat protein QnrB99,QUINOLONE,QUINOLONE
qnrB,quinolone resistance pentapeptide repeat protein QnrB9,QUINOLONE,QUINOLONE
qnrD,quinolone resistance pentapeptide repeat protein QnrD1,QUINOLONE,QUINOLONE
qnrD,quinolone resistance pentapeptide repeat protein QnrD2,QUINOLONE,QUINOLONE
qnrD,quinolone resistance pentapeptide repeat protein QnrD3,QUINOLONE,QUINOLONE
qnrE,quinolone resistance pentapeptide repeat protein QnrE1,QUINOLONE,QUINOLONE
qnrE,quinolone resistance pentapeptide repeat protein QnrE2,QUINOLONE,QUINOLONE
qnrE,quinolone resistance pentapeptide repeat protein QnrE3,QUINOLONE,QUINOLONE
qnrE,quinolone resistance pentapeptide repeat protein QnrE4,QUINOLONE,QUINOLONE
qnrE,quinolone resistance pentapeptide repeat protein QnrE5,QUINOLONE,QUINOLONE
qnrE,quinolone resistance pentapeptide repeat protein QnrE6,QUINOLONE,QUINOLONE
qnrE,quinolone resistance pentapeptide repeat protein QnrE7,QUINOLONE,QUINOLONE
qnrS,quinolone resistance pentapeptide repeat protein QnrS10,QUINOLONE,QUINOLONE
qnrS,quinolone resistance pentapeptide repeat protein QnrS11,QUINOLONE,QUINOLONE
qnrS,quinolone resistance pentapeptide repeat protein QnrS12,QUINOLONE,QUINOLONE
qnrS,quinolone resistance pentapeptide repeat protein QnrS13,QUINOLONE,QUINOLONE
qnrS,quinolone resistance pentapeptide repeat protein QnrS14,QUINOLONE,QUINOLONE
qnrS,quinolone resistance pentapeptide repeat protein QnrS15,QUINOLONE,QUINOLONE
qnrS,quinolone resistance pentapeptide repeat protein QnrS1,QUINOLONE,QUINOLONE
qnrS,quinolone resistance pentapeptide repeat protein QnrS2,QUINOLONE,QUINOLONE
qnrS,quinolone resistance pentapeptide repeat protein QnrS4,QUINOLONE,QUINOLONE
qnrS,quinolone resistance pentapeptide repeat protein QnrS5,QUINOLONE,QUINOLONE
qnrS,quinolone resistance pentapeptide repeat protein QnrS6,QUINOLONE,QUINOLONE
qnrS,quinolone resistance pentapeptide repeat protein QnrS7,QUINOLONE,QUINOLONE
qnrS,quinolone resistance pentapeptide repeat protein QnrS8,QUINOLONE,QUINOLONE
qnrS,quinolone resistance pentapeptide repeat protein QnrS9,QUINOLONE,QUINOLONE
qnrVC,quinolone resistance pentapeptide repeat protein QnrVC10,QUINOLONE,QUINOLONE
qnrVC,quinolone resistance pentapeptide repeat protein QnrVC1,QUINOLONE,QUINOLONE
qnrVC,quinolone resistance pentapeptide repeat protein QnrVC3,QUINOLONE,QUINOLONE
qnrVC,quinolone resistance pentapeptide repeat protein QnrVC4,QUINOLONE,QUINOLONE
qnrVC,quinolone resistance pentapeptide repeat protein QnrVC5,QUINOLONE,QUINOLONE
qnrVC,quinolone resistance pentapeptide repeat protein QnrVC6,QUINOLONE,QUINOLONE
qnrVC,quinolone resistance pentapeptide repeat protein QnrVC7,QUINOLONE,QUINOLONE
qnrVC,quinolone resistance pentapeptide repeat protein QnrVC8,QUINOLONE,QUINOLONE
qnrVC,quinolone resistance pentapeptide repeat protein QnrVC9,QUINOLONE,QUINOLONE
ramR,TetR/AcrR family transcriptional regulator RamR,TETRACYCLINE,TIGECYCLINE
ramR,TetR/AcrR family transcriptional regulator RamR,TETRACYCLINE,TIGECYCLINE
ramR,TetR/AcrR family transcriptional regulator RamR,TETRACYCLINE,TIGECYCLINE
ramR,TetR/AcrR family transcriptional regulator RamR,BETA-LACTAM/PHENICOL/QUINOLONE/TETRACYCLINE,CHLORAMPHENICOL/QUINOLONE/TEMOCILLIN/TIGECYCLINE
ramR,TetR/AcrR family transcriptional regulator RamR,MULTIDRUG,AMPICILLIN/CHLORAMPHENICOL/QUINOLONE/RIFAMPIN/TETRACYCLINE
ramR,TetR/AcrR family transcriptional regulator RamR,MULTIDRUG,AMPICILLIN/CHLORAMPHENICOL/QUINOLONE/RIFAMPIN/TETRACYCLINE
ramR,TetR/AcrR family transcriptional regulator RamR,TETRACYCLINE,TIGECYCLINE
ramR,TetR/AcrR family transcriptional regulator RamR,TETRACYCLINE,TIGECYCLINE
ramR,TetR/AcrR family transcriptional regulator RamR,MULTIDRUG,AMPICILLIN/CHLORAMPHENICOL/QUINOLONE/RIFAMPIN/TETRACYCLINE
ramR,TetR/AcrR family transcriptional regulator RamR,MULTIDRUG,AMPICILLIN/CHLORAMPHENICOL/QUINOLONE/RIFAMPIN/TETRACYCLINE
ramR,TetR/AcrR family transcriptional regulator RamR,TETRACYCLINE,TIGECYCLINE
ramR,TetR/AcrR family transcriptional regulator RamR,MULTIDRUG,AMPICILLIN/CHLORAMPHENICOL/QUINOLONE/RIFAMPIN/TETRACYCLINE
ramR,TetR/AcrR family transcriptional regulator RamR,TETRACYCLINE,TIGECYCLINE
ramR,TetR/AcrR family transcriptional regulator RamR,MULTIDRUG,AMPICILLIN/CHLORAMPHENICOL/QUINOLONE/RIFAMPIN/TETRACYCLINE
ramR,TetR/AcrR family transcriptional regulator RamR,MULTIDRUG,AMPICILLIN/CHLORAMPHENICOL/QUINOLONE/RIFAMPIN/TETRACYCLINE
rmtB,16S rRNA (guanine(1405)-N(7))-methyltransferase RmtB1,AMINOGLYCOSIDE,AMINOGLYCOSIDE
rmtB,16S rRNA (guanine(1405)-N(7))-methyltransferase RmtB2,AMINOGLYCOSIDE,AMINOGLYCOSIDE
rmtB,16S rRNA (guanine(1405)-N(7))-methyltransferase RmtB3,AMINOGLYCOSIDE,AMINOGLYCOSIDE
rmtB,16S rRNA (guanine(1405)-N(7))-methyltransferase RmtB4,AMINOGLYCOSIDE,AMINOGLYCOSIDE
rmtD,16S rRNA (guanine(1405)-N(7))-methyltransferase RmtD1,AMINOGLYCOSIDE,AMINOGLYCOSIDE
rmtD,16S rRNA (guanine(1405)-N(7))-methyltransferase RmtD2,AMINOGLYCOSIDE,AMINOGLYCOSIDE
rmtE,16S rRNA (guanine(1405)-N(7))-methyltransferase RmtE1,AMINOGLYCOSIDE,AMINOGLYCOSIDE
rmtE,16S rRNA (guanine(1405)-N(7))-methyltransferase RmtE2,AMINOGLYCOSIDE,AMINOGLYCOSIDE
rmtF,16S rRNA (guanine(1405)-N(7))-methyltransferase RmtF1,AMINOGLYCOSIDE,AMINOGLYCOSIDE
rmtF,16S rRNA (guanine(1405)-N(7))-methyltransferase RmtF2,AMINOGLYCOSIDE,AMINOGLYCOSIDE
rplB,50S ribosomal protein L2 RplB,AMINOGLYCOSIDE,TOBRAMYCIN
rplB,50S ribosomal protein L2 RplB,AMINOGLYCOSIDE,AMIKACIN
rplC,50S ribosomal protein L3 RplC,OXAZOLIDINONE,LINEZOLID
rplC,50S ribosomal protein L3 RplC,OXAZOLIDINONE,LINEZOLID
rplC,50S ribosomal protein L3 RplC,OXAZOLIDINONE,LINEZOLID
rplC,50S ribosomal protein L3 RplC,OXAZOLIDINONE,LINEZOLID
rplC,50S ribosomal protein L3 RplC,OXAZOLIDINONE,LINEZOLID
rplD,50S ribosomal protein L4,MACROLIDE,AZITHROMYCIN
rplD,50S ribosomal protein L4,MACROLIDE,ERYTHROMYCIN/TYLOSIN
rplD,50S ribosomal protein L4,MACROLIDE/OXAZOLIDINONE/PHENICOL,AZITHROMYCIN/CHLORAMPHENICOL/CLARITHROMYCIN/ERYTHROMYCIN/LINEZOLID
rplD,50S ribosomal protein L4,MACROLIDE/OXAZOLIDINONE/PHENICOL,AZITHROMYCIN/CHLORAMPHENICOL/CLARITHROMYCIN/ERYTHROMYCIN/LINEZOLID
rplV,50S ribosomal protein L22,MACROLIDE,ERYTHROMYCIN
rplV,50S ribosomal protein L22,MACROLIDE,MACROLIDE
rplV,50S ribosomal protein L22,MACROLIDE,MACROLIDE
rplV,50S ribosomal protein L22,MACROLIDE,MACROLIDE
rplV,50S ribosomal protein L22,MACROLIDE,MACROLIDE
rplV,50S ribosomal protein L22,MACROLIDE,MACROLIDE
rplV,50S ribosomal protein L22,MACROLIDE,MACROLIDE
rplV,50S ribosomal protein L22,MACROLIDE,MACROLIDE
rplV,50S ribosomal protein L22,MACROLIDE,MACROLIDE
rplV,50S ribosomal protein L22,MACROLIDE,MACROLIDE
rplV,50S ribosomal protein L22,MACROLIDE,MACROLIDE
rplV,50S ribosomal protein L22,MACROLIDE,ERYTHROMYCIN/TYLOSIN
rplV,50S ribosomal protein L22,MACROLIDE,ERYTHROMYCIN/TYLOSIN
rplV,50S ribosomal protein L22,MACROLIDE,AZITHROMYCIN
rplV,50S ribosomal protein L22,MACROLIDE,AZITHROMYCIN
rplV,50S ribosomal protein L22,MACROLIDE,ERYTHROMYCIN/TYLOSIN
rplV,50S ribosomal protein L22,MACROLIDE,ERYTHROMYCIN/TYLOSIN
rpoB,DNA-directed RNA polymerase subunit beta RpoB,LIPOPEPTIDE,DAPTOMYCIN
rpoB,DNA-directed RNA polymerase subunit beta RpoB,RIFAMYCIN,RIFAMPIN
rpoB,DNA-directed RNA polymerase subunit beta RpoB,RIFAMYCIN,RIFAMPIN
rpoB,DNA-directed RNA polymerase subunit beta RpoB,RIFAMYCIN,RIFAMPIN
rpoB,DNA-directed RNA polymerase subunit beta RpoB,RIFAMYCIN,RIFAMPIN
rpoB,DNA-directed RNA polymerase subunit beta RpoB,RIFAMYCIN,RIFAMPIN
rpoB,DNA-directed RNA polymerase subunit beta RpoB,RIFAMYCIN,RIFAMPIN
rpoB,DNA-directed RNA polymerase subunit beta RpoB,BETA-LACTAM/RIFAMYCIN,BETA-LACTAM/RIFAMPIN
rpoB,DNA-directed RNA polymerase subunit beta RpoB,LIPOPEPTIDE,DAPTOMYCIN
rpoB,DNA-directed RNA polymerase subunit beta RpoB,RIFAMYCIN,RIFAMPIN
rpoB,DNA-directed RNA polymerase subunit beta RpoB,RIFAMYCIN,RIFAMPIN
rpoB,DNA-directed RNA polymerase subunit beta RpoB,RIFAMYCIN,RIFAMPIN
rpoB,DNA-directed RNA polymerase subunit beta RpoB,RIFAMYCIN,RIFAXIMIN
rpoB,DNA-directed RNA polymerase subunit beta RpoB,RIFAMYCIN,RIFAXIMIN
rpoB,DNA-directed RNA polymerase subunit beta RpoB,RIFAMYCIN,RIFAXIMIN
rpoB,DNA-directed RNA polymerase subunit beta RpoB,RIFAMYCIN,RIFAMPIN
rpoB,DNA-directed RNA polymerase subunit beta RpoB,RIFAMYCIN,RIFAMPIN
rpoB,DNA-directed RNA polymerase subunit beta RpoB,RIFAMYCIN,RIFAMPIN
rpoB,DNA-directed RNA polymerase subunit beta RpoB,BETA-LACTAM,BETA-LACTAM
rpoB,DNA-directed RNA polymerase subunit beta RpoB,BETA-LACTAM,BETA-LACTAM
rpoB,DNA-directed RNA polymerase subunit beta RpoB,BETA-LACTAM,CEPHALOSPORIN
rpoB,DNA-directed RNA polymerase subunit beta RpoB,LIPOPEPTIDE/RIFAMYCIN,DAPTOMYCIN/RIFAXIMIN
rpoB,DNA-directed RNA polymerase subunit beta RpoB,RIFAMYCIN,RIFAXIMIN
rpoB,DNA-directed RNA polymerase subunit beta RpoB,BETA-LACTAM,BETA-LACTAM
rpoB,DNA-directed RNA polymerase subunit beta RpoB,RIFAMYCIN,RIFAMPIN
rpoB,DNA-directed RNA polymerase subunit beta RpoB,RIFAMYCIN,RIFAMPIN
rpoB,DNA-directed RNA polymerase subunit beta RpoB,RIFAMYCIN,RIFAMPIN
rpoB,DNA-directed RNA polymerase subunit beta RpoB,RIFAMYCIN,RIFAMPIN
rpoB,DNA-directed RNA polymerase subunit beta RpoB,LIPOPEPTIDE/RIFAMYCIN,DAPTOMYCIN/RIFAXIMIN
rpoB,DNA-directed RNA polymerase subunit beta RpoB,RIFAMYCIN,RIFAXIMIN
rpoB,DNA-directed RNA polymerase subunit beta RpoB,RIFAMYCIN,RIFAMPIN
rpoB,DNA-directed RNA polymerase subunit beta RpoB,RIFAMYCIN,RIFAXIMIN
rpoB,DNA-directed RNA polymerase subunit beta RpoB,RIFAMYCIN,RIFAXIMIN
rpoB,DNA-directed RNA polymerase subunit beta RpoB,RIFAMYCIN,RIFAMPIN
rpoB,DNA-directed RNA polymerase subunit beta RpoB,RIFAMYCIN,RIFAMYCIN
rpoB,DNA-directed RNA polymerase subunit beta RpoB,RIFAMYCIN,RIFAMPIN
rpoB,DNA-directed RNA polymerase subunit beta RpoB,RIFAMYCIN,RIFAMPIN
rpoB,DNA-directed RNA polymerase subunit beta RpoB,RIFAMYCIN,RIFAMPIN
rpoB,DNA-directed RNA polymerase subunit beta RpoB,RIFAMYCIN,RIFAMPIN
rpoB,DNA-directed RNA polymerase subunit beta RpoB,BETA-LACTAM,BETA-LACTAM
rpoB,DNA-directed RNA polymerase subunit beta RpoB,RIFAMYCIN,RIFAMPIN
rpoB,DNA-directed RNA polymerase subunit beta RpoB,RIFAMYCIN,RIFAMPIN
rpoB,DNA-directed RNA polymerase subunit beta RpoB,RIFAMYCIN,RIFAMPIN
rpoB,DNA-directed RNA polymerase subunit beta RpoB,RIFAMYCIN,RIFAMYCIN
rpoB,DNA-directed RNA polymerase subunit beta RpoB,RIFAMYCIN,RIFAMYCIN
rpoB,DNA-directed RNA polymerase subunit beta RpoB,RIFAMYCIN,RIFAMYCIN
rpoB,DNA-directed RNA polymerase subunit beta RpoB,LIPOPEPTIDE,DAPTOMYCIN
rpoB,DNA-directed RNA polymerase subunit beta RpoB,RIFAMYCIN,RIFAMPIN
rpoB,DNA-directed RNA polymerase subunit beta RpoB,RIFAMYCIN,RIFAMPIN
rpoB,DNA-directed RNA polymerase subunit beta RpoB,RIFAMYCIN,RIFAMYCIN
rpoB,DNA-directed RNA polymerase subunit beta RpoB,RIFAMYCIN,RIFAMPIN
rpoB,DNA-directed RNA polymerase subunit beta RpoB,RIFAMYCIN,RIFAXIMIN
rpoB,DNA-directed RNA polymerase subunit beta RpoB,RIFAMYCIN,RIFAMPIN
rpoB,DNA-directed RNA polymerase subunit beta RpoB,RIFAMYCIN,RIFAMPIN
rpoB,DNA-directed RNA polymerase subunit beta RpoB,RIFAMYCIN,RIFAMPIN
rpoB,DNA-directed RNA polymerase subunit beta RpoB,RIFAMYCIN,RIFAMPIN
rpoB,DNA-directed RNA polymerase subunit beta RpoB,RIFAMYCIN,RIFAMPIN
rpoB,DNA-directed RNA polymerase subunit beta RpoB,BETA-LACTAM,BETA-LACTAM
rpoB,DNA-directed RNA polymerase subunit beta RpoB,BETA-LACTAM,CEPHALOSPORIN
rpoB,DNA-directed RNA polymerase subunit beta RpoB,RIFAMYCIN,RIFAMYCIN
rpoB,DNA-directed RNA polymerase subunit beta RpoB,RIFAMYCIN,RIFAMYCIN
rpoB,DNA-directed RNA polymerase subunit beta RpoB,MACROLIDE,FIDAXOMICIN
rpoB,DNA-directed RNA polymerase subunit beta RpoB,MACROLIDE,FIDAXOMICIN
rpoB,DNA-directed RNA polymerase subunit beta RpoB,RIFAMYCIN,RIFAMPIN
rpoB,DNA-directed RNA polymerase subunit beta RpoB,RIFAMYCIN,RIFAMPIN
rpoB,DNA-directed RNA polymerase subunit beta RpoB,RIFAMYCIN,RIFAMPIN
rpoB,DNA-directed RNA polymerase subunit beta RpoB,RIFAMYCIN,RIFAMPIN
rpoB,DNA-directed RNA polymerase subunit beta RpoB,RIFAMYCIN,RIFAMPIN
rpoB,DNA-directed RNA polymerase subunit beta RpoB,RIFAMYCIN,RIFAMPIN
rpoB,DNA-directed RNA polymerase subunit beta RpoB,RIFAMYCIN,RIFAMPIN
rpoB,DNA-directed RNA polymerase subunit beta RpoB,RIFAMYCIN,RIFAXIMIN
rpoB,DNA-directed RNA polymerase subunit beta RpoB,RIFAMYCIN,RIFAMYCIN
rpoB,DNA-directed RNA polymerase subunit beta RpoB,RIFAMYCIN,RIFAMYCIN
rpoB,DNA-directed RNA polymerase subunit beta RpoB,RIFAMYCIN,RIFAMPIN
rpoB,DNA-directed RNA polymerase subunit beta RpoB,BETA-LACTAM,BETA-LACTAM
rpoB,DNA-directed RNA polymerase subunit beta RpoB,BETA-LACTAM,CEPHALOSPORIN
rpoB,DNA-directed RNA polymerase subunit beta RpoB,RIFAMYCIN,RIFAMPIN
rpoB,DNA-directed RNA polymerase subunit beta RpoB,RIFAMYCIN,RIFAMPIN
rpoB,DNA-directed RNA polymerase subunit beta RpoB,RIFAMYCIN,RIFAMPIN
rpoB,DNA-directed RNA polymerase subunit beta RpoB,RIFAMYCIN,RIFAXIMIN
rpoB,DNA-directed RNA polymerase subunit beta RpoB,RIFAMYCIN,RIFAMYCIN
rpoB,DNA-directed RNA polymerase subunit beta RpoB,RIFAMYCIN,RIFAMYCIN
rpoB,DNA-directed RNA polymerase subunit beta RpoB,BETA-LACTAM,BETA-LACTAM
rpoB,DNA-directed RNA polymerase subunit beta RpoB,RIFAMYCIN,RIFAMYCIN
rpoB,DNA-directed RNA polymerase subunit beta RpoB,RIFAMYCIN,RIFAMYCIN
rpoB,DNA-directed RNA polymerase subunit beta RpoB,RIFAMYCIN,RIFAMYCIN
rpoB,DNA-directed RNA polymerase subunit beta RpoB,RIFAMYCIN,RIFAMYCIN
rpoB,DNA-directed RNA polymerase subunit beta RpoB,RIFAMYCIN,RIFAMPIN
rpoB,DNA-directed RNA polymerase subunit beta RpoB,RIFAMYCIN,RIFAMPIN
rpoB,DNA-directed RNA polymerase subunit beta RpoB,RIFAMYCIN,RIFAMPIN
rpoB,DNA-directed RNA polymerase subunit beta RpoB,RIFAMYCIN,RIFAMPIN
rpoB,DNA-directed RNA polymerase subunit beta RpoB,RIFAMYCIN,RIFAMPIN
rpoB,DNA-directed RNA polymerase subunit beta RpoB,RIFAMYCIN,RIFAMYCIN
rpoB,DNA-directed RNA polymerase subunit beta RpoB,RIFAMYCIN,RIFAXIMIN
rpoB,DNA-directed RNA polymerase subunit beta RpoB,RIFAMYCIN,RIFAXIMIN
rpoB,DNA-directed RNA polymerase subunit beta RpoB,RIFAMYCIN,RIFAMPIN
rpoB,DNA-directed RNA polymerase subunit beta RpoB,RIFAMYCIN,RIFAMYCIN
rpoB,DNA-directed RNA polymerase subunit beta RpoB,RIFAMYCIN,RIFAMPIN
rpoB,DNA-directed RNA polymerase subunit beta RpoB,RIFAMYCIN,RIFAXIMIN
rpoB,DNA-directed RNA polymerase subunit beta RpoB,RIFAMYCIN,RIFAXIMIN
rpoB,DNA-directed RNA polymerase subunit beta RpoB,RIFAMYCIN,RIFAMPIN
rpoB,DNA-directed RNA polymerase subunit beta RpoB,RIFAMYCIN,RIFAMPIN
rpoB,DNA-directed RNA polymerase subunit beta RpoB,RIFAMYCIN,RIFAMYCIN
rpoB,DNA-directed RNA polymerase subunit beta RpoB,MACROLIDE,FIDAXOMICIN
rpoB,DNA-directed RNA polymerase subunit beta RpoB,MACROLIDE,FIDAXOMICIN
rpoB,DNA-directed RNA polymerase subunit beta RpoB,MACROLIDE,FIDAXOMICIN
rpoB,DNA-directed RNA polymerase subunit beta RpoB,MACROLIDE,FIDAXOMICIN
rpoB,DNA-directed RNA polymerase subunit beta RpoB,RIFAMYCIN,RIFAMYCIN
rpoC,DNA-directed RNA polymerase subunit beta RpoC,BETA-LACTAM,BETA-LACTAM
rpoC,DNA-directed RNA polymerase subunit beta RpoC,MACROLIDE,FIDAXOMICIN
rpoC,DNA-directed RNA polymerase subunit beta RpoC,MACROLIDE,FIDAXOMICIN
rpoC,DNA-directed RNA polymerase subunit beta RpoC,GLYCOPEPTIDE,VANCOMYCIN
rpoC,DNA-directed RNA polymerase subunit beta RpoC,BETA-LACTAM,BETA-LACTAM
rpoC,DNA-directed RNA polymerase subunit beta RpoC,LIPOPEPTIDE,DAPTOMYCIN
rpoC,DNA-directed RNA polymerase subunit beta RpoC,BETA-LACTAM,BETA-LACTAM
rpoC,DNA-directed RNA polymerase subunit beta RpoC,BETA-LACTAM,BETA-LACTAM
rpoC,DNA-directed RNA polymerase subunit beta RpoC,BETA-LACTAM,BETA-LACTAM
rpoC,DNA-directed RNA polymerase subunit beta RpoC,MACROLIDE,FIDAXOMICIN
rpoC,DNA-directed RNA polymerase subunit beta RpoC,LIPOPEPTIDE,DAPTOMYCIN
rpoC,DNA-directed RNA polymerase subunit beta RpoC,BETA-LACTAM,BETA-LACTAM
rpoC,DNA-directed RNA polymerase subunit beta RpoC,MACROLIDE,FIDAXOMICIN
rpoC,DNA-directed RNA polymerase subunit beta RpoC,BETA-LACTAM,BETA-LACTAM
rpoC,DNA-directed RNA polymerase subunit beta RpoC,LIPOPEPTIDE,DAPTOMYCIN
rpoD,RNA polymerase sigma factor RpoD,BETA-LACTAM,CEPHALOSPORIN
rpoD,RNA polymerase sigma factor RpoD,BETA-LACTAM,CEPHALOSPORIN
rpsE,30S ribosomal protein S5,AMINOGLYCOSIDE,SPECTINOMYCIN
rpsE,30S ribosomal protein S5,AMINOGLYCOSIDE,SPECTINOMYCIN
rpsE,30S ribosomal protein S5,AMINOGLYCOSIDE,SPECTINOMYCIN
rpsJ,30S ribosomal protein S10,TETRACYCLINE,TIGECYCLINE
rpsJ,30S ribosomal protein S10,TETRACYCLINE,TETRACYCLINE
rpsJ,30S ribosomal protein S10,TETRACYCLINE,TETRACYCLINE
rpsJ,30S ribosomal protein S10,TETRACYCLINE,TETRACYCLINE
rpsJ,30S ribosomal protein S10,TETRACYCLINE,TIGECYCLINE
rpsL,30S ribosomal protein S12 RpsL,AMINOGLYCOSIDE,STREPTOMYCIN
rpsL,30S ribosomal protein S12 RpsL,AMINOGLYCOSIDE,STREPTOMYCIN
rpsL,30S ribosomal protein S12 RpsL,AMINOGLYCOSIDE,STREPTOMYCIN
rpsL,30S ribosomal protein S12 RpsL,AMINOGLYCOSIDE,STREPTOMYCIN
rpsL,30S ribosomal protein S12 RpsL,AMINOGLYCOSIDE,STREPTOMYCIN
rpsL,30S ribosomal protein S12 RpsL,AMINOGLYCOSIDE,STREPTOMYCIN
rseA,anti-sigma-E factor RseA,BETA-LACTAM,CEFTIBUTEN-AVIBACTAM
soxR,redox-sensitive transcriptional activator SoxR,MULTIDRUG,AMPICILLIN/CHLORAMPHENICOL/QUINOLONE/RIFAMPIN/TETRACYCLINE
soxR,redox-sensitive transcriptional activator SoxR,MULTIDRUG,AMPICILLIN/CHLORAMPHENICOL/QUINOLONE/RIFAMPIN/TETRACYCLINE
soxR,redox-sensitive transcriptional activator SoxR,MULTIDRUG,AMPICILLIN/CHLORAMPHENICOL/QUINOLONE/RIFAMPIN/TETRACYCLINE
soxR,redox-sensitive transcriptional activator SoxR,MULTIDRUG,AMPICILLIN/CHLORAMPHENICOL/QUINOLONE/RIFAMPIN/TETRACYCLINE
soxS,regulatory protein SoxS,MULTIDRUG,AMPICILLIN/CHLORAMPHENICOL/QUINOLONE/RIFAMPIN/TETRACYCLINE
soxS,regulatory protein SoxS,MULTIDRUG,AMPICILLIN/CHLORAMPHENICOL/QUINOLONE/RIFAMPIN/TETRACYCLINE
tmexC,multidrug efflux RND transporter periplasmic adaptor subunit TMexC1,TETRACYCLINE,TIGECYCLINE
tmexC,multidrug efflux RND transporter periplasmic adaptor subunit TMexC2,TETRACYCLINE,TIGECYCLINE
tmexC,multidrug efflux RND transporter periplasmic adaptor subunit TMexC3,TETRACYCLINE,TIGECYCLINE
tmexD,multidrug efflux RND transporter permease subunit TMexD1,TETRACYCLINE,TIGECYCLINE
tmexD,multidrug efflux RND transporter permease subunit TMexD2,TETRACYCLINE,TIGECYCLINE
tmexD,multidrug efflux RND transporter permease subunit TMexD3,TETRACYCLINE,TIGECYCLINE
toprJ,multidrug efflux transporter outer membrane subunit TOprJ1,TETRACYCLINE,TIGECYCLINE
toprJ,multidrug efflux transporter outer membrane subunit TOprJ2,TETRACYCLINE,TIGECYCLINE
tufA,translation elongation factor EF-Tu 1,POLYKETIDE,KIRROMYCIN
tufA,translation elongation factor EF-Tu 1,POLYKETIDE,KIRROMYCIN
tufA,translation elongation factor EF-Tu 1,POLYKETIDE,KIRROMYCIN
tufA,translation elongation factor EF-Tu 1,POLYKETIDE,KIRROMYCIN
tufA,translation elongation factor EF-Tu 1,POLYKETIDE,KIRROMYCIN
tufA,translation elongation factor EF-Tu 1,POLYKETIDE,KIRROMYCIN
tufA,translation elongation factor EF-Tu 1,POLYKETIDE,KIRROMYCIN
tufA,translation elongation factor EF-Tu 1,POLYKETIDE,KIRROMYCIN
tufA,translation elongation factor EF-Tu 1,POLYKETIDE,KIRROMYCIN
tufA,translation elongation factor EF-Tu 1,POLYKETIDE,KIRROMYCIN
tufA,translation elongation factor EF-Tu 1,POLYKETIDE,PULVOMYCIN
tufA,translation elongation factor EF-Tu 1,POLYKETIDE,PULVOMYCIN
tufA,translation elongation factor EF-Tu 1,POLYKETIDE,PULVOMYCIN
tufA,translation elongation factor EF-Tu 1,POLYKETIDE,PULVOMYCIN
tufA,translation elongation factor EF-Tu 1,POLYKETIDE,PULVOMYCIN
tufA,translation elongation factor EF-Tu 1,POLYKETIDE,PULVOMYCIN
tufA,translation elongation factor EF-Tu 1,POLYKETIDE,KIRROMYCIN
tufA,translation elongation factor EF-Tu 1,POLYKETIDE,KIRROMYCIN
tufA,translation elongation factor EF-Tu 1,POLYKETIDE,KIRROMYCIN
uhpA,DNA-binding response regulator UhpA,FOSFOMYCIN,FOSFOMYCIN
uhpT,hexose phosphate transporter UhpT,FOSFOMYCIN,FOSFOMYCIN
uhpT,hexose phosphate transporter UhpT,FOSFOMYCIN,FOSFOMYCIN
uhpT,hexose phosphate transporter UhpT,FOSFOMYCIN,FOSFOMYCIN
uhpT,hexose phosphate transporter UhpT,FOSFOMYCIN,FOSFOMYCIN
uhpT,hexose phosphate transporter UhpT,FOSFOMYCIN,FOSFOMYCIN
uhpT,hexose phosphate transporter UhpT,FOSFOMYCIN,FOSFOMYCIN
vanR-Cd,vancomycin resistance response regulator transcription factor VanR-Cd,GLYCOPEPTIDE,VANCOMYCIN
vanS-B,VanB-type vancomycin resistance histidine kinase VanS-B-Delta,GLYCOPEPTIDE,VANCOMYCIN
vanS-Cd,VanG-Cd-type vancomycin resistance histidine kinase VanS,GLYCOPEPTIDE,VANCOMYCIN
vanS-Cd,VanG-Cd-type vancomycin resistance histidine kinase VanS,GLYCOPEPTIDE,VANCOMYCIN
vanS-Cd,VanG-Cd-type vancomycin resistance histidine kinase VanS,GLYCOPEPTIDE,VANCOMYCIN
vanS-Cd,VanG-Cd-type vancomycin resistance histidine kinase VanS,GLYCOPEPTIDE,VANCOMYCIN
vanS-Cd,VanG-Cd-type vancomycin resistance histidine kinase VanS,GLYCOPEPTIDE,VANCOMYCIN
vga(A),ABC-F type ribosomal protection protein Vga(A)-LC,LINCOSAMIDE,LINCOSAMIDE
walK,cell wall metabolism sensor histidine kinase WalK,LIPOPEPTIDE,DAPTOMYCIN
walK,cell wall metabolism sensor histidine kinase WalK,LIPOPEPTIDE,DAPTOMYCIN
walK,cell wall metabolism sensor histidine kinase WalK,LIPOPEPTIDE,DAPTOMYCIN
yciV,PHP domain-containing protein YciV,TRIMETHOPRIM-SULFAMETHOXAZOLE,TRIMETHOPRIM-SULFAMETHOXAZOLE
yybT,cyclic dinucleotide phosphodiesterase YybT,LIPOPEPTIDE,DAPTOMYCIN
